# File generated by ImageToStl.com - Free Image and 3D model conversion tools

mtllib Shrimp.mtl

# Cube003_0
o obj1
v -31.58438759 246.28590513 -27.99128234
v -30.24260951 247.48272967 10.27122367
v -28.97369472 250.18445989 -20.07219876
v 18.86035064 262.60110595 -107.95648598
v 21.81744894 252.88150957 -135.32760839
v 15.60201763 265.44202937 -132.81851925
v 18.43781701 261.36912968 -78.26416441
v 23.37306007 251.66038875 -95.51197305
v 8.71448887 273.73661011 -129.12033621
v 10.59229641 267.36046063 -146.44836245
v 8.63891764 275.5459212 -101.87388182
v 13.97213047 270.3372645 -108.74030744
v 8.6820615 275.42498909 -116.01662611
v 16.12496431 254.30397887 10.4655056
v 14.35191243 258.63059324 60.08003062
v 18.54736569 253.84333738 58.8588953
v 22.04294434 247.38541484 11.86171859
v 21.93200927 248.33402767 62.24580061
v 16.22836104 255.34125447 -20.32523048
v 22.0869242 248.35221487 -22.40303683
v 13.53814651 199.42465557 -76.84258323
v 17.92725114 198.48500979 -29.23954639
v -5.79916705 196.52618959 2.95935805
v -22.15817237 198.94317197 -56.482986
v -14.48602915 198.95431684 -77.03860192
v -10.50948431 201.69025162 79.64868717
v -14.87237173 201.0145769 70.7799191
v -10.49017762 198.389533 60.93149695
v -19.06621011 197.96825107 29.90098987
v -33.2991629 238.63800251 -124.14509755
v -32.71771775 241.53133714 -8.19261116
v -32.6028652 247.52863063 -106.13086542
v 4.56322146 196.50571096 21.20745589
v 10.85713794 198.00578652 28.4262747
v 2.68636418 197.03762146 45.43814894
v 18.59702733 200.82121083 8.05648024
v -31.82926164 244.92040595 60.63899042
v -27.33044244 251.38458162 81.38183334
v -27.54452158 252.74932716 60.00821193
v -31.14400011 242.98131501 87.15282264
v -22.24699996 256.15948261 93.43950898
v -17.24750086 261.8883096 78.14058786
v -23.18876164 258.15219943 57.35720313
v -16.84742185 262.81763706 53.71639811
v -14.70861336 196.71118011 11.10011959
v -25.02523135 198.4928285 -21.04154792
v -28.61152492 200.45567656 -9.50159923
v -32.09145344 199.36664618 -28.30274981
v -23.0748912 199.67187059 -84.04269161
v -14.18399028 215.09111549 139.92086984
v -14.83200065 218.95617154 166.62239717
v -16.78224192 215.66867326 135.81263139
v 1.7837844 213.98435271 138.34252523
v 5.91168373 215.2436357 140.7756396
v 3.56067905 218.34795902 167.93910834
v 7.44847099 219.12680437 164.53206934
v 17.68944743 251.74187998 92.29613427
v 11.86621625 250.34685286 135.74303838
v 20.09528469 247.81658317 92.73508547
v 21.9082078 242.21301702 97.6621847
v 8.52564372 215.76171282 136.31914795
v 6.54790982 200.17958936 66.6048619
v -30.6387359 229.3744204 96.2885526
v -30.01901023 237.36918178 102.53680766
v -32.2521578 237.56868711 87.39191474
v -22.806743 230.83364735 132.67416669
v -21.30406172 236.46558931 140.79794136
v -21.4824156 242.77926663 136.77342125
v -29.48466926 242.61467844 100.54480476
v -1.90475708 232.47202006 174.63272856
v -7.75643775 233.7771654 174.30170061
v -8.29595982 232.26380279 174.24617509
v -1.93363061 234.20150946 174.26568525
v -8.41930041 235.01221341 172.52768839
v -18.62439999 202.99555367 70.19722347
v -24.19440364 200.39124455 22.97650177
v 23.26223046 243.07916551 82.87244386
v 24.05680778 237.15918683 87.41887793
v 24.83681816 239.88121115 65.97665325
v 24.68972939 228.24574893 74.18525736
v 25.05040075 230.94429899 51.71509424
v -33.67869878 199.49845669 -51.88063394
v -33.22601399 207.07248883 -82.71300992
v -29.89242064 201.75184535 -85.21330733
v -33.99526065 209.83708853 -53.40987027
v -33.2830294 224.7339686 -7.196001
v -33.29188602 221.71630757 -122.2721506
v 1.47209246 278.21905847 -102.44161514
v -9.71977032 278.07488073 -116.9113137
v -12.64409189 277.68545584 -101.85350603
v -16.90321456 275.43602744 -116.07196731
v -20.15832988 272.69061578 -101.61534558
v -9.50909508 276.0524847 -83.47660143
v -14.63735728 274.56924033 -83.31638679
v -33.15918622 238.75404172 65.94329228
v -18.93260619 251.39252723 140.21424173
v -18.08231085 258.36151387 103.10523581
v -18.93260619 251.39252723 140.21424173
v -22.24699996 256.15948261 93.43950898
v -26.34828112 249.81231246 98.39798328
v 9.84315125 258.36150508 103.10519186
v 9.20219585 252.04585642 144.38742701
v 14.00782168 256.15946504 93.43964959
v 10.36124008 249.68943888 143.00845858
v 12.98553205 224.21899437 135.44504208
v 13.58273937 236.30298405 138.46679102
v 9.03514619 221.14331759 164.75396113
v 21.8255058 237.28794962 102.38965298
v 13.3708255 243.32882037 135.97955571
v 10.31293077 231.1980929 156.71736585
v -32.68770062 210.49581467 -125.1741036
v -31.16050272 205.97807152 -125.84049109
v -21.68708005 131.96782517 -174.77472191
v -20.90732124 107.72285141 -184.04594683
v -15.00175827 128.99118779 -175.12278129
v -25.69904805 111.88879531 -182.6164448
v -25.20781689 98.99628978 -185.36302559
v -20.90732124 107.72285141 -184.04594683
v -15.25606019 89.55028265 -193.30334843
v -14.23431654 110.20053255 -183.57171962
v -15.00175827 128.99118779 -175.12278129
v 7.11081452 121.6895278 -178.18769135
v 7.11081452 121.6895278 -178.18769135
v 10.50378849 130.08690101 -174.8546003
v 6.3902276 225.13354948 171.89748404
v 2.74987375 224.59834865 180.53224084
v 7.75273665 223.01069514 170.12097643
v 5.32539942 221.31581553 174.61028455
v 1.78242658 223.17585053 181.4936857
v 7.83676902 226.61323375 167.01707001
v -17.39238043 162.24010441 -158.5633843
v -14.68195564 154.90642036 -160.75254642
v -10.22296978 162.12369919 -157.6590825
v 1.59621962 201.25897757 78.1550724
v 1.86650179 198.57827071 62.25095878
v 21.3277228 219.43207296 83.26070619
v 15.13150756 210.44462075 85.10752363
v 16.23807014 207.03754673 58.22161344
v 9.00025473 261.91913962 77.8508485
v -31.80540525 203.21236498 -17.1528658
v -27.69221896 210.11826207 45.75282794
v -30.6209963 213.80888591 30.77287268
v -24.19440364 200.39124455 22.97650177
v -21.86105506 206.92680995 75.10329904
v -30.34024319 219.46768693 74.42919247
v -32.36647645 219.14378626 18.01547678
v -8.41930041 235.01221341 172.52768839
v -8.93631485 238.34671869 159.7452324
v -13.13423273 237.89345148 158.63608826
v -12.94566717 234.65633972 167.33004486
v -16.74716041 235.42189592 158.19801696
v 12.05516686 219.60934934 131.66016865
v 18.33629442 225.06075308 110.36353385
v -20.55310723 219.0297603 128.78764661
v -29.36937509 221.98003698 91.20305151
v -26.21180885 213.1160171 79.6069575
v -13.14865412 228.05628881 169.97355727
v -12.21032545 232.44647126 170.82423089
v -16.36641061 230.25225362 165.04695075
v -21.02554418 224.14261805 136.42617297
v -18.91081729 231.80634935 155.33968006
v 25.26172689 207.55333493 -78.10946041
v 25.71982101 209.41325003 -51.98992938
v 25.19137273 199.13032993 -41.79481077
v 24.74688541 200.09189393 -64.30195233
v 21.65324455 201.75184095 -85.21330294
v 24.94652065 216.34056066 -121.7655189
v 25.10396887 224.3403772 -104.69258801
v 24.26773404 205.05287452 -21.35130086
v 18.59702733 200.82121083 8.05648024
v 24.55332523 241.21167224 -12.40899089
v 25.05530913 239.69422281 -121.36235014
v 23.65225103 218.14424057 27.16088961
v 21.33370118 212.57325013 39.0035606
v 20.83210397 204.23985082 9.88105196
v 10.43471745 203.07046251 70.44619295
v 23.86615659 206.1422882 -104.3617858
v 24.40244202 210.55810392 -120.63318969
v -16.7249277 247.43723617 146.24094058
v -18.93463633 249.76442221 141.93596242
v -13.10408542 220.83132729 174.28199889
v -10.33261349 223.43217161 181.49259588
v -14.36444571 222.40987859 174.18291705
v -16.46927894 225.81363382 167.18030779
v -16.99074585 220.78754148 165.13606771
v 8.71448887 273.73661011 -129.12033621
v 10.59229641 267.36046063 -146.44836245
v 6.93138954 269.60483315 -147.51207925
v 2.23278791 277.93321015 -116.40614175
v -8.32125917 248.88127051 172.28299663
v -13.79129141 250.28735862 159.79927974
v -14.55678209 249.44519085 155.50353003
v -9.68140576 249.91647655 169.23002879
v -14.92424697 251.53941178 154.37543747
v -13.79129141 250.28735862 159.79927974
v -14.92424697 251.53941178 154.37543747
v 5.55209555 250.28737619 159.79933247
v 0.88857762 248.82117442 170.39195692
v 10.36124008 249.68943888 143.00845858
v 4.57515844 248.5823444 155.26831468
v 8.52469676 248.08423706 146.90299596
v 5.55209555 250.28737619 159.79933247
v 5.65425531 251.59324155 155.52404204
v 5.55209555 250.28737619 159.79933247
v 9.20219585 252.04585642 144.38742701
v 2.19650622 248.66028187 161.58840825
v -2.09285672 248.1398814 173.43538039
v -11.87913731 248.6854952 156.14786802
v -32.7450478 201.9829991 -148.07266925
v -30.95996227 193.37530199 -149.24942201
v -29.18373774 195.28968109 -140.0026079
v -28.38495072 199.53404174 -130.32497299
v -28.70686479 203.47752772 -122.42885542
v -23.9966887 229.95908595 -190.44624663
v -27.89503344 213.87320718 -195.94515747
v -27.4883279 238.07462462 -176.31883519
v -31.15111879 201.19247017 -194.05576792
v -31.539274 215.46901188 -186.44715912
v -20.13345732 247.8900549 -177.9558712
v -23.9966887 229.95908595 -190.44624663
v -27.4883279 238.07462462 -176.31883519
v 5.32539942 221.31581553 174.61028455
v 0.51440601 221.47713809 179.51323203
v 1.78242658 223.17585053 181.4936857
v -1.41757577 224.25220094 184.54273353
v -6.57095386 224.05353241 184.39503398
v -23.6987211 257.50136726 -155.95522706
v -28.59253955 245.09966387 -162.31107025
v -30.00394014 251.06945991 -141.48599322
v -16.75217206 260.4097627 -164.30616834
v -23.6987211 257.50136726 -155.95522706
v 15.90983714 234.3448703 -186.25759419
v 19.22863725 219.42163554 -193.06878687
v 12.23768868 227.94838112 -195.72363676
v 14.19497394 213.21582164 -202.93788779
v 15.86153113 245.49104908 -174.40618575
v 20.59218883 233.14968796 -178.26095289
v 8.97068252 214.69457899 -206.15936646
v 23.27087834 202.54635298 -135.39574624
v 24.83429806 206.30196793 -149.56500167
v 15.70102012 257.59386641 -154.99921374
v 21.90488136 242.66950255 -160.38664261
v 23.59379869 229.68537099 -172.3225522
v 8.80622217 253.36110939 -174.36983778
v 8.8455672 245.73631718 -183.22034221
v 8.65383282 260.48362132 -164.06284107
v 2.24868741 272.88503719 -142.35283317
v 2.12514028 268.18471545 -154.32891636
v 2.10932482 262.25381892 -165.32051126
v 1.49426091 255.76706739 -174.95110096
v -9.48568141 262.59302881 -165.06126807
v -14.66844551 192.26596762 -129.73602787
v -10.08095636 187.05004019 -139.309264
v 2.28745404 189.27829337 -134.36742773
v -18.15185208 195.97879863 -126.16076887
v -12.38221044 197.5294777 -123.20111777
v -17.18372819 233.41491357 -194.3029586
v -15.12385144 250.83843921 -179.02432512
v 25.04464428 221.21073241 -169.85516109
v -9.74112309 247.90611051 -184.00710691
v -10.47557991 255.37681388 -175.22183951
v -19.93643007 194.58278575 -212.98089358
v -22.04087881 171.49043494 -216.51968593
v -26.30329936 195.14541593 -205.48189275
v -17.15824922 214.60528779 -206.22246789
v -19.93643007 194.58278575 -212.98089358
v -23.48965361 214.04620356 -201.4918101
v -24.75031599 143.6989886 -217.29270053
v -28.15548511 163.90768722 -206.75078927
v 4.53846205 229.72153137 -198.73046508
v 8.97068252 214.69457899 -206.15936646
v 2.33757982 215.44045019 -207.63026314
v 2.75877156 243.73875124 -188.00868732
v -9.7837649 239.00913868 -192.21616468
v 9.08049706 237.53176525 -190.71654705
v 12.23768868 227.94838112 -195.72363676
v -31.36379177 157.40857969 -172.9008327
v -31.12006242 171.99537468 -165.02161716
v -32.48758421 182.7202836 -163.99534149
v -32.2907635 144.5961311 -190.01408446
v -33.00266078 182.28259692 -174.20638642
v -31.40056067 134.97109145 -189.56984166
v -12.06261434 168.65974164 -156.11181492
v -17.36233364 171.15444545 -153.02377273
v -21.47966699 169.56352222 -159.10582067
v 3.40146763 168.69083652 -155.78491777
v -11.63439454 170.82957638 -152.2146416
v -27.43460598 170.8420174 -160.16499366
v -33.32666212 221.2371464 -168.92591754
v 23.94556511 194.84736243 -152.86328975
v 24.28012803 180.35036028 -165.70390514
v -9.61128999 246.0453314 150.71993094
v -11.22064336 247.69015258 151.66854408
v -14.26470938 245.97365204 148.66380799
v 22.88088633 171.99540544 -165.02159958
v 23.12461129 157.40848857 -172.90085907
v 23.16137579 134.97092447 -189.56991196
v 24.051594 144.59633213 -190.01394385
v 24.76348909 182.28269799 -174.20643915
v 14.26663759 195.08015172 -210.36854636
v 20.57189838 198.67058191 -200.36693197
v 14.01244772 176.52904857 -215.31564429
v 18.45247623 206.55724359 -200.95191358
v 19.8686314 162.34208516 -207.07573512
v 17.22268126 131.59759806 -217.98769335
v -8.74082064 224.64021315 183.37333528
v -6.06519887 225.60534914 184.55853503
v -9.26790671 225.79009175 181.49250762
v -8.74082064 224.64021315 183.37333528
v -10.33261349 223.43217161 181.49259588
v -1.41757577 224.25220094 184.54273353
v -6.57095386 224.05353241 184.39503398
v -32.90428888 209.07987196 -183.15871126
v -31.67597477 228.074003 -174.7575912
v 24.21872716 111.56700106 -202.36002717
v 23.80809315 167.64169052 -188.29827366
v 24.65512905 85.93628611 -203.17849626
v 23.22815523 102.88725922 -209.56679139
v -32.45790324 111.567045 -202.36002717
v -32.04727583 167.64177291 -188.2981682
v -32.79572011 84.60966567 -205.26694312
v -31.83277265 110.25965762 -207.97726882
v -32.29483257 86.12784934 -201.77017388
v -30.76758194 103.95982296 -199.25072396
v 21.38360889 132.45520754 -184.78298986
v 19.40121049 125.66960733 -181.18346409
v 18.45438773 100.79718445 -193.77970469
v 16.76356548 85.23678024 -192.01748431
v 17.9660348 81.92394044 -195.02021636
v 22.52843881 103.95982296 -199.25075911
v 11.06290755 143.93223988 -223.87734566
v 11.26539904 123.68615148 -225.48820461
v 14.76489077 102.97529603 -221.94068693
v 11.26539904 123.68615148 -225.48820461
v 14.76489077 102.97529603 -221.94068693
v 8.63559119 100.63835764 -226.81811225
v 4.48340702 122.45610548 -228.88016221
v 2.25701561 99.7025488 -228.53287203
v 8.38239442 169.88733872 -221.46546834
v 11.06290755 143.93223988 -223.87734566
v 3.82605448 142.23008536 -227.54501609
v -9.7597668 121.91550265 -229.25565969
v -19.22789109 143.62565185 -223.9708377
v -22.17268987 123.8373625 -222.81920665
v -24.53434733 104.43123479 -220.46504482
v -29.09378302 123.86638381 -212.50995893
v -16.68819615 170.18083189 -221.37978048
v -16.70550401 100.3335372 -226.8687164
v -19.59672258 77.78075468 -221.53827486
v -24.53434733 104.43123479 -220.46504482
v -27.5212672 190.43270082 -146.27604254
v -22.40633442 191.67996029 -135.52417965
v -28.38495072 199.53404174 -130.32497299
v -24.2302146 198.64689569 -126.80461501
v -28.70686479 203.47752772 -122.42885542
v -17.85006698 188.08683524 -139.33336224
v 1.87107675 195.13152777 -125.38936668
v 6.78455234 198.57118776 -122.97795149
v 10.63529745 201.2916161 -122.7342819
v 15.74278088 198.4547922 -126.83000497
v 18.80898624 202.97373565 -122.02823144
v -14.97464574 198.01761444 -88.07727765
v -18.13054545 195.96123494 -98.35867427
v -10.68795024 195.23112597 -96.56664571
v 5.3918372 197.90737148 -87.99254767
v -24.17631031 198.04530084 -98.98798414
v -20.17619361 201.71764756 -122.78033373
v 8.46444059 201.64373625 -122.77586037
v -17.96721552 201.66799253 -122.67215604
v 4.11544559 200.23680252 -122.12524728
v 20.33450114 200.51917597 -129.15551345
v 8.71864254 192.55235627 -130.29578523
v 14.16299038 191.6912733 -135.49847328
v 18.96079444 190.52231722 -146.06290378
v 19.96459306 194.38435781 -138.94989453
v -27.43460598 170.8420174 -160.16499366
v -22.54386899 175.74653945 -151.58564925
v -28.79743471 183.83423932 -151.67583819
v -28.79743471 183.83423932 -151.67583819
v -23.71892587 183.45298588 -147.97956962
v -27.5212672 190.43270082 -146.27604254
v 10.00226489 195.99618682 -98.36782751
v 16.92004697 199.20518209 -92.75435204
v 21.65324455 201.75184095 -85.21330294
v -14.9797145 169.024184 -158.42659236
v -21.47966699 169.56352222 -159.10582067
v -11.00678229 166.40955136 -157.08656497
v -20.4492513 188.43912126 -146.16738995
v -18.28310507 182.35555926 -146.08295781
v -12.60709175 184.21939662 -144.4991293
v 8.0476788 188.02819287 -145.99839576
v -17.40277723 188.08657929 -145.99227898
v 4.1994461 187.06443265 -144.91378011
v 17.53373054 198.79173867 -101.91507421
v 9.1973446 195.7899195 -105.51027444
v 14.76371091 198.18344544 -110.49971
v -27.64037998 125.66957217 -181.18344651
v -26.2721639 132.63862478 -177.50118802
v -27.58675034 140.07708076 -176.6018178
v -27.15350352 98.58945669 -186.03488899
v -26.45329933 82.84474856 -185.65868577
v 10.8373715 188.02847411 -145.92357045
v 15.14122325 183.34286157 -147.83459446
v 18.96079444 190.52231722 -146.06290378
v -22.77337305 10.44662002 -174.45524003
v -24.11128418 1.61935999 -174.16791607
v -18.40019649 -0.16066233 -167.86163773
v -28.4808289 9.13516309 -183.02050584
v -28.43606905 11.43346271 -178.83519269
v -26.2721639 132.63862478 -177.50118802
v -21.98932326 139.79682775 -174.96062638
v -15.08055379 136.49815799 -173.26500727
v 15.14122325 183.34286157 -147.83459446
v 20.37422298 185.92022582 -150.38850743
v 18.96079444 190.52231722 -146.06290378
v 19.93226236 177.46418692 -155.20675876
v 16.26804772 171.62599296 -157.33865523
v 18.94793906 170.06875326 -160.37593518
v -32.5677024 43.69887524 -192.89870072
v -32.41320272 65.47879679 -198.51503212
v -33.05297496 64.1323802 -200.91207846
v 9.61430742 165.88618539 -158.2417169
v 9.24300416 159.95858137 -159.26381881
v 16.00815632 165.29684008 -160.69105495
v -25.89985216 56.91196062 -180.13547666
v -22.56208426 23.28203639 -165.85073544
v -24.79666656 63.53472136 -180.71175745
v -25.01803796 85.49370773 -191.96146643
v -26.45329933 82.84474856 -185.65868577
v -26.67977246 42.62288212 -187.70831626
v -25.1468049 61.92709157 -191.15778917
v -32.41320272 65.47879679 -198.51503212
v -23.60567722 52.16050844 -185.53826071
v -25.1468049 61.92709157 -191.15778917
v 14.3640186 155.96689759 -163.02370663
v 20.02741767 150.65478419 -170.42598043
v 20.2305002 163.6164525 -164.24477367
v 16.00815632 165.29684008 -160.69105495
v 20.2305002 163.6164525 -164.24477367
v 18.94793906 170.06875326 -160.37593518
v 14.3640186 155.96689759 -163.02370663
v 8.73217354 149.72294521 -164.12399101
v 15.29473422 145.12303033 -170.24461998
v 19.41845133 139.27587136 -176.90554833
v -29.67284429 58.7607235 -205.58053026
v -31.99811734 39.6650839 -195.29949052
v -31.17835436 25.13367403 -185.64116967
v -30.69708936 22.57838117 -188.88022469
v 8.11729363 135.77009641 -173.4801497
v 13.77491756 133.54786614 -174.79729983
v 16.724494 127.61643054 -177.10949242
v 18.0329988 132.63869948 -177.50119681
v 14.66168958 139.06267132 -175.34336556
v -9.72541419 -9.98816065 -174.98233595
v -18.4378003 -7.68836803 -177.20001832
v -9.36858999 -10.84268468 -176.94938729
v -17.16098684 -5.82423953 -182.26755722
v -18.4378003 -7.68836803 -177.20001832
v -24.36542571 0.7086413 -182.1754372
v -11.26100291 -6.94433255 -172.10115763
v -24.23491425 -1.09758874 -178.29559415
v -18.4378003 -7.68836803 -177.20001832
v -20.13670467 12.09762501 -193.75378173
v -28.67639286 82.07161078 -212.6557358
v -30.10521665 165.43223102 -199.8429736
v 18.0329988 132.63869948 -177.50119681
v 19.41845133 139.27587136 -176.90554833
v 18.90703957 99.4817402 -185.99604395
v 18.25558081 84.78971008 -186.0054101
v 16.0463885 2.12171081 -174.18563378
v 7.60637402 -4.7572075 -167.99113557
v 10.11028438 -5.94052777 -174.74187438
v 3.07662973 -6.96289388 -172.14690179
v 7.60637402 -4.7572075 -167.99113557
v 0.39883253 -6.81055272 -164.45276976
v 12.68547279 9.40228272 -171.5137895
v 10.5935982 -0.24951429 -169.02212435
v 16.17171694 11.00869727 -175.9097637
v 23.64457866 38.40013717 -195.0169751
v 22.63407222 23.54624138 -188.99275283
v 12.72587793 26.03481823 -201.02460024
v 15.24806508 80.27387764 -218.5146612
v 19.10280127 59.61514126 -208.50325246
v 11.9920764 55.4245449 -214.30065795
v 23.76734526 83.27702508 -207.53806779
v 24.38580319 62.81178443 -202.02406992
v 20.23383104 9.02412915 -182.9747353
v 17.47839813 3.71713902 -182.96095406
v 9.82490192 8.58225921 -192.82439699
v 15.37559284 52.40928458 -185.59482355
v 16.37958042 37.44040803 -184.36581931
v 17.16798382 61.57233481 -191.5054447
v 13.9337335 24.34474056 -175.61188836
v 16.17171694 11.00869727 -175.9097637
v 20.25681957 11.74888205 -179.01535705
v 24.30363947 44.45341216 -192.8626504
v -31.73096004 238.55180799 -158.96209595
v -32.81630717 241.92608685 -137.37887831
v -4.16842686 249.75588485 172.97765733
v 1.70955835 253.68464877 145.84637094
v -9.25584888 253.74196735 145.62460185
v 17.16798382 61.57233481 -191.5054447
v 24.76223453 64.47856837 -199.3186175
v 17.64993432 55.11895675 -179.51497292
v 18.25558081 84.78971008 -186.0054101
v 16.88028339 65.1404774 -181.24423551
v 17.64993432 55.11895675 -179.51497292
v 14.22111644 22.88291537 -165.58570928
v 16.06377875 29.98289987 -170.59817148
v 13.71779889 14.91170832 -164.81204729
v 4.92766968 30.49794419 -206.75799168
v 3.09104123 11.52647738 -196.26829533
v 8.76822947 77.18382174 -223.06221873
v 11.9920764 55.4245449 -214.30065795
v 4.5913227 52.41852501 -216.71746057
v 3.70271333 -1.86549439 -187.0773824
v 13.5779793 161.1496848 -134.10391747
v 15.43756277 166.27168503 -143.49192001
v 15.95428279 162.2414431 -132.68029445
v 14.24073568 156.64933338 -127.40336008
v 11.73593219 157.45380384 -130.18332183
v 4.55385566 131.84087229 -112.00596068
v 3.35126111 117.64434894 -112.0511137
v 5.09035036 122.77423783 -110.38427831
v 4.57425707 144.31743228 -115.90631783
v 6.59856675 141.33393934 -112.71960623
v 4.81893393 117.00699379 -110.49158498
v 15.95428279 162.2414431 -132.68029445
v 18.34104241 168.63553182 -140.77672125
v 16.24844277 161.00468584 -128.55121835
v 14.24073568 156.64933338 -127.40336008
v 15.43756277 166.27168503 -143.49192001
v 16.92394687 171.03041836 -148.99402448
v 3.48426576 130.50641024 -114.55636639
v 18.83899678 170.07895504 -136.95088409
v 17.90153817 170.95878361 -133.4410814
v 16.27209483 164.81737357 -126.08955055
v 18.61949074 175.44398489 -140.99307772
v 15.04472768 154.40121586 -121.31318215
v 18.51798134 173.14807311 -147.81023107
v 6.77353595 130.52800202 -110.66729572
v 5.09035036 122.77423783 -110.38427831
v 8.32490773 123.4053688 -110.22691148
v 4.81893393 117.00699379 -110.49158498
v 7.01625572 116.79748471 -110.21650481
v 16.76978115 175.28838091 -135.69992945
v 15.48429344 169.74735858 -128.09434945
v 17.96356523 178.03409342 -151.17729184
v 16.51228241 180.73496493 -152.25648527
v 17.76741024 179.74788695 -149.09692169
v 19.01114817 175.75352611 -146.11266188
v 8.04985396 115.92842404 -115.06099985
v 5.65691932 115.65369537 -115.51216638
v 7.25047262 134.54388943 -119.02142741
v 15.48429344 169.74735858 -128.09434945
v 16.76978115 175.28838091 -135.69992945
v 12.96596445 170.73726933 -127.12184026
v 11.56236036 165.07238909 -122.18066184
v 14.19744241 161.39961158 -121.30338411
v 16.56295472 180.13602537 -144.26407134
v 16.0031974 181.80919509 -149.32258441
v 10.86208806 125.41547915 -112.70925078
v 8.92427483 117.43278782 -111.35982761
v 8.22657647 113.51482476 -112.43193643
v 13.77144061 176.8708916 -134.79769323
v 10.10833443 171.26333368 -127.38100451
v 8.7683602 162.78809293 -120.81868083
v 16.56295472 180.13602537 -144.26407134
v 7.26666653 176.21210418 -135.71403515
v 7.4386081 170.52942986 -128.10623164
v 6.13732635 161.70706761 -122.09434062
v 13.89592316 181.51094057 -143.81504938
v 11.54789119 183.07994237 -148.75771239
v 11.02618039 181.36462092 -142.97009633
v 3.26997899 117.70975711 -113.66689752
v 10.25652616 177.87683001 -136.09771509
v 8.42849012 180.92675333 -144.27615566
v 5.40951638 175.68034217 -138.60889757
v 4.23447103 171.48612506 -136.96928745
v 5.53668052 169.32324825 -129.64292752
v 9.68144279 182.69205928 -150.75227182
v 7.1860496 180.77645816 -149.1126357
v 8.42849012 180.92675333 -144.27615566
v 5.40951638 175.68034217 -138.60889757
v 8.32490773 123.4053688 -110.22691148
v 12.47391595 141.35696933 -114.45789299
v 9.5919253 133.74740846 -111.28906524
v 7.01625572 116.79748471 -110.21650481
v 4.45926446 169.99340932 -140.78453445
v 5.56401166 160.05482702 -128.89069169
v 5.05021217 160.23053369 -124.32036267
v 7.1860496 180.77645816 -149.1126357
v 5.18753527 177.09726181 -146.13320083
v 11.95980502 140.11139715 -119.08480221
v 9.30815443 117.0783603 -113.7163679
v 8.04985396 115.92842404 -115.06099985
v 5.76820923 163.08762153 -132.96796865
v 5.1746722 174.44510781 -147.83003178
v 6.72621206 112.29509017 -114.05205277
v 7.26236566 113.30864229 -111.20638847
v 5.11808962 113.50115891 -110.81034341
v 3.98310338 113.17933244 -112.56923915
v 4.74424704 112.53524043 -113.90019627
v 3.93799529 116.71328573 -114.70128656
v 4.74424704 112.53524043 -113.90019627
v 3.93799529 116.71328573 -114.70128656
v 6.03062513 168.23812297 -143.45337396
v 7.83443128 161.68150427 -134.24724925
v 5.56401166 160.05482702 -128.89069169
v 7.83443128 161.68150427 -134.24724925
v 8.47445179 157.77282301 -130.03242329
v 6.33448652 172.05981019 -149.00975606
v 10.63340463 160.83527439 -134.52797146
v 8.47603702 170.27406979 -149.82225285
v 8.60115344 166.49421528 -144.32800547
v 6.03062513 168.23812297 -143.45337396
v 12.93847071 139.68223302 -116.41538231
v 11.42516743 169.42688991 -150.23055777
v 11.47265171 165.76687219 -144.3899643
v 5.29748604 135.65867817 -118.30534039
v 5.29748604 135.65867817 -118.30534039
v 7.03694605 152.53563937 -125.20429145
v 6.15099906 144.11297351 -121.12908771
v 4.89313252 148.89302816 -120.64546597
v 10.42124358 153.6949623 -127.20005516
v 9.36264095 143.58692985 -121.94351817
v 6.15099906 144.11297351 -121.12908771
v 13.7866623 149.73687687 -122.23567537
v 12.63007556 150.20026545 -115.87517233
v 10.02774166 141.47507063 -112.58468516
v 12.47391595 141.35696933 -114.45789299
v 7.90300577 154.45156484 -116.73092712
v 6.14498882 149.92092894 -115.8309046
v 6.59856675 141.33393934 -112.71960623
v 9.08617992 148.48773093 -114.20126108
v 13.7866623 149.73687687 -122.23567537
v 10.45642066 148.99381081 -124.37085079
v 11.95980502 140.11139715 -119.08480221
v 14.19744241 161.39961158 -121.30338411
v 12.63007556 150.20026545 -115.87517233
v 9.97455364 135.22321216 -118.88066207
v 10.77209819 157.70673787 -117.77945755
v 6.13732635 161.70706761 -122.09434062
v 7.03694605 152.53563937 -125.20429145
v 12.5330428 150.1345211 -151.47315224
v 15.39946681 154.32573213 -160.71247075
v 15.07244223 151.18831131 -149.09306767
v 3.92844163 125.21786117 -124.38297505
v 2.74331368 111.23976987 -121.89299659
v 4.50433904 116.58057828 -121.19096307
v 3.86572798 136.80650959 -130.43060057
v 3.92844163 125.21786117 -124.38297505
v 5.94846032 134.43078892 -126.80125613
v 4.11320178 108.47936296 -120.08453319
v 15.07244223 151.18831131 -149.09306767
v 14.67907324 148.39841316 -142.47876092
v 12.47712815 147.4485127 -146.36911457
v 11.29358267 152.9042692 -162.71027297
v 13.15430645 155.75704346 -168.45972953
v 5.12143694 127.42921869 -131.5173853
v 3.28546598 109.85314587 -124.34610478
v 3.91522537 128.90694402 -130.86379338
v 17.17191228 156.32254128 -159.4357477
v 17.72457728 158.35904527 -155.89725073
v 14.13773992 146.82310013 -137.43434463
v 15.39946681 154.32573213 -160.71247075
v 15.60931648 157.21662538 -167.93275357
v 2.87758388 122.75300232 -125.67672136
v 2.74331368 111.23976987 -121.89299659
v 16.85489121 159.89816932 -152.63203218
v 15.36019758 155.15847675 -144.2823122
v 17.0336186 163.45333376 -159.28614218
v 17.22080711 159.50756291 -167.17021071
v 6.17252869 124.15867765 -122.87132604
v 4.50433904 116.58057828 -121.19096307
v 7.74032069 117.22387911 -121.20348679
v 4.11320178 108.47936296 -120.08453319
v 6.44048136 110.7244695 -120.00068245
v 15.04629643 162.26372629 -151.60664279
v 17.73983851 162.37150697 -165.9695435
v 16.43975969 165.77659586 -169.59214732
v 7.39148744 109.00951547 -124.63177493
v 4.99150882 108.66360434 -124.9859779
v 6.89180393 126.60687623 -131.83476436
v 15.3182962 167.01648244 -164.88441903
v 14.33379713 167.81136957 -171.59448498
v 10.23178982 118.7580656 -124.04574157
v 8.32769259 111.14394014 -121.27107817
v 7.61660494 107.09929533 -121.62035898
v 12.02926165 160.80796495 -146.28958079
v 12.63337125 165.61431575 -155.19071781
v 9.16688914 161.28494112 -146.5885921
v 11.31465091 156.02064914 -140.4130158
v 7.95106679 154.1080014 -138.60724182
v 12.63337125 165.61431575 -155.19071781
v 6.17575408 164.68520066 -155.61616908
v 6.48605524 160.43906164 -147.12641318
v 5.29979192 152.82290736 -139.62589939
v 2.63411214 111.01822025 -123.49318077
v 3.70669672 134.71493572 -132.19491853
v 8.70027896 165.9871349 -155.99635113
v 7.18380194 167.80720271 -164.89648577
v 6.17575408 164.68520066 -155.61616908
v 4.26964262 163.6525797 -158.33877676
v 3.12838303 159.81708303 -155.96245287
v 4.55943197 158.98326319 -148.39233525
v 7.98098066 168.4186916 -170.15881284
v 5.85840893 166.80517805 -169.60787012
v 4.26964262 163.6525797 -158.33877676
v 7.68151462 166.76041861 -173.86578546
v 7.74032069 117.22387911 -121.20348679
v 11.79294101 134.13518953 -128.61690803
v 8.97571723 127.21200765 -124.10167298
v 6.44048136 110.7244695 -120.00068245
v 3.28928294 157.6720145 -159.45635696
v 4.22541833 151.6485228 -146.34693307
v 4.17633674 150.97752744 -141.53632625
v 5.85840893 166.80517805 -169.60787012
v 3.91622287 163.71526081 -165.9901176
v 7.68151462 166.76041861 -173.86578546
v 5.30828161 164.81901788 -171.35602604
v 11.20074752 132.09093914 -132.94064014
v 8.67133952 110.3771473 -123.53384507
v 7.39148744 109.00951547 -124.63177493
v 4.74154567 152.25701058 -150.56420169
v 5.5425029 148.66451746 -146.06868858
v 3.87748644 160.80460242 -167.19003778
v 6.28355605 105.67026701 -122.82863727
v 6.14563368 107.22215008 -119.96636278
v 3.37181797 106.7524307 -121.62309215
v 4.29033625 105.78958409 -122.97552832
v 3.28546598 109.85314587 -124.34610478
v 4.29033625 105.78958409 -122.97552832
v 4.81663739 155.46909639 -161.79886171
v 6.78721965 150.64288818 -151.60967293
v 5.5425029 148.66451746 -146.06868858
v 6.78721965 150.64288818 -151.60967293
v 8.363152 147.32791786 -147.00627221
v 5.01982428 158.24598459 -167.94847636
v 5.94300925 163.11786498 -173.30743371
v 7.14931146 156.34078213 -168.46868511
v 7.37394339 153.59322086 -162.39487129
v 12.22583519 132.13949825 -130.25466277
v 9.58199429 149.75529606 -151.78416851
v 9.58199429 149.75529606 -151.78416851
v 12.47712815 147.4485127 -146.36911457
v 7.37394339 153.59322086 -162.39487129
v 10.09202407 155.42937891 -168.77115007
v 11.29358267 152.9042692 -162.71027297
v 3.91522537 128.90694402 -130.86379338
v 4.41294355 144.98218416 -139.71401164
v 6.15730811 143.2441147 -141.07773213
v 5.35244274 135.67779255 -135.56096798
v 12.96078033 141.00319863 -137.77706892
v 11.50672364 139.93530671 -130.12097334
v 9.37924463 134.58744619 -126.75243603
v 11.79294101 134.13518953 -128.61690803
v 7.16690494 146.62861347 -133.09373823
v 5.43040994 142.33207073 -131.37562039
v 5.94846032 134.43078892 -126.80125613
v 8.40108098 141.20466431 -129.56870403
v 12.99731633 144.81582732 -142.01764518
v 12.96078033 141.00319863 -137.77706892
v 9.59518364 139.89970402 -139.68927118
v 9.50527616 144.02568578 -143.30516949
v 11.20074752 132.09093914 -132.94064014
v 8.55031635 135.01004638 -136.32449542
v 12.7849894 148.21210355 -135.37896892
v 9.22552164 127.31968093 -131.84008152
v 10.01338345 149.64137731 -134.75118003
v 5.29979192 152.82290736 -139.62589939
v 6.15730811 143.2441147 -141.07773213
v 12.7849894 148.21210355 -135.37896892
v 15.14641506 172.86767844 -112.19262638
v 19.16280697 181.1622736 -121.13057021
v 18.36363545 173.18995998 -108.76768537
v 12.95504583 185.46942284 -130.30362342
v 15.54605025 180.37762687 -123.64454767
v 11.92865636 180.19618381 -123.80163334
v 4.00381513 133.78965606 -90.0230417
v 2.97573772 116.92231526 -91.53325527
v 4.64644309 122.53114466 -89.49087405
v 4.07351235 149.54727082 -92.76803204
v 6.50474289 145.41861953 -89.34579278
v 4.32324205 115.5516034 -90.54337082
v 18.36363545 173.18995998 -108.76768537
v 17.66144946 167.48234264 -102.11060891
v 15.11432604 167.83117618 -107.07656564
v 16.30952287 190.66236396 -134.05410904
v 18.00018253 194.22275992 -134.63554818
v 18.78186712 191.8251907 -133.07590493
v 16.68708354 185.72024241 -129.70815846
v 21.27231788 183.00705321 -118.83700857
v 22.02671417 185.45845705 -116.41607527
v 20.45298334 178.83040685 -108.40440474
v 16.82740297 163.77482571 -96.83713751
v 18.78186712 191.8251907 -133.07590493
v 18.00018253 194.22275992 -134.63554818
v 20.42624652 193.73360113 -131.63530265
v 19.16280697 181.1622736 -121.13057021
v 19.6617061 187.21367729 -128.46305636
v 2.78034569 131.40177112 -92.48423954
v 2.48708873 116.47300282 -92.97465314
v 20.61746017 184.6499972 -109.59194334
v 18.51779897 176.03016795 -101.67662085
v 21.05383131 191.26564708 -116.0189765
v 19.74095423 197.62839523 -132.14960647
v 20.95871993 196.05741117 -129.980551
v 21.59110324 189.59316251 -126.66514879
v 6.70060017 131.98197333 -88.57370305
v 4.64644309 122.53114466 -89.49087405
v 7.65586757 123.71697523 -88.94337249
v 4.32324205 115.5516034 -90.54337082
v 7.00768583 115.25196385 -90.20898582
v 18.35388021 187.0361002 -107.58376206
v 20.68442417 197.80554589 -127.187029
v 22.16499467 192.48349056 -124.18342548
v 7.5823924 115.00513771 -96.56715555
v 5.42783491 114.7085257 -96.83634734
v 7.36494726 132.97582187 -97.75419079
v 9.23771568 141.86510885 -98.68357641
v 10.16830168 133.09476774 -97.28387848
v 19.13554943 197.5080077 -121.28116387
v 18.5268006 200.34366111 -127.16001355
v 17.77939996 201.07055333 -129.89407295
v 13.79417537 142.61383 -91.72755567
v 11.82833231 130.37495127 -90.88928871
v 11.0634019 121.6421717 -92.7075582
v 9.35904646 116.20333225 -91.46524532
v 8.5268851 111.62121751 -93.40042895
v 12.47707651 190.54101652 -108.27871348
v 10.82144124 183.8767266 -102.21612634
v 14.41317049 183.57125144 -102.14784402
v 13.42509121 175.61840429 -96.99382087
v 9.25805448 172.73480006 -95.72175054
v 19.13554943 197.5080077 -121.28116387
v 16.06960113 193.00790253 -111.82470778
v 21.05383131 191.26564708 -116.0189765
v 18.5268006 200.34366111 -127.16001355
v 17.77939996 201.07055333 -129.89407295
v 15.97994083 201.51554217 -126.33707592
v 12.58809837 146.47458197 -98.17046042
v 14.06820858 145.0747782 -95.7484499
v 7.63414349 191.39348096 -111.67768465
v 7.73398089 183.28789454 -103.35060331
v 10.84499882 194.31633459 -113.24914852
v 7.14039882 172.22367265 -96.77035066
v 15.97994083 201.51554217 -126.33707592
v 12.71852085 199.34692295 -120.43281
v 16.30335114 198.41414214 -119.73989792
v 2.47627503 116.911004 -94.30748679
v 3.63341215 141.82445272 -95.11113351
v 9.18212291 198.47556473 -121.29599023
v 5.40729069 191.21060041 -115.30288929
v 4.08238325 183.60449025 -111.39189885
v 5.43221598 182.07062065 -105.43622907
v 10.34289957 201.1391788 -127.17213303
v 7.7369492 199.06413859 -127.20628481
v 9.18212291 198.47556473 -121.29599023
v 9.18212291 198.47556473 -121.29599023
v 7.7369492 199.06413859 -127.20628481
v 9.53569536 200.44613884 -130.89661251
v 9.36037022 123.25821527 -89.62641046
v 10.15454767 135.98450574 -88.77182731
v 7.00768583 115.25196385 -90.20898582
v 4.13817211 188.43470082 -118.13329646
v 4.28538832 184.65830082 -118.86224064
v 4.99524942 172.76132212 -105.78928808
v 4.76607054 170.19227665 -100.43447488
v 5.2502709 194.12772055 -124.20859602
v 9.53569536 200.44613884 -130.89661251
v 7.139342 197.40076018 -130.00111631
v 14.06820858 145.0747782 -95.7484499
v 9.86561466 116.14817953 -94.374499
v 8.8600869 115.2091981 -95.69590736
v 5.77466768 175.0346994 -110.4589803
v 6.61451678 169.17238199 -106.52580797
v 8.70204216 196.79107481 -133.49304324
v 7.21916358 195.01743221 -131.65494517
v 5.26406885 191.18024966 -126.68943168
v 6.71772786 110.4005073 -95.58320721
v 8.8600869 115.2091981 -95.69590736
v 7.32847278 111.17671285 -91.96144777
v 4.05501091 111.49491377 -91.96631225
v 3.33748019 111.23933944 -93.68610796
v 4.29013631 110.6692202 -95.39145531
v 3.31083839 115.8662705 -95.71061063
v 4.29013631 110.6692202 -95.39145531
v 3.31083839 115.8662705 -95.71061063
v 7.26881971 181.58578472 -122.58464564
v 8.12217564 173.56098257 -112.03532987
v 6.61451678 169.17238199 -106.52580797
v 8.12217564 173.56098257 -112.03532987
v 10.10633614 167.94811804 -108.01276971
v 8.46941049 192.82756778 -133.09117951
v 6.70434956 188.47322133 -128.48232096
v 11.47285495 193.72725302 -135.43038908
v 10.67440958 191.21008543 -134.06244942
v 8.46941049 192.82756778 -133.09117951
v 11.59240056 172.56243609 -112.63489894
v 15.11432604 167.83117618 -107.07656564
v 13.69405235 191.69172815 -135.18857309
v 5.15285035 139.02971619 -97.17610604
v 5.15285035 139.02971619 -97.17610604
v 5.113825 164.85307533 -101.7716535
v 6.85224468 157.23661024 -101.29083327
v 6.08367583 150.12942736 -99.11195135
v 4.53121373 155.85254068 -97.78376783
v 15.43609509 157.1226595 -99.44077432
v 12.58809837 146.47458197 -98.17046042
v 13.38850248 153.04128761 -90.96846802
v 10.69809899 145.56583358 -89.10654779
v 13.79417537 142.61383 -91.72755567
v 8.14641434 161.97073966 -92.10345188
v 5.98714841 156.33212532 -91.7601325
v 6.50474289 145.41861953 -89.34579278
v 9.56236298 154.33163387 -89.96579674
v 15.61002615 163.14280228 -102.96487703
v 15.43609509 157.1226595 -99.44077432
v 11.39543373 156.56359602 -102.20083429
v 11.39024302 162.71755406 -104.88511649
v 10.02642119 149.61833236 -100.1339311
v 15.55133434 167.78016305 -95.22582331
v 11.66893743 166.0845998 -92.812777
v 5.55460357 171.2217699 -98.28023286
v 7.52587244 163.40370584 -104.05651019
v 7.52587244 163.40370584 -104.05651019
v 5.98714841 156.33212532 -91.7601325
v 7.14039882 172.22367265 -96.77035066
v 15.55133434 167.78016305 -95.22582331
v 14.57806258 160.75121777 -92.89969443
v 16.08486237 177.19145902 -79.67425718
v 17.63223208 175.84273326 -75.29729694
v 14.22310045 173.40774339 -75.61447801
v 16.80749262 190.60293071 -99.77671151
v 16.62541242 184.1023401 -92.11862444
v 13.02694237 183.53118405 -92.42114219
v 4.80826579 142.63445087 -52.79280755
v 3.7736415 125.74070106 -51.6198297
v 5.46990657 131.59823175 -50.50922316
v 4.8206779 157.76535508 -57.97880224
v 7.30793844 154.22189907 -53.9882128
v 5.13745179 124.54048399 -50.44764976
v 20.70933079 184.85299342 -86.43188322
v 18.53213961 175.43408291 -70.69130409
v 17.63223208 175.84273326 -75.29729694
v 21.95712681 188.19081375 -88.24387091
v 20.87341433 184.98623515 -77.5745577
v 18.56871077 202.28047915 -106.28281126
v 20.669576 200.6443197 -103.13113086
v 19.19828615 197.16670033 -103.33397772
v 3.54965881 139.89153795 -54.82957778
v 3.26345628 125.07133111 -52.96517359
v 19.54638776 184.95874543 -73.17115308
v 17.48870924 171.10500039 -64.39693375
v 22.35960508 198.65101803 -96.55681193
v 21.69468893 195.31814947 -98.14736341
v 19.83789361 205.90367591 -104.63929152
v 21.08398466 203.67468348 -102.30175595
v 7.52863093 141.07295721 -51.11889193
v 5.46990657 131.59823175 -50.50922316
v 8.48615259 132.8510087 -50.20065464
v 5.13745179 124.54048399 -50.44764976
v 7.82698961 124.29323709 -50.1113269
v 21.47206517 202.00343655 -95.38578842
v 20.34211418 206.45727741 -101.40700333
v 8.30469197 123.05024297 -56.35988626
v 6.14656965 122.71809906 -56.54627058
v 8.05162923 140.61195699 -60.35059444
v 8.21056821 149.45214294 -62.61924461
v 11.4188507 146.5422144 -61.3317087
v 18.61216992 192.03989845 -77.70027838
v 14.60856528 189.69061607 -72.41463513
v 17.17186614 184.37603095 -69.4547676
v 15.70655248 196.14765524 -80.14474837
v 19.16488545 201.06979096 -89.24969957
v 18.96960272 207.53465161 -98.76667361
v 19.16488545 201.06979096 -89.24969957
v 21.35934823 194.18891252 -84.88342965
v 15.05350081 152.0779527 -58.4742224
v 12.6219451 139.11476749 -53.23128955
v 11.83781071 130.20591269 -53.64386216
v 10.15794443 125.03210606 -51.53709681
v 9.30075561 120.20416823 -52.71584957
v 10.49947224 193.66570787 -76.95339652
v 13.08893537 206.53520631 -93.71539359
v 18.96960272 207.53465161 -98.76667361
v 15.86616927 210.68527651 -102.51736543
v 16.14468351 209.65349357 -99.65066551
v 7.90339685 187.11830929 -71.79836293
v 10.70932521 185.38085581 -68.33204971
v 6.71294472 178.77906691 -66.09831883
v 16.84937642 205.84918458 -93.66567692
v 3.23185062 125.29460939 -54.34992309
v 4.35234518 149.77120572 -59.07322001
v 9.34904294 202.2596663 -89.58223474
v 6.51511332 192.36464872 -79.48945062
v 11.32062929 210.25323366 -102.8444251
v 10.19525382 208.38171827 -98.74533087
v 13.3060092 210.16475585 -100.11588059
v 5.5190365 187.13838376 -75.89980777
v 4.56577836 190.28690766 -83.06710036
v 5.3786193 176.81743312 -68.67256325
v 6.71294472 178.77906691 -66.09831883
v 10.19525382 208.38171827 -98.74533087
v 6.45602163 199.83362635 -90.3472823
v 10.18050452 132.28812477 -50.82909621
v 14.49142113 154.19169072 -56.13418061
v 10.97525541 144.98968077 -51.99566437
v 7.82698961 124.29323709 -50.1113269
v 4.4840711 187.7405199 -85.36140011
v 5.45132219 178.52474171 -74.13326458
v 6.45602163 199.83362635 -90.3472823
v 8.00337706 206.80766204 -100.11261951
v 4.79917738 196.59961092 -91.60473196
v 9.15158836 207.88166477 -104.12177207
v 6.73134125 204.07674007 -101.27871277
v 13.55473701 147.73420364 -60.00127459
v 10.62003512 124.52007204 -54.40897291
v 9.59535062 123.3867351 -55.55106503
v 6.72953411 179.13452019 -79.06612386
v 7.13226835 174.98232355 -74.68427237
v 4.6745273 193.09195663 -93.09657534
v 8.7724842 204.88329981 -105.66762528
v 6.70463738 200.89525355 -102.40553014
v 7.45963019 118.65845484 -54.652018
v 9.59535062 123.3867351 -55.55106503
v 8.12491216 119.99285772 -51.20681966
v 4.8514481 120.31104985 -51.21168196
v 4.10796713 119.7896409 -52.85886261
v 5.0350141 118.95744852 -54.46786156
v 4.04588789 124.04131377 -55.58415385
v 5.0350141 118.95744852 -54.46786156
v 4.04588789 124.04131377 -55.58415385
v 7.13226835 174.98232355 -74.68427237
v 9.28923718 177.62761474 -80.30184862
v 10.60209998 173.5367882 -76.01505359
v 6.76709178 193.36667773 -98.62772508
v 9.07509982 201.26075366 -105.68981566
v 5.95218335 186.69426319 -90.43051607
v 9.07509982 201.26075366 -105.68981566
v 9.31789649 191.6483099 -99.96824391
v 6.76709178 193.36667773 -98.62772508
v 12.46685109 176.95265107 -80.66560904
v 10.721104 198.18579721 -105.35818979
v 12.95430869 190.58167999 -100.49195062
v 5.69780453 147.09437308 -60.62733227
v 5.69780453 147.09437308 -60.62733227
v 5.70839248 171.46610489 -69.28895721
v 7.46137471 164.01711686 -67.64468864
v 6.73308687 157.34134939 -64.36534782
v 5.19554929 163.204265 -63.92883044
v 10.66026778 156.6704602 -65.35439703
v 6.73308687 157.34134939 -64.36534782
v 16.07258263 164.18268704 -65.93073508
v 14.13092663 156.96834166 -63.86897093
v 16.18679582 169.57457613 -70.35869346
v 14.15867523 161.48528306 -56.89244943
v 11.5043079 154.39880974 -53.83899504
v 14.49142113 154.19169072 -56.13418061
v 9.26072179 173.62935118 -60.86575768
v 6.74291461 164.62164547 -58.07810685
v 7.30793844 154.22189907 -53.9882128
v 10.34707411 162.92255906 -56.04662438
v 16.18679582 169.57457613 -70.35869346
v 16.07258263 164.18268704 -65.93073508
v 11.9907735 163.20302947 -68.5068626
v 11.93858737 168.85916865 -72.12378942
v 14.13092663 156.96834166 -63.86897093
v 13.55473701 147.73420364 -60.00127459
v 16.24186677 175.36966876 -63.44383889
v 12.39842491 174.07964333 -60.73557367
v 8.08664922 169.67248099 -71.3543869
v 8.08664922 169.67248099 -71.3543869
v 16.24186677 175.36966876 -63.44383889
v 15.31109402 168.79458721 -60.02828509
v 14.08116942 182.83627478 -66.38804347
v 16.72397767 187.85095224 -55.89007665
v 19.21109979 196.32017149 -65.81474307
v 19.59355566 188.79945393 -53.85552522
v 5.23402865 147.25680275 -36.93584786
v 4.22328437 130.54849299 -39.70298543
v 5.87707461 135.98974549 -37.23733396
v 5.31756557 163.17473702 -38.50145081
v 7.72557798 158.80282844 -35.37807169
v 5.56412811 129.10777191 -38.80800911
v 19.59355566 188.79945393 -53.85552522
v 22.69078882 198.47011235 -61.90380915
v 19.85720415 186.28934404 -49.21053524
v 16.45447823 182.46991531 -51.3312289
v 17.8357826 207.24294724 -76.52781109
v 19.52926556 210.83645173 -76.83074698
v 20.30058411 208.3294085 -75.44799869
v 23.55441741 202.08989028 -60.87825518
v 22.62067415 196.93402388 -54.55867268
v 20.30058411 208.3294085 -75.44799869
v 19.52926556 210.83645173 -76.83074698
v 21.93377356 210.12525581 -73.8577238
v 19.21109979 196.32017149 -65.81474307
v 21.14884601 203.38773075 -71.18447987
v 4.02927487 145.05867144 -39.57650586
v 3.74522662 130.20763067 -41.17728528
v 21.96926153 199.42826721 -52.54970045
v 19.81577515 190.24429396 -45.31236472
v 18.09508737 177.66331558 -41.40943033
v 21.2507465 214.04756896 -74.08604974
v 22.45340477 212.31953872 -72.03102507
v 23.06428481 205.6266505 -69.20075257
v 7.92094749 145.34596824 -35.60542697
v 5.87707461 135.98974549 -37.23733396
v 8.88198236 137.13116118 -36.58145423
v 5.56412811 129.10777191 -38.80800911
v 8.2461935 128.78371789 -38.47740921
v 22.44952025 206.50327024 -58.4638872
v 19.6902973 201.6588379 -50.38605053
v 22.15828465 213.85525096 -69.11735981
v 23.61914474 208.32444445 -66.50702637
v 8.86690019 129.01006035 -44.8320312
v 6.71445194 128.73456051 -45.13809407
v 8.65119518 147.01932296 -44.68160573
v 8.83465957 156.14392415 -44.85225358
v 12.02197049 153.00862232 -44.19692737
v 19.6902973 201.6588379 -50.38605053
v 17.50901288 209.01150944 -55.39617283
v 15.67610691 205.02602963 -50.85836499
v 20.5669131 213.11978606 -63.26124632
v 19.99956471 216.3846524 -68.91730753
v 19.27165477 217.31288045 -71.5951513
v 15.57560818 157.73050036 -40.06226935
v 13.06588643 143.91460747 -37.99692225
v 12.31742238 135.3412765 -40.46473518
v 10.60620641 129.82538598 -39.64247318
v 9.78977647 125.39995041 -41.9188298
v 12.237826 202.39677801 -48.58830967
v 15.71173769 197.80021583 -45.2514056
v 12.21981836 209.34127162 -55.54884895
v 14.68953375 189.48643136 -40.710041
v 11.92756439 195.50711992 -43.80243818
v 10.51450387 186.51691069 -39.68598111
v 20.5669131 213.11978606 -63.26124632
v 22.44952025 206.50327024 -58.4638872
v 19.99956471 216.3846524 -68.91730753
v 19.27165477 217.31288045 -71.5951513
v 17.44638161 217.49254439 -68.0280123
v 9.04157827 197.60805941 -46.52012481
v 8.99877607 206.31020511 -54.22224813
v 8.40465241 186.0854126 -40.78494047
v 17.44638161 217.49254439 -68.0280123
v 14.12401887 214.968562 -62.45056876
v 17.51293914 213.91635426 -61.53414746
v 3.74387099 130.74347866 -42.473918
v 4.89733452 155.64761681 -41.41521397
v 10.61348219 214.08732551 -63.27604851
v 6.79823604 206.39767209 -57.86705776
v 5.44800562 198.52207118 -54.54186493
v 6.7553833 196.54959375 -48.70708314
v 11.81565709 217.18018328 -68.92945777
v 9.21080199 215.11383047 -69.13658047
v 10.61348219 214.08732551 -63.27604851
v 10.61348219 214.08732551 -63.27604851
v 9.21080199 215.11383047 -69.13658047
v 11.03563023 216.76602008 -72.70088987
v 10.59157685 136.724093 -37.28438333
v 14.95522338 159.25073417 -37.31201915
v 11.37472363 149.35157888 -35.48051938
v 8.2461935 128.78371789 -38.47740921
v 5.55063996 203.83998439 -60.90500766
v 5.70454751 200.12819962 -61.91153012
v 6.32450608 187.29231206 -49.75422954
v 6.05763879 184.33245501 -44.60701829
v 6.70442866 209.96868543 -66.53216615
v 11.03563023 216.76602008 -72.70088987
v 8.63402903 213.66290092 -72.05157281
v 14.12411005 153.85784984 -42.58054058
v 11.13378792 129.98657104 -42.54403475
v 10.13818788 129.14858708 -43.93881065
v 7.13675269 189.90637897 -54.23626971
v 7.95040985 183.76781248 -50.74375945
v 10.22215103 213.31416377 -75.56780438
v 8.72669391 211.40907151 -73.87736631
v 6.73724932 207.21376182 -69.22505304
v 7.99688345 124.34513636 -44.19932526
v 10.13818788 129.14858708 -43.93881065
v 8.58118377 124.84990242 -40.52558067
v 5.30771805 125.16810334 -40.53043967
v 4.60271754 125.04118829 -42.26961184
v 5.56788739 124.59925375 -44.00568822
v 4.58893827 129.80577593 -43.94474629
v 5.56788739 124.59925375 -44.00568822
v 4.58893827 129.80577593 -43.94474629
v 7.69639466 198.68641 -65.50713926
v 9.69946362 188.53590394 -56.06856466
v 7.95040985 183.76781248 -50.74375945
v 9.69946362 188.53590394 -56.06856466
v 11.45334887 182.65689055 -52.29230664
v 9.98812639 209.33186028 -75.46334358
v 8.19145212 204.64723745 -71.20370932
v 13.00802183 210.40235228 -77.70737369
v 12.20070666 207.79069507 -76.53618223
v 9.98812639 209.33186028 -75.46334358
v 10.83611803 202.70570316 -72.56960053
v 10.86721615 196.80933498 -66.92644041
v 7.69639466 198.68641 -65.50713926
v 13.13280099 187.58604468 -56.54759723
v 16.45447823 182.46991531 -51.3312289
v 15.22819647 208.35426203 -77.60153781
v 14.45621438 201.78612686 -73.19801348
v 14.38367628 195.9473542 -67.1121677
v 6.28502263 153.39700614 -43.51274798
v 6.28502263 153.39700614 -43.51274798
v 6.41706219 179.10732511 -46.33476678
v 8.1548502 171.47592977 -46.40883943
v 7.37325349 164.22656049 -44.76984181
v 5.80909005 169.83542225 -43.03123299
v 11.32348006 163.79222922 -45.79847007
v 7.37325349 164.22656049 -44.76984181
v 16.72516632 171.22340124 -44.51035691
v 14.75925734 163.73265716 -44.20700404
v 18.30884353 177.48942803 -44.06555862
v 16.92226387 177.48882324 -47.57591294
v 14.61799534 166.52392043 -36.37986999
v 11.91704126 158.93119823 -35.09822216
v 14.95522338 159.25073417 -37.31201915
v 9.38083206 175.51384737 -36.88588323
v 7.22131676 169.86567436 -36.97822091
v 7.72557798 158.80282844 -35.37807169
v 10.7842406 167.73678727 -35.31175181
v 16.92226387 177.48882324 -47.57591294
v 16.72516632 171.22340124 -44.51035691
v 12.70474488 170.87169479 -47.33348431
v 12.71662034 177.20814012 -49.55290087
v 14.75925734 163.73265716 -44.20700404
v 14.12411005 153.85784984 -42.58054058
v 16.80592607 181.53812062 -39.51420846
v 12.9068365 179.66850325 -37.26198349
v 6.83020531 185.19881939 -42.37654257
v 8.84608022 177.83141867 -48.70352733
v 8.84608022 177.83141867 -48.70352733
v 7.22131676 169.86567436 -36.97822091
v 8.40465241 186.0854126 -40.78494047
v 16.80592607 181.53812062 -39.51420846
v 15.81854217 174.35585983 -37.72404365
v 22.94342971 25.19226698 -185.64974726
v 20.23383104 9.02412915 -182.9747353
v 22.63407222 23.54624138 -188.99275283
v -23.81817663 200.75681436 -118.89394339
v 2.85506883 198.1974746 -120.87341261
v -11.50931382 196.79647358 -117.32257602
v -15.04591061 198.87083205 -121.20987176
v 2.6269561 -10.52492747 -176.30873185
v 10.05192103 -7.73886688 -177.9207107
v 10.11028438 -5.94052777 -174.74187438
v 11.85288189 -3.56200862 -182.38486652
v 10.05192103 -7.73886688 -177.9207107
v 4.85257577 -8.33859481 -180.98067392
v 23.06941949 118.74613469 -208.17253316
v 21.86604496 165.43214589 -199.84295602
v 24.66511279 209.07984999 -183.15874641
v 23.39975514 200.05138449 -192.00751928
v 4.56019052 187.13871291 -145.88952365
v -11.73506464 186.42235791 -144.34976027
v -17.40277723 188.08657929 -145.99227898
v -5.56961946 248.67322953 175.05689422
v -6.71883306 248.17344458 172.80334642
v 23.57295017 217.10556323 -184.61918596
v -12.2330311 139.36123046 -172.18538411
v -17.7385244 144.06867841 -167.99469279
v -21.98932326 139.79682775 -174.96062638
v 2.8133608 140.67988525 -169.928198
v -10.6655467 143.29550557 -167.45081617
v -27.58675034 140.07708076 -176.6018178
v 24.58003789 243.31026774 -134.34758331
v -15.01851794 195.20741758 -105.18846574
v -11.50931382 196.79647358 -117.32257602
v 2.28296312 195.56679166 -111.25391251
v 24.2091411 224.82021353 67.27781112
v 23.02787404 221.96938718 75.70259339
v 25.01180604 219.3897942 -7.86185884
v -32.75108989 226.84071358 75.19587389
v -8.19954472 227.71369564 171.50171976
v -8.29595982 232.26380279 174.24617509
v -13.14865412 228.05628881 169.97355727
v -10.73616891 226.70816352 171.66873663
v -13.14865412 228.05628881 169.97355727
v -16.46927894 225.81363382 167.18030779
v 22.18439969 229.01506311 97.51511126
v 14.48450457 231.55054319 133.22727979
v -13.43484951 -4.82812997 -163.36405036
v -18.40276823 3.95858018 -162.028173
v -8.53785237 -5.21770638 -161.28193095
v -9.59703394 -6.66925125 -164.92854417
v 0.3880213 -2.02797169 -159.24796433
v -13.55712615 -0.67259129 -159.67376751
v -20.41189906 8.65965452 -169.77175872
v -22.27099257 16.73336275 -165.18642902
v -10.40151426 264.10700607 47.43467492
v 1.82849755 264.61828699 53.47938068
v 1.00505274 261.35403797 18.23612724
v -10.7357932 260.27783109 6.03885222
v 1.55232709 260.40997437 2.10957193
v -14.86426983 178.00658825 -147.15491715
v 2.06790406 174.25726432 -149.268446
v -14.86426983 178.00658825 -147.15491715
v 8.70073487 237.23907658 155.22106954
v 8.25088107 230.465467 164.45228546
v -24.79666656 63.53472136 -180.71175745
v -22.15125362 87.06820348 -190.00331796
v -18.23838807 272.36546172 -83.39643211
v -17.53222748 262.3313549 -34.04673393
v 3.7887698 233.14921752 170.78195808
v 0.37797659 235.23051972 171.92337332
v 0.98950753 232.61747844 173.81283154
v 3.7887698 233.14921752 170.78195808
v 0.98950753 232.61747844 173.81283154
v 3.21186722 226.82904049 171.09832763
v 7.83676902 226.61323375 167.01707001
v 0.98950753 232.61747844 173.81283154
v 0.62589037 227.83091228 171.38680128
v 0.98950753 232.61747844 173.81283154
v -1.90475708 232.47202006 174.63272856
v -14.59849452 260.04046956 103.83693112
v -10.13211644 263.29288064 86.19393216
v 2.26101987 264.04460389 78.01968408
v -10.79949666 264.5224593 66.61758595
v -19.61057326 145.15711144 -113.86187493
v -16.60412863 134.30218713 -111.04674873
v -17.38006005 141.63490606 -112.41710601
v -23.03490352 159.48996696 -130.04707401
v -22.42869017 161.3652083 -133.96551616
v -20.25576142 157.42849284 -130.0271765
v -24.16249259 166.7254338 -143.38171226
v -19.94866257 165.92877116 -144.90773018
v -22.5635871 169.61417956 -149.80768141
v -20.1297299 173.90669772 -154.84050611
v -19.68392321 169.34201167 -150.08938803
v -22.31014206 174.11212242 -154.62306101
v -13.40924751 130.79798911 -111.36461073
v -12.28114925 120.15568574 -111.07073025
v -12.00587851 131.464555 -113.20765655
v -13.40924751 130.79798911 -111.36461073
v -13.11336553 142.0567264 -114.47338723
v -14.30295914 144.73015717 -113.96670412
v -22.42869017 161.3652083 -133.96551616
v -26.42782366 168.3751548 -141.0373882
v -24.16249259 166.7254338 -143.38171226
v -23.03490352 159.48996696 -130.04707401
v -25.04804191 170.90452964 -149.0125682
v -24.18738822 175.09163521 -154.02227033
v -24.61452923 161.31341468 -128.59912453
v -26.64062407 168.56877096 -134.62260732
v -26.70258741 172.99134334 -147.8386267
v -24.18738822 175.09163521 -154.02227033
v -25.04804191 170.90452964 -149.0125682
v -25.43715287 176.6749808 -153.14103863
v -12.39980722 114.2574051 -111.27249574
v -11.41543229 121.42195487 -113.00626637
v -26.6920434 173.27495004 -137.30679261
v -27.44415688 173.63524046 -142.48705259
v -26.67711833 177.40504119 -149.70491872
v -13.95071485 114.769898 -110.38041885
v -14.41850159 123.60415377 -110.10218508
v -15.90030248 123.53566057 -110.10935649
v -21.63742391 161.32966784 -120.61261657
v -23.72291146 169.74557342 -128.09160744
v -23.8510698 159.84663304 -122.866173
v -26.52841686 178.13533792 -145.32101151
v -25.33661899 180.50132056 -151.16619237
v -25.42309566 178.95585551 -152.70954988
v -14.45119812 115.54064447 -115.49089819
v -16.54303205 115.98188893 -114.81711891
v -16.3681749 130.76263182 -118.35677869
v -16.05016293 140.40897669 -120.6939947
v -19.46464017 141.12311731 -120.28118126
v -19.80307223 165.06709951 -122.1766455
v -21.20416611 170.73624876 -127.12019681
v -21.63742391 161.32966784 -120.61261657
v -24.79937122 180.09915762 -144.18293588
v -24.00295929 182.08365326 -150.41443288
v -24.98104935 175.36119912 -135.85808736
v -18.34233519 171.25866479 -127.37677724
v -18.83646656 177.34169386 -135.01897902
v -22.53730947 176.86788365 -135.29956068
v -22.25002101 181.38237359 -143.63590452
v -24.00295929 182.08365326 -150.41443288
v -24.79937122 180.09915762 -144.18293588
v -22.07296893 183.06183346 -150.0068135
v -24.79937122 180.09915762 -144.18293588
v -24.98104935 175.36119912 -135.85808736
v -22.25002101 181.38237359 -143.63590452
v -18.85465656 129.99713808 -116.9406959
v -15.66701497 170.51845193 -128.10430695
v -15.50494619 176.21109131 -135.71353421
v -16.54412622 164.83384711 -122.47367928
v -19.35514422 181.65390976 -143.64694292
v -19.88076589 183.26650011 -150.01465287
v -19.35514422 181.65390976 -143.64694292
v -12.71164966 142.51689071 -118.12684701
v -14.03510645 161.90343833 -122.92849261
v -13.76865553 169.31149363 -129.64605622
v -15.66701497 170.51845193 -128.10430695
v -16.61353342 180.86533489 -144.21413518
v -17.80600033 182.66219161 -150.43642181
v -16.61353342 180.86533489 -144.21413518
v -12.60917133 169.93898203 -134.63450718
v -13.41824584 174.34105808 -137.1419732
v -14.49943491 179.14924773 -145.23727482
v -17.80600033 182.66219161 -150.43642181
v -16.61353342 180.86533489 -144.21413518
v -16.20767487 181.35346038 -151.19820902
v -15.50494619 176.21109131 -135.71353421
v -20.95296653 139.50835712 -114.98896433
v -18.84007424 128.81234987 -111.82506644
v -19.61057326 145.15711144 -113.86187493
v -13.80867947 160.04117408 -128.88917128
v -12.6984378 169.99341152 -140.78453445
v -13.32942648 159.25882643 -123.0137846
v -12.70164725 174.30085635 -142.78200364
v -14.2625562 178.35840696 -149.85072892
v -18.85465656 129.99713808 -116.9406959
v -17.42133635 116.67943259 -113.68007132
v -21.20963475 141.69086043 -118.11420022
v -19.46464017 141.12311731 -120.28118126
v -14.00836084 163.08948579 -132.97395362
v -13.46932351 174.14741374 -147.92122124
v -15.41393685 177.6097622 -153.17520848
v -15.82677018 179.75638923 -152.79048333
v -12.39980722 114.2574051 -111.27249574
v -12.28114925 120.15568574 -111.07073025
v -13.80867947 160.04117408 -128.88917128
v -16.32997897 161.44357039 -134.20879951
v -14.00836084 163.08948579 -132.97395362
v -16.32997897 161.44357039 -134.20879951
v -14.46128951 169.29602547 -145.54762162
v -15.52700314 173.94594763 -152.0632162
v -22.21330264 177.25983875 -155.82649757
v -23.80075342 179.07238851 -154.80916715
v -25.43715287 176.6749808 -153.14103863
v -23.80075342 179.07238851 -154.80916715
v -22.90129411 181.83910607 -153.5302471
v -22.90129411 181.83910607 -153.5302471
v -25.33661899 180.50132056 -151.16619237
v -19.76869381 182.55523068 -153.22068979
v -17.78536712 181.09216893 -154.07816619
v -16.20767487 181.35346038 -151.19820902
v -17.78536712 181.09216893 -154.07816619
v -17.71374961 178.77291801 -155.27855225
v -17.71374961 178.77291801 -155.27855225
v -17.57995344 175.65490997 -154.95989821
v -19.60745334 177.13162544 -156.02747304
v -17.57995344 175.65490997 -154.95989821
v -16.99523458 157.74641443 -130.19065149
v -19.02440759 160.72578038 -134.4055476
v -18.40376682 120.74267392 -112.99589583
v -17.53184738 172.42526409 -152.73974611
v -16.85526559 167.51730656 -146.15116297
v -13.28034764 117.64725735 -115.63242858
v -13.44095203 136.32552997 -118.41198019
v -11.59893458 117.24539459 -113.68873687
v -13.44095203 136.32552997 -118.41198019
v -14.56190579 143.97818532 -121.25346258
v -15.27612544 152.53559927 -125.20427388
v -13.5054113 154.00696353 -123.58457063
v -14.56190579 143.97818532 -121.25346258
v -18.16978941 149.04433921 -124.38562427
v -15.27612544 152.53559927 -125.20427388
v -23.02961723 153.57640608 -123.01043525
v -21.33170596 152.29994277 -124.82093692
v -20.99748908 151.97234995 -116.40872262
v -21.33170596 152.29994277 -124.82093692
v -18.6637527 153.69503206 -127.20050338
v -17.40183796 151.89359801 -115.29962235
v -17.61133719 160.2982954 -119.15177389
v -14.88343096 155.92024921 -118.14002316
v -14.03510645 161.90343833 -122.92849261
v -21.42585609 147.92145284 -146.05736008
v -21.38578381 150.37005079 -151.38562758
v -18.40330872 147.15335512 -147.00437386
v -21.38578381 150.37005079 -151.38562758
v -22.95023069 153.97520337 -161.6305089
v -18.71174013 152.92845348 -162.91859564
v -21.23709223 155.68335791 -168.43800434
v -18.71139738 159.02131335 -174.10880388
v -18.35332521 155.37082334 -168.61756219
v -20.89495252 159.25805854 -173.96867124
v -21.23709223 155.68335791 -168.43800434
v -18.35332521 155.37082334 -168.61756219
v -12.08029955 123.9005218 -123.93781081
v -12.04674724 136.12990038 -130.1335227
v -13.92039012 139.16831004 -129.25869805
v -21.38578381 150.37005079 -151.38562758
v -25.25349952 156.00986526 -159.65466925
v -22.95023069 153.97520337 -161.6305089
v -23.05013399 150.29239627 -147.12889867
v -23.73326871 157.08963873 -167.92670705
v -22.78104542 160.32506647 -173.58313738
v -23.73326871 157.08963873 -167.92670705
v -11.53532834 109.56714164 -124.2373558
v -13.47618184 127.7110923 -131.7212874
v -12.02472161 132.57667766 -131.89636395
v -22.98953507 149.21622109 -140.04883671
v -25.57658246 157.3358843 -153.38017064
v -25.40511438 159.34835863 -167.16951639
v -22.78104542 160.32506647 -173.58313738
v -23.73326871 157.08963873 -167.92670705
v -24.04379068 162.0372104 -173.01785237
v -11.80947195 108.04273689 -120.54099038
v -10.78624305 114.78887903 -123.49878845
v -11.68679489 113.88373829 -121.38479306
v -25.57573218 161.4923168 -156.85569899
v -26.23799639 160.9283462 -162.0300881
v -25.34187671 163.36191184 -169.78706713
v -13.37484931 108.70223944 -119.78053892
v -13.83614903 117.4455779 -121.07906799
v -15.31770824 117.37423283 -121.09949246
v -25.2678138 164.8571763 -165.59991705
v -23.9724566 166.15292633 -171.75026971
v -24.03429031 164.35842042 -172.99685701
v -15.91070917 126.99072723 -132.08769754
v -13.78623473 108.55519816 -124.95461171
v -18.66860835 127.95608724 -131.42841058
v -15.88878735 109.10486637 -124.40559403
v -23.55614522 166.99457327 -164.79795774
v -22.64992974 167.84577771 -171.26775481
v -23.88734874 163.80514414 -155.77013471
v -17.7574779 156.22387586 -140.39891907
v -20.26746221 160.8072561 -146.28774399
v -21.15271492 153.98907084 -139.50095344
v -17.40094592 161.28114531 -146.58359144
v -17.75555652 165.9139993 -155.18946989
v -21.45167671 165.39131514 -155.4452416
v -21.0149815 168.35895488 -164.44306064
v -22.64992974 167.84577771 -171.26775481
v -23.55614522 166.99457327 -164.79795774
v -20.72601113 168.88414924 -171.00667493
v -21.45167671 165.39131514 -155.4452416
v -23.88734874 163.80514414 -155.77013471
v -14.71449726 160.42862104 -147.12241441
v -14.41403813 164.68427952 -155.615466
v -15.26390722 153.22726495 -138.22551306
v -18.12000804 168.62946499 -164.45227982
v -18.53372241 169.08813698 -171.01294117
v -17.75555652 165.9139993 -155.18946989
v -13.18298476 152.8690551 -140.47562458
v -12.79136413 158.97115091 -148.39323167
v -14.71449726 160.42862104 -147.12241441
v -15.37000203 167.75783331 -164.82366423
v -16.45278072 168.42243422 -171.28531434
v -12.08029955 123.9005218 -123.93781081
v -15.56098937 132.7423024 -125.70961835
v -13.92039012 139.16831004 -129.25869805
v -11.54527473 158.70753569 -153.39326573
v -12.30539343 162.59460326 -156.65412607
v -13.24078784 165.89151554 -165.49025429
v -16.45278072 168.42243422 -171.28531434
v -15.37000203 167.75783331 -164.82366423
v -14.84323125 167.00238071 -171.77574771
v -14.41403813 164.68427952 -155.615466
v -16.51224373 110.76471625 -121.25272772
v -17.62163951 123.05016174 -123.4158527
v -19.11355707 123.88231177 -125.47378622
v -20.03504916 134.09578408 -128.61413086
v -17.62163951 123.05016174 -123.4158527
v -17.49113024 131.22397872 -125.49824582
v -11.52845848 157.67201533 -159.45637453
v -11.49175714 161.55771201 -162.18475707
v -12.92544592 164.29675256 -169.8860434
v -18.66860835 127.95608724 -131.42841058
v -16.78566943 109.99116946 -123.42532458
v -20.49988516 133.88353017 -132.18228053
v -12.98159951 152.25778177 -150.57047668
v -12.07866709 152.83534321 -145.59846042
v -12.17092604 160.49535573 -167.2279777
v -14.02028684 162.96925584 -173.04469261
v -14.43695525 165.14926592 -173.05329691
v -11.80947195 108.04273689 -120.54099038
v -11.68679489 113.88373829 -121.38479306
v -14.39121549 148.06503056 -146.38312354
v -15.28368684 150.41505889 -151.53409177
v -13.20983363 156.13913683 -164.05035319
v -14.15718095 159.55999115 -171.3036545
v -20.77339215 162.14316306 -175.70859313
v -22.37586028 164.1043225 -175.05570436
v -24.04379068 162.0372104 -173.01785237
v -22.37586028 164.1043225 -175.05570436
v -21.49503149 167.05537883 -174.27165615
v -21.49503149 167.05537883 -174.27165615
v -23.9724566 166.15292633 -171.75026971
v -18.36737473 167.82064763 -174.03995618
v -16.3713871 166.23242063 -174.59064351
v -14.84323125 167.00238071 -171.77574771
v -16.3713871 166.23242063 -174.59064351
v -16.28203879 163.73744915 -175.35997106
v -16.28203879 163.73744915 -175.35997106
v -14.02028684 162.96925584 -173.04469261
v -16.15772212 160.72536766 -174.49200925
v -18.16461189 161.9860463 -175.83886508
v -14.39121549 148.06503056 -146.38312354
v -17.97524602 149.6689397 -151.64693602
v -15.28368684 150.41505889 -151.53409177
v -17.97524602 149.6689397 -151.64693602
v -15.28368684 150.41505889 -151.53409177
v -17.77456934 114.10954095 -123.48840912
v -16.15199971 157.93995861 -171.73461604
v -15.59536341 154.27730908 -164.37042137
v -12.61043357 110.60587656 -125.44689124
v -13.47618184 127.7110923 -131.7212874
v -16.63255065 144.13407328 -143.30733148
v -21.80639826 144.09237133 -139.70041568
v -19.76395461 142.72237425 -141.06976966
v -19.08026622 135.14425134 -135.55283853
v -21.42585609 147.92145284 -146.05736008
v -22.77140223 151.37108946 -140.11975149
v -20.27302643 141.69002446 -131.36574201
v -21.15271492 153.98907084 -139.50095344
v -14.02338259 146.07509041 -133.57148115
v -17.19764918 144.3296513 -131.20536984
v -19.76395461 142.72237425 -141.06976966
v -15.31272845 135.15561255 -136.3141338
v -19.08026622 135.14425134 -135.55283853
v -19.04378404 151.73601724 -136.53319872
v -14.02338259 146.07509041 -133.57148115
v -16.26775857 140.04891522 -139.70527507
v -13.58131541 139.39264183 -137.49479953
v -15.26390722 153.22726495 -138.22551306
v -19.40160244 146.24014187 -133.08777077
v -20.27302643 141.69002446 -131.36574201
v -18.90936609 131.84615128 -89.39273875
v -15.98705269 123.31991506 -88.99700866
v -17.60904888 142.91934193 -88.64936505
v -21.42911003 150.13938336 -90.64261623
v -24.2071997 168.26314876 -106.51189562
v -23.17856038 172.88038 -112.31664973
v -20.54930071 167.73475297 -108.01018585
v -26.59525343 181.09817665 -122.35556445
v -21.46416188 180.37783767 -124.39891759
v -24.73468784 185.62703375 -129.71583081
v -21.82922859 191.63790736 -135.17561004
v -21.21603388 185.34396259 -130.14557097
v -24.49337533 191.85081769 -134.84533814
v -12.81858761 131.46616496 -89.51285995
v -11.2461053 116.36577891 -91.59607979
v -11.29894398 133.52493073 -91.55292664
v -12.81858761 131.46616496 -89.51285995
v -12.6603281 146.57618256 -91.38498488
v -14.93361222 141.55092147 -88.90471477
v -26.48876534 171.47414153 -105.75773714
v -25.90078154 173.48788776 -110.40860435
v -24.2071997 168.26314876 -106.51189562
v -29.32857447 182.7246434 -119.21394741
v -26.59525343 181.09817665 -122.35556445
v -27.76054298 187.06402446 -128.50739433
v -26.77970652 192.94201372 -133.93147465
v -11.56093144 115.49236366 -95.68973349
v -13.56351759 133.68267465 -97.16949621
v -12.71561218 140.94154301 -96.60651909
v -13.56351759 133.68267465 -97.16949621
v -16.05626215 142.00722992 -98.68473651
v -12.71561218 140.94154301 -96.60651909
v -26.74902147 171.1849158 -102.04651935
v -29.48953589 181.93818573 -111.39804174
v -29.76413266 189.40755591 -126.72541152
v -26.77970652 192.94201372 -133.93147465
v -27.76054298 187.06402446 -128.50739433
v -28.29324929 194.72175386 -132.59101734
v -29.5880594 188.07501884 -113.90420735
v -30.58791418 189.33626026 -120.11944551
v -29.75631968 195.05947256 -128.28718212
v -14.48324759 112.73871122 -90.74962774
v -14.19176591 123.58754255 -88.99903885
v -29.50568257 195.24772757 -122.85515798
v -28.1349332 199.04958004 -129.58774935
v -28.26652345 197.42023962 -131.70471485
v -14.34603379 114.56760645 -96.81995676
v -16.00949853 116.36598902 -96.63927862
v -16.71677856 133.48973614 -97.84354798
v -19.19256241 139.72538981 -97.74301292
v -22.26749035 172.27114941 -95.71470208
v -25.81721606 182.32825155 -103.33294705
v -24.25011836 171.36135684 -96.75717216
v -27.37013791 197.45036832 -121.18864729
v -26.48958267 200.85064326 -128.44452363
v -27.46971165 190.37664896 -111.84112427
v -19.13694657 120.47839813 -92.90384922
v -17.1334997 114.41224851 -91.81040469
v -17.7636738 118.86711438 -90.74754586
v -19.46549156 175.85917851 -96.96693249
v -22.71923588 183.37748035 -102.03583012
v -19.22104924 184.05440595 -102.30831776
v -20.71509032 190.54017722 -108.27800161
v -19.66060072 194.44923875 -113.11237307
v -24.4691674 192.117579 -110.96147452
v -24.24092558 198.92206477 -120.36023447
v -26.48958267 200.85064326 -128.44452363
v -27.37013791 197.45036832 -121.18864729
v -24.12069887 201.9739766 -127.82417855
v -27.37013791 197.45036832 -121.18864729
v -27.46971165 190.37664896 -111.84112427
v -24.24092558 198.92206477 -120.36023447
v -17.06802316 114.95703398 -95.68153812
v -20.83900162 140.15202786 -96.59446553
v -15.95996433 183.27434486 -103.35024298
v -15.87220454 191.39217147 -111.67728038
v -15.8266779 172.92727799 -96.71712761
v -20.69881951 199.25549177 -120.37524529
v -24.12069887 201.9739766 -127.82417855
v -21.43835774 202.22522671 -127.83508513
v -10.58594154 121.30958396 -92.91655314
v -12.22472431 147.71638682 -95.7500015
v -13.89404109 171.99977647 -98.46813557
v -13.66262993 182.05684467 -105.44202948
v -15.95996433 183.27434486 -103.35024298
v -17.3541801 198.3912083 -121.23135957
v -18.9071448 201.56083337 -128.47508137
v -12.32033773 183.61321503 -111.41162025
v -13.343515 189.35242555 -113.74014379
v -14.78553693 196.47376327 -122.77846092
v -18.9071448 201.56083337 -128.47508137
v -17.3541801 198.3912083 -121.23135957
v -16.96497576 200.09557445 -129.63231602
v -15.87220454 191.39217147 -111.67728038
v -18.90936609 131.84615128 -89.39273875
v -20.05320291 130.19779263 -90.89808597
v -13.24318216 172.72973843 -105.79845448
v -12.52456551 184.65829204 -118.86224064
v -13.03524673 168.80538742 -99.00355261
v -12.55399985 190.20213863 -120.59963187
v -14.56801929 196.24896561 -128.50464503
v -20.83900162 140.15202786 -96.59446553
v -17.950569 115.65850172 -94.3959165
v -22.62293586 146.70553543 -95.73453357
v -14.01513348 175.03791379 -110.46594959
v -13.57290041 190.83355858 -126.84658763
v -16.02907272 195.86907312 -132.63895002
v -16.52553744 198.41179803 -131.82405409
v -15.61421365 168.58716538 -107.09281571
v -16.36162417 173.56168675 -112.03653389
v -14.01513348 175.03791379 -110.46594959
v -16.36162417 173.56168675 -112.03653389
v -14.75592737 184.569224 -124.72418077
v -16.15480983 191.24694696 -131.87151084
v -22.82617218 195.52072266 -136.15033473
v -25.62339442 196.70238536 -135.13612412
v -28.29324929 194.72175386 -132.59101734
v -26.34249609 199.23831253 -133.32466471
v -26.34249609 199.23831253 -133.32466471
v -28.26652345 197.42023962 -131.70471485
v -28.1349332 199.04958004 -129.58774935
v -24.51432712 201.44709641 -131.91651842
v -20.65321047 201.7033735 -132.14003646
v -21.43835774 202.22522671 -127.83508513
v -18.9071448 201.56083337 -128.47508137
v -16.96497576 200.09557445 -129.63231602
v -18.56800856 198.9418059 -134.06790834
v -16.52553744 198.41179803 -131.82405409
v -18.56800856 198.9418059 -134.06790834
v -19.80637561 196.48033496 -135.69237479
v -18.70930461 193.77986105 -135.08167008
v -18.70930461 193.77986105 -135.08167008
v -19.82849518 172.56384994 -112.63571627
v -22.78326671 147.62295236 -92.65959039
v -18.62013427 189.50820084 -132.9032632
v -17.69654831 182.50540875 -125.70234958
v -12.91301898 117.14694416 -96.67443276
v -10.8262192 116.35103574 -94.40651994
v -14.5350624 149.98553097 -99.28163974
v -15.09142297 157.23664244 -101.29085085
v -13.26594767 162.52449004 -100.52932795
v -15.61421365 168.58716538 -107.09281571
v -14.5350624 149.98553097 -99.28163974
v -18.99148366 156.62769867 -102.2188771
v -15.09142297 157.23664244 -101.29085085
v -17.95869727 149.60425044 -100.06435692
v -19.63351895 162.71773148 -104.88560864
v -24.91058972 161.90335971 -99.75384354
v -22.86272796 160.64429396 -102.17971618
v -21.03875989 149.47661078 -99.10195872
v -25.61771046 170.07249959 -98.26272158
v -22.82741795 160.72138081 -92.90378987
v -24.25011836 171.36135684 -96.75717216
v -16.10503944 158.32477124 -91.116063
v -18.21317935 169.44834081 -94.08668861
v -21.03875989 149.47661078 -99.10195872
v -22.86272796 160.64429396 -102.17971618
v -21.42911003 150.13938336 -90.64261623
v -19.13511746 158.51932341 -90.75304953
v -15.76504303 163.40370584 -104.0565058
v -13.89306996 157.61854455 -92.56093229
v -15.8266779 172.92727799 -96.71712761
v -22.82741795 160.72138081 -92.90378987
v -19.72455355 140.8045529 -51.96684179
v -16.85562701 132.53861039 -50.20662198
v -16.71413432 145.77378993 -51.71526731
v -20.87080282 158.86083013 -55.29751591
v -17.51101203 154.71137809 -53.63814264
v -26.29282786 176.36218325 -75.05042799
v -24.31864012 177.18515547 -79.66985413
v -23.48544391 173.60398631 -75.28699206
v -24.97466889 195.2678256 -103.70704496
v -21.88234521 198.88710635 -106.56352427
v -21.00508565 190.31115674 -100.1841069
v -12.73595152 139.6850975 -52.50175163
v -12.98450191 156.89234175 -57.74488072
v -14.82054813 159.38881105 -56.12293657
v -27.42583725 177.84409873 -72.92592193
v -28.94849809 184.85296925 -86.43185686
v -26.29282786 176.36218325 -75.05042799
v -28.21861073 190.61643473 -96.79333999
v -27.63573526 196.81839885 -102.9166644
v -24.87166984 188.72839611 -97.8696061
v -12.29666095 123.67531439 -55.50498476
v -14.25869585 141.40486568 -59.85311038
v -13.41244542 148.66314173 -60.42406104
v -14.25869585 141.40486568 -59.85311038
v -16.43233867 146.7175867 -61.80603741
v -13.41244542 148.66314173 -60.42406104
v -29.7907794 187.39030761 -80.72120241
v -30.1962941 188.19079178 -88.24387091
v -30.186284 193.34988124 -95.34355386
v -29.38589088 199.25618909 -101.79591977
v -28.21861073 190.61643473 -96.79333999
v -12.17577016 123.76894993 -51.59814814
v -11.35851025 129.85720027 -53.66513028
v -12.42409644 128.37279838 -51.25829309
v -27.27524406 182.77371085 -71.12301851
v -25.5654738 170.03912097 -63.84436964
v -30.83017585 194.73293735 -91.406797
v -29.91407111 202.19014307 -100.49973034
v -14.46911018 121.80774961 -50.24014398
v -15.04249517 132.622835 -50.19531778
v -25.77164548 188.51124502 -73.13663242
v -28.77691795 190.91841267 -79.67791543
v -29.8049201 198.16350327 -90.06176994
v -29.11348025 205.07811119 -99.33539041
v -14.87932344 122.59854906 -56.51857359
v -16.78171351 124.84653378 -56.75308637
v -19.71011185 146.29195631 -61.21595309
v -23.04925514 193.29577352 -76.38079914
v -27.04310454 198.32474673 -85.13849025
v -25.77164548 188.51124502 -73.13663242
v -24.45091148 204.59008253 -91.39092657
v -27.04310454 198.32474673 -85.13849025
v -27.16110997 207.43929201 -98.46432713
v -20.12217288 183.08258576 -66.36662153
v -21.01470576 188.08772532 -70.41978975
v -24.29861112 181.82493777 -66.73805422
v -20.34416607 194.38654958 -77.43586787
v -27.16110997 207.43929201 -98.46432713
v -17.80373948 123.13997153 -55.49680917
v -21.53581674 147.87351123 -60.4119943
v -16.41066512 184.62062822 -69.11088671
v -17.10861615 193.11373929 -77.41447205
v -15.74807463 198.19868874 -85.75571118
v -19.25822022 202.86468006 -89.26489079
v -12.92811378 155.48910617 -60.63460392
v -16.41066512 184.62062822 -69.11088671
v -13.75493118 188.24421453 -76.94523991
v -17.10861615 193.11373929 -77.41447205
v -14.35332276 198.06784511 -88.23192015
v -15.74807463 198.19868874 -85.75571118
v -18.42069787 208.32764702 -98.669552
v -21.27558807 209.19533598 -98.15324078
v -14.82054813 159.38881105 -56.12293657
v -12.80076343 190.24131071 -83.03601981
v -18.33059594 124.57003514 -51.58561806
v -19.72455355 140.8045529 -51.96684179
v -21.56731363 141.21197983 -54.23348461
v -22.73421368 154.14360168 -56.13804096
v -13.61903236 176.87075076 -68.71940598
v -12.73114696 187.57350541 -85.20118568
v -21.53581674 147.87351123 -60.4119943
v -18.70516193 124.03335159 -54.35088522
v -23.32632587 154.47829405 -60.6191294
v -13.70905849 178.67215782 -74.36439783
v -14.20080049 186.66840083 -90.41751347
v -15.50008835 178.60950376 -79.44082159
v -12.90854124 193.07781154 -93.04843192
v -15.50008835 178.60950376 -79.44082159
v -17.27455846 184.63410824 -92.09404309
v -14.20080049 186.66840083 -90.41751347
v -23.24071487 203.9105967 -108.16179342
v -25.77418316 201.12321343 -106.65623456
v -25.90775742 205.51183569 -107.26450512
v -28.32893281 204.79623226 -104.77552192
v -26.30853292 208.36013694 -105.87284617
v -28.32893281 204.79623226 -104.77552192
v -27.75904674 207.74735023 -103.1861041
v -24.26330551 210.55928854 -104.90763164
v -26.24162605 209.51953876 -102.4084669
v -24.07203253 210.59558114 -101.99639615
v -19.77508085 209.9566784 -105.40762704
v -19.32371873 210.07611024 -102.46835185
v -17.55785256 208.57256426 -103.26913361
v -18.63146924 207.30813983 -106.73992847
v -16.63121589 206.53694472 -104.28582683
v -17.16808356 203.29542822 -106.01519273
v -20.09370363 204.69250104 -107.93297609
v -19.29336104 199.64628802 -106.33265922
v -19.90738956 176.97153097 -80.70530671
v -21.2436946 183.44981791 -92.29818663
v -16.12362163 174.31277249 -75.16232726
v -14.6425381 191.95900816 -96.77480526
v -17.5584315 191.58015287 -99.89752282
v -16.14311783 197.87748811 -103.06972074
v -19.9095043 129.02598148 -53.65242417
v -13.59365776 124.68747728 -56.65233055
v -11.58081214 124.72587681 -54.36147109
v -14.97225526 157.34134136 -64.36534123
v -16.0245807 167.84202836 -69.81248333
v -13.88176905 169.36156523 -67.69517507
v -16.12362163 174.31277249 -75.16232726
v -18.313276 163.38819992 -68.52683011
v -20.18183254 168.85923237 -72.12433431
v -16.0245807 167.84202836 -69.81248333
v -18.00761627 156.72483262 -65.27965522
v -14.97225526 157.34134136 -64.36534123
v -20.30306993 173.36554642 -76.00277602
v -25.53750658 168.85318561 -67.00942789
v -22.26889542 163.37863872 -67.63492012
v -21.45025187 156.56298093 -64.50423241
v -23.62584244 164.89292387 -59.05246842
v -22.01933819 169.6579951 -59.3281887
v -24.90485742 175.06277197 -63.8992261
v -24.29861112 181.82493777 -66.73805422
v -18.67628291 167.05199944 -57.50371927
v -16.95320906 176.64673937 -62.88982067
v -22.26889542 163.37863872 -67.63492012
v -23.89132993 169.43120154 -70.73456012
v -23.62584244 164.89292387 -59.05246842
v -21.45025187 156.56298093 -64.50423241
v -21.63411834 176.94023808 -62.49185534
v -14.48420553 180.31804986 -68.14723546
v -15.44809007 169.55304159 -60.03984648
v -16.95320906 176.64673937 -62.88982067
v -14.48420553 180.31804986 -68.14723546
v -24.90485742 175.06277197 -63.8992261
v -20.13558743 145.27082092 -36.40354385
v -17.21372774 136.73916758 -36.66379255
v -17.1056753 150.05583353 -35.08337694
v -21.3026281 163.6064469 -35.46585314
v -17.91890293 159.19424152 -34.88092098
v -25.54307849 182.85860013 -50.72988445
v -25.7073466 188.07340026 -55.65580815
v -21.89628707 182.44359359 -52.28967665
v -28.04060181 196.83534038 -65.55803098
v -22.92468251 196.2696329 -67.68622397
v -26.23150169 201.89910756 -72.574645
v -23.36328592 208.29959315 -77.59333813
v -22.7161599 201.64927671 -73.04958883
v -26.02490816 208.48693333 -77.22890092
v -13.16398676 144.32029146 -37.33793731
v -13.47875907 162.27146899 -38.47631939
v -15.27078313 164.32388026 -36.28302362
v -25.7073466 188.07340026 -55.65580815
v -30.75057619 198.22339704 -62.28454243
v -28.04060181 196.83534038 -65.55803098
v -27.55463056 186.02650163 -50.78923592
v -29.24803223 203.24178447 -71.2408493
v -28.30418438 209.50680849 -76.21993263
v -12.83902363 129.43136374 -43.95163532
v -14.84532292 147.68113028 -44.06073657
v -13.99064542 154.87814441 -42.96595285
v -14.84532292 147.68113028 -44.06073657
v -17.04636169 153.29566792 -44.69033044
v -13.99064542 154.87814441 -42.96595285
v -27.17692048 181.5695477 -43.25371914
v -30.85537029 196.85807803 -54.54765628
v -31.23782616 205.4460907 -69.27515601
v -28.30418438 209.50680849 -76.21993263
v -29.24803223 203.24178447 -71.2408493
v -29.80730618 211.18175235 -74.74003253
v -12.63070041 128.62425024 -40.13169597
v -11.84182847 135.02652062 -40.76087911
v -12.85779587 133.02593693 -38.73671247
v -30.96966697 203.16419317 -56.5899933
v -32.01391028 204.88382094 -62.68697784
v -31.23914224 211.19841605 -70.41252103
v -14.89894377 126.39810945 -39.21011453
v -15.41839372 137.00648747 -36.65891552
v -30.9492381 210.98233841 -64.98339484
v -29.62568298 215.27439165 -71.42456173
v -29.77316944 213.80689588 -73.65579097
v -15.44681574 128.61072612 -45.12758629
v -17.34734814 130.84806806 -44.79615464
v -20.31137397 152.73835115 -44.14069409
v -23.52391558 186.0532139 -39.6788942
v -27.12478269 196.64824944 -46.50272781
v -25.51437085 185.22313085 -40.77173999
v -28.80084025 213.05543666 -63.17328219
v -27.9714275 216.98576822 -70.16256377
v -28.83556582 205.30654049 -54.37695418
v -20.72972647 189.72488542 -40.68121915
v -24.01711538 197.59866911 -45.15364885
v -20.52075346 198.29446363 -45.40030049
v -22.05537874 205.20578527 -50.86045009
v -21.03433708 209.46354168 -55.39840079
v -25.82812699 206.97773158 -53.39210164
v -25.66519254 214.46199274 -62.26046897
v -27.9714275 216.98576822 -70.16256377
v -28.80084025 213.05543666 -63.17328219
v -25.59771222 218.06025947 -69.47761001
v -28.83556582 205.30654049 -54.37695418
v -18.34611095 128.89603626 -43.94345423
v -22.11401124 154.08849442 -42.9538905
v -17.26756831 197.59456466 -46.52088831
v -17.23685029 206.30885607 -54.22190757
v -17.60296614 189.29256784 -41.55484899
v -22.12320291 214.79617116 -62.27624219
v -22.91541503 218.31205446 -69.48917572
v -13.49100805 161.57054117 -41.61181264
v -15.17070295 185.98856082 -42.50533711
v -14.98584119 196.53628795 -48.71395904
v -17.26756831 197.59456466 -46.52088831
v -18.78510875 213.99844739 -63.21842009
v -20.38915991 217.69747874 -70.19509892
v -15.27078313 164.32388026 -36.28302362
v -13.68609963 198.53227463 -54.56090742
v -14.72387789 204.42847205 -56.44892266
v -16.22842233 212.20168167 -64.92225782
v -20.38915991 217.69747874 -70.19509892
v -18.78510875 213.99844739 -63.21842009
v -18.45593867 216.32258758 -71.47201542
v -17.23685029 206.30885607 -54.22190757
v -18.78132639 129.38703301 -39.79744187
v -20.13558743 145.27082092 -36.40354385
v -22.02726103 146.18448651 -38.47387137
v -23.44522773 161.99769717 -37.2530839
v -14.5725179 187.26150615 -49.76566997
v -13.9437225 200.12819523 -61.91153451
v -14.20947804 186.85725979 -46.11570912
v -13.98360143 205.78582004 -63.23179046
v -16.05236006 212.40318352 -70.65074678
v -22.11401124 154.08849442 -42.9538905
v -19.21908501 129.49986595 -42.60291214
v -23.88922069 160.55976173 -41.5963524
v -15.3772866 189.91009871 -54.24299951
v -15.04734093 206.87968443 -69.40701893
v -17.54335592 212.33139836 -74.79115983
v -18.0329689 214.80643425 -73.78597962
v -16.9543955 183.22622749 -51.34716478
v -18.25201904 188.24073988 -56.07551631
v -15.3772866 189.91009871 -54.24299951
v -16.21739276 200.47467221 -67.74755961
v -17.66530518 207.66503302 -74.36853315
v -16.21739276 200.47467221 -67.74755961
v -25.92659118 212.55778969 -77.88913346
v -27.83883536 214.47263334 -76.18095643
v -28.30418438 209.50680849 -76.21993263
v -29.80730618 211.18175235 -74.74003253
v -27.83883536 214.47263334 -76.18095643
v -26.69965205 217.47074794 -73.98220096
v -29.77316944 213.80689588 -73.65579097
v -29.62568298 215.27439165 -71.42456173
v -27.9714275 216.98576822 -70.16256377
v -25.59771222 218.06025947 -69.47761001
v -22.85783716 218.25825059 -73.50906325
v -22.91541503 218.31205446 -69.48917572
v -20.38915991 217.69747874 -70.19509892
v -20.45638097 216.72312303 -74.94840883
v -18.45593867 216.32258758 -71.47201542
v -18.0329689 214.80643425 -73.78597962
v -20.40434424 214.2436312 -76.96519405
v -20.24193491 210.42910015 -77.36296106
v -22.7438349 212.45967479 -78.22492896
v -20.24193491 210.42910015 -77.36296106
v -21.55509652 187.4240704 -56.4245318
v -20.39282581 134.19531281 -40.74818179
v -20.13868538 206.00736741 -75.50881915
v -19.16582998 198.48886588 -68.85522703
v -14.15830588 130.67731623 -44.80610429
v -12.09473906 130.19241315 -42.61349032
v -15.8259122 164.0956667 -44.94821653
v -16.39403178 171.47592757 -46.40884383
v -14.20821139 177.17963543 -44.47610579
v -15.8259122 164.0956667 -44.94821653
v -20.30090906 170.93705378 -47.35135574
v -16.39403178 171.47592757 -46.40884383
v -19.25522663 163.77303075 -45.73235197
v -19.59530544 177.34097833 -49.55536387
v -25.76237361 175.60397321 -45.25295645
v -23.42447148 175.04779572 -47.62115575
v -22.32835183 163.57372085 -44.75986455
v -25.54307849 182.85860013 -50.72988445
v -26.89329353 184.04948097 -42.35898735
v -24.0679283 174.32639527 -37.73026316
v -25.51437085 185.22313085 -40.77173999
v -18.72816254 167.73240949 -35.35809194
v -17.62000595 175.51385397 -36.88588433
v -15.77376781 179.19828509 -39.08296009
v -19.45905398 183.11788056 -38.29457161
v -23.42447148 175.04779572 -47.62115575
v -22.32835183 163.57372085 -44.75986455
v -23.44522773 161.99769717 -37.2530839
v -20.73327923 175.60003958 -36.47556398
v -15.77376781 179.19828509 -39.08296009
v -16.02768084 178.27370459 -47.99932335
v -15.17070295 185.98856082 -42.50533711
v -24.0679283 174.32639527 -37.73026316
v 0.19826215 237.60699962 162.35569907
v 0.37797659 235.23051972 171.92337332
v 4.87576973 237.84432377 158.79352551
v -8.93631485 238.34671869 159.7452324
v 0.19826215 237.60699962 162.35569907
v 1.89007859 240.39755904 155.37293435
v 8.70073487 237.23907658 155.22106954
v -9.26790671 225.79009175 181.49250762
v -10.88162192 226.21511564 173.59278605
v -13.76656935 225.01450954 173.9208259
v -6.90587931 226.44568321 180.91652661
v 5.79614129 -1.91753557 -160.49279424
v 1.02696083 -5.05228919 -161.34784474
v 5.79614129 -1.91753557 -160.49279424
v 5.07754277 4.45446315 -159.00348681
v 0.3880213 -2.02797169 -159.24796433
v 10.98861723 9.64365178 -161.54538632
v 10.14589319 3.71675573 -162.06222841
v 13.71779889 14.91170832 -164.81204729
v 14.22111644 22.88291537 -165.58570928
v 10.98861723 9.64365178 -161.54538632
v 12.72512432 87.18532774 -190.68166736
v 5.50898575 89.91699166 -193.69747769
v -19.11376799 56.05280574 -177.91659049
v 7.0066433 33.14235827 -167.92944645
v -14.75803441 28.8741255 -166.20745289
v 5.76592092 14.48409554 -161.06126364
v 16.52787322 113.02514002 -182.06415789
v 6.26461133 105.97734024 -185.65652757
v 16.71091796 102.77882633 -184.70817729
v 12.72512432 87.18532774 -190.68166736
v 18.25558081 84.78971008 -186.0054101
v 2.18774189 148.71581086 -163.78931587
v 8.14602764 170.64321821 -153.20110706
v 9.45508721 197.53798604 -116.64608114
v 2.20450376 194.9037606 -98.01642783
v 2.85506883 198.1974746 -120.87341261
v 9.11037687 188.20663141 -138.76487796
v 9.63520648 196.2578029 -125.76453047
v 6.13473484 186.56226896 -142.62727526
v -25.93537309 82.24909752 -194.66350866
v -26.69357041 100.79729431 -193.77970469
v -29.62278058 132.45511966 -184.78302501
v 9.30663732 143.17961356 -168.81459844
v 12.78558592 139.7225737 -174.92955022
v 4.32661299 139.09864075 -173.61769031
v -9.72882413 29.34230884 -206.53000016
v -12.54715471 11.10628153 -196.02019582
v -17.02035212 31.31163665 -205.87096823
v -11.90974547 51.58782696 -216.62781771
v -19.70317332 54.35416678 -214.27773736
v -15.03258174 194.73677967 -215.53910373
v -16.68819615 170.18083189 -221.37978048
v -19.93643007 194.58278575 -212.98089358
v 9.86370865 169.76160128 -156.06622913
v 5.25861998 168.90606985 -158.22174113
v -22.70198624 35.38430827 -203.79929029
v -29.67284429 58.7607235 -205.58053026
v -30.69708936 22.57838117 -188.88022469
v 8.0476788 188.02819287 -145.99839576
v -22.35982456 150.7829922 -165.66731379
v -28.15835017 161.22791505 -164.81731787
v -22.99827084 161.98372776 -160.83322602
v -22.35982456 150.7829922 -165.66731379
v -14.68195564 154.90642036 -160.75254642
v -22.99827084 161.98372776 -160.83322602
v 2.74987375 224.59834865 180.53224084
v 0.02036637 226.32499516 181.32951596
v -1.42134769 225.63575293 184.33882246
v 6.18241796 242.68175161 150.31629313
v 2.18041118 243.8667935 151.38286564
v 4.24964054 246.12723135 150.06202361
v 9.23432112 244.18366198 145.34906627
v 4.24964054 246.12723135 150.06202361
v 6.18241796 242.68175161 150.31629313
v -9.48476576 241.61285935 154.00567162
v 2.915024 226.12490168 173.68634847
v 0.02036637 226.32499516 181.32951596
v 6.3902276 225.13354948 171.89748404
v -9.43326898 261.19381992 103.73003637
v -12.71133547 143.20798541 -227.22994843
v -9.71750783 99.34080522 -228.6222862
v -11.88164204 75.55071555 -224.50395476
v -16.66156918 122.78830893 -227.40119787
v -19.22789109 143.62565185 -223.9708377
v -10.5337966 169.85431895 -223.1439669
v 9.45508721 197.53798604 -116.64608114
v 9.38856704 199.45169062 -120.88226283
v 3.99613068 200.0380592 -122.88289528
v -14.17843814 201.0201172 -123.21067144
v 8.46444059 201.64373625 -122.77586037
v 1.31326114 249.88562895 169.53402311
v -9.02127056 218.19088654 168.15565707
v -9.19445954 221.41183505 179.11727484
v -13.10408542 220.83132729 174.28199889
v 2.0166594 261.1566884 103.14656768
v 6.35929317 260.04046077 103.83708053
v -10.01125859 214.21330218 139.44748607
v 9.00025473 261.91913962 77.8508485
v 8.97946223 259.62932069 18.41068476
v 8.68683915 262.76194454 55.07569827
v -27.44051844 261.63552372 -97.03864307
v -24.09587574 255.17114538 -13.14793597
v -24.41636168 257.24113334 -33.09962856
v 6.68906745 274.24962907 -81.94613172
v 2.43575289 264.29273761 -35.2066889
v 9.1827458 262.38301372 -34.06297481
v -18.73560091 217.53910813 134.56016398
v -17.96319368 222.60615027 162.17513294
v -20.15832988 272.69061578 -101.61534558
v -23.7565846 267.93265879 -115.11774561
v -23.29468726 266.84274043 -82.05709415
v -23.69464104 265.52863997 -133.42881048
v -30.18790108 255.4416913 -117.03250347
v -23.01078347 198.19322265 -110.54230787
v -29.60901119 201.76561881 -100.66001938
v -29.89242064 201.75184535 -85.21330733
v 9.77494587 197.41099646 -36.38293891
v 9.01937192 188.1325144 -25.82109876
v 9.12681906 191.36401265 -33.56865253
v 1.83690211 201.05681744 -45.71094375
v 4.59306996 198.47533986 -45.05535728
v 1.88863069 198.92178257 -45.34286553
v 8.03135855 182.73546786 -16.07975552
v 7.93552872 182.22656214 -7.98910372
v 4.77526221 182.52749192 -18.64112068
v -1.51015166 193.52550013 -38.70259987
v 0.75718895 189.69119108 -35.84417057
v -0.10437379 188.45109453 -31.31928592
v 7.5855244 193.92470454 -39.6302264
v 4.98822796 192.77643158 -40.51280557
v 6.2376493 182.43414005 -7.56745116
v 9.81380753 184.10893946 10.81902577
v 7.08390412 184.24055734 5.06585871
v 0.02331107 192.15608414 -26.90890432
v 0.4380493 188.65303556 -25.1247627
v 1.73153181 187.9214526 -21.59476212
v -4.12272806 199.60788477 -36.98765253
v 6.92550235 199.30892952 -44.02496808
v 8.94794227 197.89428435 -40.49054952
v 7.5855244 193.92470454 -39.6302264
v 3.07710981 187.96309516 -18.91553048
v 3.79127837 185.98850194 -12.8360471
v 5.39599856 187.82087813 -14.51820748
v 6.07637478 187.52688379 -9.28504841
v 6.19122843 187.17331277 -0.4593702
v 7.69214542 188.16471087 -0.15048745
v 3.94819489 194.00721986 -25.71479234
v 3.32758433 190.50860974 -22.29883641
v 5.64497904 190.88488067 -22.48053493
v 6.28666498 193.90034939 -26.21285545
v 9.05492471 202.60634115 -40.67926031
v 7.58985823 202.80651642 -43.49266222
v 1.57953136 185.24903337 -23.54310904
v 4.23576953 183.12152527 -13.32803252
v 4.97323093 184.85812605 -4.61398951
v 4.76229588 187.11635574 -33.21788457
v 2.8404964 190.9855679 -38.68833901
v 6.72683824 184.62268728 -26.52028099
v 6.06460039 182.97871512 -21.77273509
v 3.097676 184.94889206 -28.18408702
v 7.10980055 205.89671269 -40.42771632
v 8.46023859 204.40304542 -38.64727747
v 8.06712996 189.89323421 -23.3149295
v 8.85210035 187.14832607 -20.00940233
v 7.87340938 202.77816614 -34.7495872
v 9.37946874 199.20781049 -34.90567181
v 7.10980055 205.89671269 -40.42771632
v 6.65969738 206.07972496 -37.46476437
v 7.80092071 187.46064201 -13.21046393
v 9.66126988 187.99556286 -0.68013753
v 9.34506834 185.89306085 -13.71794478
v 6.12250014 189.08755114 -18.91064975
v 7.48152345 188.2304282 -32.62750801
v 6.72683824 184.62268728 -26.52028099
v -2.56014677 193.28535955 -33.42298643
v 4.97916042 204.29114222 -33.67569613
v 1.98171192 206.76237654 -36.02558233
v 2.33833343 204.11085057 -33.09965011
v 3.79127837 185.98850194 -12.8360471
v 3.07710981 187.96309516 -18.91553048
v 6.12250014 189.08755114 -18.91064975
v -0.47689041 205.80870972 -36.10945745
v -0.43696644 203.09090083 -33.42567511
v 1.67994549 193.29306388 -25.97235248
v 8.47065186 184.55141986 -21.95911202
v 9.85188812 183.53541627 -8.08655964
v 10.98270916 184.11029462 7.95943592
v 6.28666498 193.90034939 -26.21285545
v 8.56368256 192.49157414 -27.56998214
v -1.97466756 202.18082486 -34.26104193
v -0.47689041 205.80870972 -36.10945745
v -0.10545395 206.87105484 -38.00252145
v -2.17534108 205.30772083 -37.88930111
v 8.47065186 184.55141986 -21.95911202
v 7.48152345 188.2304282 -32.62750801
v 0.75718895 189.69119108 -35.84417057
v 3.097676 184.94889206 -28.18408702
v -13.02167234 198.18366707 -44.80992511
v -10.08025548 199.87098476 -45.71146428
v -10.46194785 195.23290996 -43.11269337
v -10.50401566 189.38773055 -36.58881268
v -13.83355313 192.830415 -40.23816047
v 11.15712249 186.25296095 -0.67244511
v 17.57918029 191.21610801 42.88553804
v 12.02938908 185.10052589 7.3397013
v 16.84928195 189.83500532 39.98624635
v -15.12399865 182.23993396 -7.29779789
v -16.08876423 182.37239098 -14.02782352
v -13.03458704 182.59365606 -19.3186
v -18.85636812 184.1714741 11.14121667
v -18.05393058 183.10008088 -2.5681598
v 6.19122843 187.17331277 -0.4593702
v -2.3430735 198.92953884 -42.77301394
v -2.24869404 202.46945097 -43.49862517
v -0.53988365 198.32434472 -44.30537829
v 8.06712996 189.89323421 -23.3149295
v 8.56368256 192.49157414 -27.56998214
v 1.93566236 195.23798532 -43.11966045
v -1.51015166 193.52550013 -38.70259987
v 4.23576953 183.12152527 -13.32803252
v 1.57953136 185.24903337 -23.54310904
v 17.92921317 187.99384809 47.06822433
v 17.64980909 187.49455984 45.64847694
v 12.14477004 191.20871927 44.02071379
v 11.66073556 192.22261262 37.53641127
v 11.66073556 192.22261262 37.53641127
v 13.08374247 193.01627339 35.35565842
v 15.54031795 188.61202802 39.94977866
v 13.15996955 188.65357574 40.40791012
v 7.08390412 184.24055734 5.06585871
v 13.15996955 188.65357574 40.40791012
v 11.83970353 190.01091172 40.7687878
v 16.10453324 191.92612337 35.5394174
v 13.29707678 193.27868163 42.25456715
v 12.41643145 189.45991077 45.79216864
v 13.70849186 185.77171288 49.32795968
v 14.10879169 190.75474532 47.46201911
v 13.88930103 192.71408015 45.35748876
v 16.402681 188.40111763 42.94111699
v 15.54031795 188.61202802 39.94977866
v 16.62363714 186.66058135 45.01098545
v 16.402681 188.40111763 42.94111699
v 16.62363714 186.66058135 45.01098545
v 14.92452733 186.26525912 45.01939611
v 13.88930103 192.71408015 45.35748876
v 14.10879169 190.75474532 47.46201911
v 16.86065647 190.56573311 46.95816549
v 13.29707678 193.27868163 42.25456715
v 13.88930103 192.71408015 45.35748876
v 16.15762238 193.07631308 41.70811566
v 13.47338294 188.37220791 43.35175979
v 14.67716174 192.88519946 35.36935972
v 16.10453324 191.92612337 35.5394174
v 15.95607125 187.31497836 49.26580714
v 17.92921317 187.99384809 47.06822433
v 16.79574678 192.32388152 44.74081716
v 16.86065647 190.56573311 46.95816549
v 16.15762238 193.07631308 41.70811566
v 13.47338294 188.37220791 43.35175979
v 13.07304686 186.97779591 45.86343502
v 16.87335146 159.64486885 57.06800713
v 15.97205754 164.57624152 54.44723964
v 17.15292252 165.53854955 54.02878371
v 16.17663851 161.23113968 56.46271632
v 16.12328351 163.10545465 56.77309957
v 15.17047798 166.48715486 54.84226495
v 15.97205754 164.57624152 54.44723964
v 14.6631265 172.94635374 53.48130273
v 17.15292252 165.53854955 54.02878371
v 14.6631265 172.94635374 53.48130273
v 16.12328351 163.10545465 56.77309957
v 15.95326992 169.40744697 55.28476559
v 13.70849186 185.77171288 49.32795968
v 15.66226502 179.93464464 52.00762786
v 17.19773949 163.70052142 56.74219909
v 16.95714104 179.60591726 51.8388623
v 13.07304686 186.97779591 45.86343502
v 16.95714104 179.60591726 51.8388623
v 17.19773949 163.70052142 56.74219909
v 17.90582477 168.45332083 54.40387654
v 12.45488115 211.43471778 -11.18823334
v 10.17892259 199.84075918 -3.51993541
v 11.40621942 204.89970154 -10.10908983
v 5.87843573 214.21089007 -20.34265688
v 8.39185635 215.78047717 -20.04103132
v 8.49582214 211.44524956 -18.78860086
v 5.58391433 207.70953852 -17.21285795
v 6.22509822 217.40136705 -20.33176295
v 8.30620799 204.28331926 -14.03612124
v 7.79231347 192.22249515 4.30717233
v 6.52726013 189.71376994 11.91191473
v 5.12019777 191.9085346 3.82309945
v 3.06134873 207.58992276 -16.28102617
v 4.82051312 200.86333973 -11.4590735
v 2.21999954 201.69050502 -10.24002042
v 4.78625993 189.87131487 12.13040128
v 5.66538485 186.77135809 30.65794544
v 3.79631638 188.43458568 24.80066293
v -0.00204898 207.78648762 -8.86881064
v 1.98435726 200.41391917 -2.23816752
v 2.35191881 204.74083283 -3.62439195
v 2.88434828 195.10013218 4.2274096
v 3.30038721 198.16980647 2.21751587
v 10.73459874 215.27512973 -18.42208137
v 12.22963073 212.9565211 -15.11437637
v 10.75810909 208.94908242 -15.48318304
v 3.30038721 198.16980647 2.21751587
v 3.52188165 195.29474534 7.63132853
v 4.95879362 196.84971696 6.71653302
v 4.87511828 195.2339911 11.74817963
v 3.71220217 192.68436212 20.1254512
v 5.15267458 193.51180637 20.88144687
v 5.14572837 205.68399314 -2.64578353
v 4.0375487 201.46839481 -0.34460348
v 6.35688841 201.79326185 -0.09930104
v 7.53167504 205.61930533 -2.82219514
v 12.35736063 217.5551449 -14.08789317
v 11.30645014 218.50120918 -16.93648767
v 2.65418783 195.66680524 -0.7957779
v 3.63862922 192.04761969 6.50803976
v 3.10793658 191.52574007 15.39270642
v 8.01161958 196.70268334 -5.39579028
v 6.66967892 193.95085877 -1.35757826
v 6.97556276 197.68252193 -7.66746241
v 10.38027597 220.74620205 -13.29114341
v 11.47490377 218.80652261 -11.77318191
v 8.87420673 200.95362576 -0.80940973
v 9.17281479 197.44365636 1.77287487
v 10.33560182 216.28554551 -8.53472369
v 11.8494401 212.81675848 -9.37509294
v 10.38027597 220.74620205 -13.29114341
v 9.519385 220.19950051 -10.47028221
v 11.47490377 218.80652261 -11.77318191
v 7.14929827 196.08690153 8.21436646
v 7.17770052 193.40848868 20.60721484
v 8.75059754 194.64037758 7.54908583
v 6.31300302 199.14544904 2.93214403
v 7.14929827 196.08690153 8.21436646
v 9.17281479 197.44365636 1.77287487
v 9.64173634 201.69081262 -10.2274243
v 10.75810909 208.94908242 -15.48318304
v 0.50327592 204.91195267 -10.37093448
v 4.64934824 217.46301171 -7.43079125
v 2.35191881 204.74083283 -3.62439195
v 9.07736945 195.43140079 -0.80249008
v 6.66967892 193.95085877 -1.35757826
v 8.43756425 190.93465564 12.41715237
v 7.23559039 187.44390004 28.0838412
v 10.33560182 216.28554551 -8.53472369
v 9.98098353 204.51202407 -4.15844726
v 9.07736945 195.43140079 -0.80249008
v 9.64173634 201.69081262 -10.2274243
v 4.11006428 195.4055226 -3.5519534
v -0.77912373 214.81351451 -12.96048601
v 0.54572604 218.50120918 -16.93648657
v -0.37745207 212.95651671 -15.11437747
v 8.65669898 191.66577469 20.38417171
v 8.71100094 185.35998275 64.24090647
v 8.36091642 188.51861526 27.88682916
v 8.40813705 184.77399781 61.01430444
v 1.09650536 208.95088845 -15.48721147
v 2.21999954 201.69050502 -10.24002042
v 4.11006428 195.4055226 -3.5519534
v 1.16544182 215.48341723 -18.54032192
v 3.52188165 195.29474534 7.63132853
v 1.09650536 208.95088845 -15.48721147
v 3.25118203 214.53018964 -19.84254608
v 3.81023023 217.67207497 -19.93397229
v 1.16544182 215.48341723 -18.54032192
v 8.87420673 200.95362576 -0.80940973
v 1.98435726 200.41391917 -2.23816752
v 0.00467889 215.63690538 -10.31392301
v 1.52500419 216.30448034 -8.53717348
v 4.78625993 189.87131487 12.13040128
v 3.79631638 188.43458568 24.80066293
v 8.45237398 181.18498525 67.48173786
v 8.38125741 181.06650061 65.95730176
v 3.16954728 185.26776065 64.56531648
v 3.62849003 187.885279 58.54486648
v 3.62849003 187.885279 58.54486648
v 5.35196926 189.14574776 56.85628729
v 7.11821224 183.6474413 60.48763602
v 4.69662049 183.6601451 60.60360031
v 4.69662049 183.6601451 60.60360031
v 3.33804595 184.93165478 61.10682098
v 8.31440437 187.93474706 57.17999441
v 4.56519448 187.66961655 63.55781092
v 3.18212802 183.12337057 65.85828136
v 3.94915119 178.62480228 68.49394529
v 4.61518788 183.89767098 68.02066598
v 4.70239784 186.32704139 66.46923119
v 7.53882779 182.66511127 63.41924341
v 7.11821224 183.6474413 60.48763602
v 7.45806035 180.45605984 64.99287793
v 7.53882779 182.66511127 63.41924341
v 7.45806035 180.45605984 64.99287793
v 5.77563222 180.13344044 64.66339701
v 4.70239784 186.32704139 66.46923119
v 4.61518788 183.89767098 68.02066598
v 7.41098034 183.74014363 67.87568208
v 4.56519448 187.66961655 63.55781092
v 7.47470028 187.5058186 63.38390406
v 4.58093084 182.64152513 63.39514534
v 6.92662618 188.95735525 57.05927537
v 7.47470028 187.5058186 63.38390406
v 8.31440437 187.93474706 57.17999441
v 6.18208949 180.05150376 69.13843233
v 8.45237398 181.18498525 67.48173786
v 7.66748048 185.99733407 66.1871203
v 7.41098034 183.74014363 67.87568208
v 7.47470028 187.5058186 63.38390406
v 4.58093084 182.64152513 63.39514534
v 3.8215251 180.67976025 65.3921923
v 6.06220223 152.91147181 69.18830272
v 5.69458904 157.60061349 68.18816155
v 6.67747652 157.74679011 68.37223672
v 6.16210773 151.4174446 70.01393886
v 7.35284769 159.13237325 69.47969331
v 6.40137472 158.84109819 70.46079786
v 5.42243987 154.31355101 70.37685961
v 6.40137472 158.84109819 70.46079786
v 5.30870346 161.22074981 70.38298407
v 5.0297421 154.52037149 69.24748424
v 5.42243987 154.31355101 70.37685961
v 4.59820904 158.53403208 69.11297555
v 5.0297421 154.52037149 69.24748424
v 4.2930497 165.14250586 69.36856171
v 6.67747652 157.74679011 68.37223672
v 5.30870346 161.22074981 70.38298407
v 3.94915119 178.62480228 68.49394529
v 5.49478353 172.23607401 69.860497
v 6.80051885 171.9126571 69.79721104
v 3.8215251 180.67976025 65.3921923
v 6.80051885 171.9126571 69.79721104
v 9.77494587 204.26343586 16.54615579
v 9.01937192 194.9849516 27.10799539
v 9.12681906 198.21644985 19.36044629
v 1.83691639 207.90926562 7.21815259
v 4.59307271 205.32779244 7.87372698
v 1.88862629 205.77420439 7.58623741
v 8.03134867 189.58790067 36.84931776
v 7.93552432 189.07899495 44.93997396
v 4.77527155 189.37992253 34.28797896
v -1.51016182 200.3779593 14.22648384
v 0.75719884 196.54361071 17.084945
v -0.10439769 195.30356249 21.60980692
v 7.58553868 200.77715492 13.29887928
v 4.98823675 199.62886219 12.41630286
v 6.23765919 189.28657506 45.36165507
v 9.81381742 190.96138545 63.7482133
v 7.08390632 191.09299893 57.99498691
v 0.02329459 199.00851475 26.02017143
v 0.43805864 195.50546177 27.8043655
v 1.73152741 194.77389859 31.33432489
v -4.12272821 206.46031977 15.94144492
v 6.92550784 206.16135134 8.90414804
v 8.94794556 204.74673693 12.43854573
v 7.58553868 200.77715492 13.29887928
v 3.07711914 194.81553236 34.01357466
v 3.79127343 192.84093914 40.09302617
v 5.39601394 194.67331972 38.41089326
v 6.07639126 194.37932538 43.64403805
v 6.19123283 194.02575217 52.46975141
v 7.69214761 195.01714807 52.7786056
v 3.94820478 200.85963289 27.21432213
v 3.32757664 197.36106232 30.63024675
v 5.64501529 197.73731567 30.44855318
v 6.28667047 200.75276901 26.71624693
v 9.05492142 209.45878494 12.24982505
v 7.58985493 209.65896461 9.43643193
v 1.57953959 192.10145959 29.38602411
v 4.23578327 189.97394928 39.60107262
v 4.97322928 191.71055885 48.31509256
v 4.76229698 193.96879294 19.71120931
v 2.84050189 197.8380073 14.24075239
v 6.72682726 191.47512228 26.40880465
v 6.06460808 189.83114792 31.1563673
v 3.09766721 191.80132926 24.74501358
v 7.10980384 212.74914769 12.50137343
v 8.46023859 211.25548042 14.28181448
v 8.06712996 196.74566922 29.61416849
v 8.85210145 194.00075888 32.91970061
v 7.87342037 209.63057917 18.17951134
v 9.37947094 206.06024549 18.02341053
v 7.10980384 212.74914769 12.50137343
v 6.65970397 212.93215557 15.46432923
v 7.62815193 194.5508453 38.13535175
v 8.46449003 194.25743321 43.44969791
v 9.35422926 192.69930128 39.19340429
v 6.12251772 195.93997955 34.01845209
v 7.48151906 195.08284342 20.30161635
v 6.72682726 191.47512228 26.40880465
v -2.56015089 200.13780554 19.50610223
v 4.97918844 211.14358601 19.25337825
v 1.9817284 213.61481154 16.90351236
v 2.33832904 210.96327679 19.82946024
v 3.79127343 192.84093914 40.09302617
v 3.07711914 194.81553236 34.01357466
v 6.12251772 195.93997955 34.01845209
v -0.47688959 212.66114473 16.81964823
v -0.43697633 209.94336659 19.50338498
v 1.67993011 200.1454879 26.95674441
v 8.47064967 191.40385706 30.9699629
v 9.85188921 190.38785347 44.84253561
v 10.9826806 190.96270546 60.88839055
v 6.28667047 200.75276901 26.71624693
v 8.56368146 199.34400695 25.35912656
v -1.97464559 209.03325108 18.66808628
v -0.47688959 212.66114473 16.81964823
v -0.10544242 213.72349863 14.92658259
v -2.17534863 212.16014705 15.03980073
v 8.47064967 191.40385706 30.9699629
v 7.48151906 195.08284342 20.30161635
v 0.75719884 196.54361071 17.084945
v 3.09766721 191.80132926 24.74501358
v 11.15712579 193.10539596 52.25667431
v 17.85578083 198.18994334 97.88201869
v 12.0293803 191.9529521 60.26872185
v 16.89413187 196.76041344 92.83125759
v -10.30488137 189.75068264 -22.46075072
v -10.66632668 187.14821197 -19.06959609
v -9.21450941 186.87477233 -23.75929054
v 6.19123283 194.02575217 52.46975141
v -2.34308696 205.78198703 10.15610108
v -2.24869555 209.32191234 9.43047338
v -0.53989519 205.17677532 8.62372465
v 8.06712996 196.74566922 29.61416849
v 8.56368146 199.34400695 25.35912656
v 1.9356717 202.09041593 9.8094348
v -1.51016182 200.3779593 14.22648384
v 4.23578327 189.97394928 39.60107262
v 1.57953959 192.10145959 29.38602411
v 17.77362811 196.28100154 98.52844854
v 12.44044494 199.68836921 93.75802231
v 13.06457474 199.85126319 88.1466072
v 14.27441322 195.25829137 93.05130437
v 12.58279891 195.89515467 93.34972666
v 9.66126329 194.84799127 52.2488962
v 15.20191225 199.51465473 88.07427787
v 7.08390632 191.09299893 57.99498691
v 12.58279891 195.89515467 93.34972666
v 11.63619806 197.01645769 92.86678946
v 16.92940233 198.73606443 92.5905226
v 11.92225394 198.41226576 95.83474572
v 12.44044494 199.68836921 93.75802231
v 13.3351332 199.25895059 98.75286247
v 15.98625756 195.20354396 96.5591298
v 15.9249226 195.74546001 92.82441151
v 13.48367977 196.62260697 102.95698382
v 14.45267701 197.70683582 103.23130797
v 14.36639589 200.30921563 95.13156852
v 15.9249226 195.74546001 92.82441151
v 15.98625756 195.20354396 96.5591298
v 15.84295883 199.88906427 98.74788808
v 14.45267701 197.70683582 103.23130797
v 16.09399143 198.04573367 103.26422086
v 15.84295883 199.88906427 98.74788808
v 16.16974832 199.9555003 94.70819124
v 12.93725131 195.84073687 97.12046895
v 12.93725131 195.84073687 97.12046895
v 14.87138765 194.08016738 100.25973121
v 13.48917368 194.96114677 100.88211526
v 15.84295883 199.88906427 98.74788808
v 17.88242098 197.53592125 102.25043199
v 16.16974832 199.9555003 94.70819124
v 23.12138811 175.76814389 138.95199655
v 20.60634272 180.58692872 128.03386299
v 22.12411275 179.46252587 130.47910588
v 23.30614441 178.09254411 135.48503728
v 22.12411275 179.46252587 130.47910588
v 22.64180171 180.68108463 129.80138907
v 23.12138811 175.76814389 138.95199655
v 21.14169436 178.28854507 134.07414859
v 20.60634272 180.58692872 128.03386299
v 18.73127171 183.30892314 125.35929264
v 21.14169436 178.28854507 134.07414859
v 20.95445312 180.53995051 132.57266768
v 20.95445312 180.53995051 132.57266768
v 14.87138765 194.08016738 100.25973121
v 22.18022734 177.88954308 136.69879986
v 21.67104786 182.76751459 128.87242641
v 17.88242098 197.53592125 102.25043199
v 9.77494587 208.92990434 55.84637085
v 9.01937192 196.37109535 62.16455937
v 9.12682235 202.26902344 56.19112732
v 1.83689991 215.80389213 48.56269591
v 4.59307985 213.16478817 48.20374752
v 1.8886252 213.68640777 48.10436705
v 8.03135745 187.71855624 69.17558009
v 7.93551993 184.21660053 76.48673612
v 4.77525178 188.48498799 66.72276157
v -1.51015413 206.19597192 52.24033435
v 0.75721916 201.57015686 53.45470405
v -0.10435841 198.7256355 57.18584579
v 7.58553868 206.91349153 51.52976621
v 4.9882752 206.17943603 50.28131556
v 6.30855714 183.80336983 78.33886042
v 0.02330503 200.50925864 62.6627965
v 0.4380548 196.59293048 63.00515326
v 1.73153345 194.59259303 66.00423016
v -4.12272873 211.1933657 56.10844363
v 6.92551333 213.5517901 49.47135716
v 8.94794776 210.91641298 52.21872265
v 7.58553868 206.91349153 51.52976621
v 3.0771164 193.62775205 68.5040672
v 3.79128002 189.52000885 73.40154014
v 5.39599197 191.84898831 72.52808563
v 6.07637039 189.61650065 77.27021269
v 6.19123173 185.98325142 85.32120249
v 7.69216629 186.78679532 85.97897785
v 3.94817127 201.77844617 64.46328807
v 3.32758543 197.25511834 66.32034338
v 5.64500101 197.67203172 66.29278257
v 6.28665509 201.86590487 63.96145575
v 9.05492471 215.35618468 53.80850056
v 7.58986702 216.59545983 51.27484532
v 1.57953355 192.84433087 63.19681354
v 4.23576789 187.0459396 71.87159404
v 5.32188182 184.61994991 82.87841199
v 4.76234696 198.19910714 54.92555722
v 2.84046893 203.83552493 51.30232026
v 6.72680968 193.37856809 60.20173565
v 6.06461027 190.07622726 63.9880429
v 3.09769468 194.30415539 58.78121464
v 7.10980604 218.31286575 55.27403565
v 8.46024298 216.2610801 56.36548893
v 8.06712336 197.06508874 65.14772864
v 8.85209925 193.2819682 67.18464934
v 7.87343575 213.29476755 59.37091129
v 9.37947423 210.04263898 57.88906479
v 6.65969188 217.37287872 58.08988967
v 7.80090863 191.02521356 73.60573197
v 9.66127318 186.82834288 85.42444968
v 9.34506615 189.76178482 72.54809739
v 6.12250454 194.66854595 68.9297118
v 7.80090863 191.02521356 73.60573197
v 8.85209925 193.2819682 67.18464934
v 7.481563 199.01107268 55.89018315
v -2.56013222 203.99592483 57.04578257
v 3.79128002 189.52000885 73.40154014
v 2.35858599 214.01851427 61.37147322
v -0.47687503 216.61401366 59.2450506
v -0.43696232 213.088818 60.71565771
v 1.67991803 201.21273455 63.9569913
v 8.47064527 191.60426234 64.40423098
v 9.85188043 185.46667284 76.88659522
v 10.98269818 179.99021866 91.97994442
v 7.93551993 184.21660053 76.48673612
v 6.28665509 201.86590487 63.96145575
v 8.56368586 201.06790413 62.1754915
v -1.97467951 212.55792634 59.60020345
v -0.10543226 218.30801493 57.88766607
v -3.15158438 215.52171663 56.91466502
v 8.47064527 191.60426234 64.40423098
v 7.481563 199.01107268 55.89018315
v -15.21379518 188.77247888 -19.14542356
v -13.02976655 190.88504987 -22.35648576
v -15.29158222 190.51709495 -22.84680671
v -13.75404244 194.00596528 -25.87045485
v -10.30949259 193.48897282 -25.79681481
v -13.26854632 204.08866393 -33.53101537
v -9.92554707 203.59363846 -32.71010212
v -0.10435841 198.7256355 57.18584579
v -13.46178737 187.78606687 -14.50602332
v -14.15518596 187.48668298 -9.25978146
v -11.98077195 185.84685982 -12.91524467
v -12.87163227 188.86245123 -18.82353587
v -13.46178737 187.78606687 -14.50602332
v -10.66632668 187.14821197 -19.06959609
v -17.82950518 200.40291444 -38.6080757
v -16.53272424 203.99215606 -41.60375061
v -16.840502 200.8005101 -42.29550743
v -15.16129266 202.49970527 -44.26941092
v 6.19123173 185.98325142 85.32120249
v -2.34308819 212.73115942 50.49011174
v -2.24868182 216.28515975 51.14305298
v -0.53989299 212.7438937 48.84260143
v 8.06712336 197.06508874 65.14772864
v 8.56368586 201.06790413 62.1754915
v -0.53989299 212.7438937 48.84260143
v 1.93568159 209.43805003 48.78611826
v 4.23576789 187.0459396 71.87159404
v 6.30855714 183.80336983 78.33886042
v 6.85127245 181.68225083 87.71956802
v 4.77525178 188.48498799 66.72276157
v 12.02936272 181.14047325 91.77616522
v 16.14127137 172.60356958 123.41107667
v 10.98269818 179.99021866 91.97994442
v 12.6073419 175.68198485 126.38782994
v 13.06339159 178.02747161 120.56722175
v 9.62608731 178.84101255 94.9422413
v 14.76589925 172.02754363 123.32711141
v 13.25496887 172.01082799 123.87827357
v 6.85127245 181.68225083 87.71956802
v 13.25496887 172.01082799 123.87827357
v 11.78768109 173.21267116 124.07975859
v 15.22120302 177.70758767 120.50076314
v 11.15710601 185.20972247 84.77880259
v 12.23700098 173.83597885 128.44212519
v 17.60587536 172.28108286 128.29832796
v 16.55221957 170.30417724 128.11445523
v 14.19675691 170.38455556 126.70625584
v 16.55221957 170.30417724 128.11445523
v 14.17253799 168.03496849 129.63437443
v 15.82304189 175.82133104 126.93262921
v 15.22120302 177.70758767 120.50076314
v 12.6073419 175.68198485 126.38782994
v 14.2281791 173.98233303 130.55495155
v 15.82304189 175.82133104 126.93262921
v 15.96814666 170.45945014 133.84030539
v 16.69570066 173.76453953 129.79297081
v 12.75765935 168.3719451 130.48870473
v 14.19675691 170.38455556 126.70625584
v 12.1570344 171.5438494 128.173338
v 15.82304189 175.82133104 126.93262921
v 16.69570066 173.76453953 129.79297081
v 17.16155942 174.83145744 124.64990366
v 12.75765935 168.3719451 130.48870473
v 12.07192873 168.84825362 131.95369533
v 17.22041822 169.20076283 132.93243568
v 10.39761569 136.93463596 158.87084562
v 11.64425163 139.81546292 156.93380641
v 11.40055853 146.53593797 152.36206132
v 10.17659144 143.2962357 153.69167443
v 13.74834882 148.87481841 149.24300372
v 11.72547826 140.45645973 154.91837411
v 16.01059073 161.95089518 136.87355304
v 11.64425163 139.81546292 156.93380641
v 10.17659144 143.2962357 153.69167443
v 16.01059073 161.95089518 136.87355304
v 11.72547826 140.45645973 154.91837411
v 13.11125927 149.55016553 149.90864481
v 11.12273418 144.18428605 151.28629623
v 10.24276557 140.47951969 155.08909957
v 15.96814666 170.45945014 133.84030539
v 13.11125927 149.55016553 149.90864481
v 10.24276557 140.47951969 155.08909957
v -4.11551188 211.0695441 53.72443923
v -1.51015413 206.19597192 52.24033435
v -3.32151578 213.35681754 51.77604537
v -4.46854203 212.13113791 52.54625238
v -5.3931639 216.08015477 51.34311449
v -1.97467951 212.55792634 59.60020345
v -3.15158438 215.52171663 56.91466502
v -4.24517649 213.64626328 56.67812277
v -3.15158438 215.52171663 56.91466502
v -5.61184409 217.40431484 55.95067142
v -9.91125038 219.31454815 52.89302795
v -0.69756203 217.93541211 51.37985013
v -7.37447212 218.12582385 51.64267906
v -2.20411368 217.74515933 55.85231923
v -0.84818955 218.98629785 54.56956674
v -4.11551232 205.45263848 13.77735098
v -3.32151269 206.84373939 11.11411363
v -4.46853984 205.99571498 12.28733055
v -5.39317365 209.20673027 9.69274869
v -1.97464559 209.03325108 18.66808628
v -3.3803086 210.47687632 15.06905793
v -2.17534863 212.16014705 15.03980073
v -4.24517316 208.94806801 15.5510021
v -3.3803086 210.47687632 15.06905793
v -5.60311299 212.1285741 13.52296668
v -0.864682 211.21569843 9.20436686
v -1.27946198 213.06414515 12.11374768
v -9.9112718 212.78619521 9.91851156
v -7.39096017 213.10972224 11.59595106
v -4.11551155 198.60020348 -39.15175636
v -3.32151276 199.99132196 -41.8149992
v -4.46854265 199.14325361 -40.64174602
v -5.39317516 202.35428648 -43.23635096
v -1.97466756 202.18082486 -34.26104193
v -3.87252014 202.32210393 -37.3908519
v -9.91129432 205.93376021 -43.01058589
v -0.69754362 204.08827115 -43.89712361
v -7.37450205 204.36326343 -43.72473717
v -0.84822498 206.25728284 -41.33312661
v -2.83549015 205.33197244 -39.54792393
v -2.17534108 205.30772083 -37.88930111
v -11.22143268 183.8253408 -17.79824745
v -15.45011692 185.10051502 8.04400752
v -13.73604798 182.69017977 -8.34718914
v -11.46515544 185.14982569 -28.85641534
v -13.81417997 187.30642252 -33.05341765
v -14.39051021 183.57653944 -24.22138014
v -14.39051021 183.57653944 -24.22138014
v -11.46515544 185.14982569 -28.85641534
v -16.72638769 204.19651566 -38.29392085
v -17.61555347 198.78066298 -34.35031471
v -17.85629253 195.54437114 -36.7779082
v -18.05393058 183.10008088 -2.5681598
v -16.92324466 183.82535385 -18.63211926
v -16.08876423 182.37239098 -14.02782352
v -20.43001985 185.22237209 8.57097931
v -17.17297985 186.81951236 -24.09425662
v -17.09127644 187.14831948 -20.00940123
v -16.70913476 190.58147028 -25.59685557
v -15.55121546 203.24113572 -34.468041
v -14.62787009 206.58860113 -38.12184455
v -16.72638769 204.19651566 -38.29392085
v -14.62787009 206.58860113 -38.12184455
v -15.5915459 205.77182812 -40.11529491
v -17.83065427 188.05436894 -0.62507537
v -16.04009241 187.4606442 -13.21046613
v -17.58424443 185.89305426 -13.71794917
v -15.21379518 188.77247888 -19.14542356
v -17.09127644 187.14831948 -20.00940123
v -16.55305864 188.68827193 -32.05129484
v -16.09431637 194.03814657 -39.37470015
v -14.62787009 206.58860113 -38.12184455
v -15.55121546 203.24113572 -34.468041
v -12.54471754 207.20700431 -37.04977145
v -10.14701515 207.20154231 -36.69873778
v -10.30488137 189.75068264 -22.46075072
v -7.60094744 205.35292048 -35.58010993
v -16.92324466 183.82535385 -18.63211926
v -15.29158222 190.51709495 -22.84680671
v -6.39338931 202.06991839 -34.01436814
v -5.49719327 205.12220854 -39.02416044
v -16.55305864 188.68827193 -32.05129484
v -16.09431637 194.03814657 -39.37470015
v -14.15518596 187.48668298 -9.25978146
v -25.24692353 190.19554265 39.92024903
v -19.39628979 186.25295876 -0.67247587
v -7.78213286 198.09402884 -44.154294
v -6.13288078 201.08482231 -43.7782729
v -5.94341027 196.49148105 -40.85907648
v -8.07346047 200.90028551 -45.1055587
v -6.13288078 201.08482231 -43.7782729
v -16.70913476 190.58147028 -25.59685557
v -8.37177493 192.71809145 -39.60845709
v -8.17998152 192.02135858 -26.97650573
v -11.22143268 183.8253408 -17.79824745
v -13.73604798 182.69017977 -8.34718914
v -16.63036341 184.11025953 8.33800068
v -25.39736951 189.10235889 43.1705715
v -25.78349238 191.46539607 42.74445617
v -26.15526143 188.93266647 45.52460276
v -15.42356246 187.99555633 -0.31802924
v -19.9528415 192.33910177 35.95324157
v -13.99250418 186.25295449 0.11744135
v -24.30055338 188.93785298 40.00114741
v -20.43001985 185.22237209 8.57097931
v -20.83527859 189.04571219 40.66921861
v -15.45011692 185.10051502 8.04400752
v -23.94289647 192.33911266 35.36999697
v -19.39628979 186.25295876 -0.67247587
v -19.73402097 190.7948966 40.16275888
v -23.35340545 166.83762936 54.83409159
v -21.01710832 187.21358053 46.33011326
v -21.82613284 183.50835931 49.84148985
v -20.86088609 192.73685723 42.12705046
v -20.36948794 190.37309971 44.49935337
v -21.14105038 189.73065617 46.9695028
v -21.69047681 192.40780521 45.27325102
v -24.30055338 188.93785298 40.00114741
v -23.11279382 187.25139795 49.34069398
v -21.14105038 189.73065617 46.9695028
v -23.22544265 190.93391872 47.46211576
v -23.31986632 188.10537792 42.98669422
v -25.13983123 186.72504724 45.1220106
v -25.39736951 189.10235889 43.1705715
v -22.88839258 193.47120694 42.09574569
v -21.69047681 192.40780521 45.27325102
v -20.86088609 192.73685723 42.12705046
v -23.31986632 188.10537792 42.98669422
v -22.70052076 188.36644651 40.06855092
v -22.78842996 186.51120754 44.87974676
v -23.69195396 183.57202263 46.18985814
v -21.69047681 192.40780521 45.27325102
v -24.66071062 192.63332693 44.95301551
v -21.38077546 188.58511161 43.5033087
v -24.66071062 192.63332693 44.95301551
v -24.84003342 192.73685714 41.54538779
v -21.38077546 188.58511161 43.5033087
v -21.38077546 188.58511161 43.5033087
v -24.41582338 161.23111166 56.46272511
v -25.02132486 163.02910534 55.00437824
v -23.94425649 165.36570117 54.30463727
v -24.41582338 161.23111166 56.46272511
v -23.94425649 165.36570117 54.30463727
v -24.95080152 166.89147506 56.0157673
v -25.03298061 159.84244146 57.44296857
v -23.89764447 167.3651764 55.62829092
v -23.89764447 167.3651764 55.62829092
v -21.82613284 183.50835931 49.84148985
v -23.32555908 180.56869772 51.73912142
v -25.10547257 178.8070556 52.2048069
v -25.43537759 189.8550289 47.22567006
v -21.01710832 187.21358053 46.33011326
v -26.14877991 177.76792924 51.27637205
v -25.74164593 163.74099407 56.42438046
v -25.10547257 178.8070556 52.2048069
v -25.43537759 189.8550289 47.22567006
v -16.9678518 214.46305867 -19.7584379
v -14.17918956 216.42817215 -20.60752733
v -14.19303365 211.27598732 -19.23591365
v -14.17063066 206.03462586 -15.98119186
v -17.11459453 208.11325607 -16.61960113
v -9.36222382 208.90019198 -15.48393774
v -9.70936913 201.95962669 -9.44374476
v -11.618333 208.04350169 -16.80705219
v -12.66399346 188.22360187 22.22847034
v -14.75843319 187.24577845 27.01084854
v -14.70375002 189.59246012 12.43018594
v -12.77568709 191.36554613 6.15479039
v -15.12958814 192.93973531 0.99866344
v -8.3574148 213.25794133 -9.29480564
v -9.98443224 200.9382367 -3.20201589
v -8.17057617 207.95709438 -9.16504693
v -10.44897382 204.59600267 -3.82588593
v -11.21714444 200.95361697 -0.80940753
v -10.91853474 197.44365197 1.77286608
v -13.02466263 196.81932632 6.6951462
v -12.95193447 195.1946186 11.7397954
v -11.3291237 194.5997725 7.52174041
v -13.06519026 198.96026647 2.75021326
v -13.02466263 196.81932632 6.6951462
v -10.91853474 197.44365197 1.77286608
v -15.42928927 198.86808387 2.74713071
v -13.73266661 201.79365733 -0.10007442
v -16.04162051 201.47746894 -0.3458097
v -14.95756418 205.66441237 -2.57582925
v -12.16673173 205.37590334 -2.88933047
v -15.5840548 217.35109452 -7.43467356
v -13.0879728 217.34126899 -7.3616389
v -20.83124027 214.88766317 -12.5876338
v -19.97098866 219.15188832 -14.73081196
v -20.38259709 216.22768076 -16.15497078
v -18.99307438 218.42495998 -17.85217824
v -11.26992764 193.91335004 2.36363421
v -11.73043804 188.51860867 27.88683356
v -12.66399346 188.22360187 22.22847034
v -12.77568709 191.36554613 6.15479039
v -15.44716508 196.55179349 -5.70118633
v -16.05603585 200.97260285 -11.13519522
v -13.05556959 200.85853242 -11.45378282
v -19.68980711 218.51751274 -11.48209127
v -20.00624045 212.26984562 -8.9545542
v -20.59547001 209.73368974 -12.0608479
v -16.58175749 188.32322947 29.11922336
v -17.0465089 193.89048673 2.22968864
v -15.92529698 190.34074822 11.34479694
v -18.08365549 198.14223622 -2.20975392
v -17.41198428 197.44365197 1.77289245
v -17.84202769 202.17455061 -2.76425637
v -17.9783912 216.6830803 -8.22668014
v -17.58150461 220.86596335 -11.00833862
v -18.81888955 220.53839356 -12.98876725
v -15.90960511 193.01035194 20.68911496
v -15.38846008 196.08690593 8.21437086
v -16.98977252 194.64037758 7.54908143
v -15.38846008 196.08690593 8.21437086
v -17.41198428 197.44365197 1.77289245
v -18.62116032 201.95962229 -9.44372279
v -19.22687932 208.98566461 -15.17283245
v -17.58150461 220.86596335 -11.00833862
v -17.9783912 216.6830803 -8.22668014
v -15.36460259 221.27367972 -10.11839732
v -12.94106089 221.26995779 -10.12149307
v -11.21714444 200.95361697 -0.80940753
v -10.44897382 204.59600267 -3.82588593
v -10.45439633 216.27441497 -7.92538822
v -10.72691791 220.85511394 -11.01749624
v -15.92529698 190.34074822 11.34479694
v -17.0465089 193.89048673 2.22968864
v -17.84202769 202.17455061 -2.76425637
v -20.00624045 212.26984562 -8.9545542
v -8.50052375 218.41644492 -11.70619148
v -10.72691791 220.85511394 -11.01749624
v -10.45439633 216.27441497 -7.92538822
v -18.62116032 201.95962229 -9.44372279
v -19.22687932 208.98566461 -15.17283245
v -7.47928682 214.76795056 -12.73538499
v -8.35205601 219.13106396 -14.74940513
v -9.43817461 220.48272277 -13.0967318
v -14.37816016 193.68409832 20.57737782
v -12.95193447 195.1946186 11.7397954
v -8.04850249 216.10494488 -16.42942692
v -16.72462339 184.78549323 61.38601416
v -16.89587067 191.66578567 20.38413216
v -7.95337546 210.1833928 -13.5130437
v -9.70936913 201.95962669 -9.44374476
v -9.36222382 208.90019198 -15.48393774
v -16.23765465 219.50333547 -18.90945947
v -14.17918956 216.42817215 -20.60752733
v -16.43415789 217.36561109 -19.97961972
v -18.99307438 218.42495998 -17.85217824
v -17.8524926 220.54429006 -16.57327785
v -19.97098866 219.15188832 -14.73081196
v -17.03030949 221.73190724 -13.90907748
v -18.81888955 220.53839356 -12.98876725
v -17.58150461 220.86596335 -11.00833862
v -14.30458282 222.27785802 -12.68538292
v -15.36460259 221.27367972 -10.11839732
v -12.94106089 221.26995779 -10.12149307
v -11.48606823 221.81685694 -13.7209541
v -12.94106089 221.26995779 -10.12149307
v -10.72691791 220.85511394 -11.01749624
v -9.43817461 220.48272277 -13.0967318
v -10.44899634 220.65716084 -16.32334494
v -9.43817461 220.48272277 -13.0967318
v -8.35205601 219.13106396 -14.74940513
v -10.44899634 220.65716084 -16.32334494
v -9.55449099 218.26132679 -18.19690503
v -12.49851419 219.48603526 -19.14167368
v -9.55449099 218.26132679 -18.19690503
v -12.03032593 217.33779986 -20.03402055
v -12.03032593 217.33779986 -20.03402055
v -14.17918956 216.42817215 -20.60752733
v -11.68005081 214.40632447 -19.88602059
v -12.03032593 217.33779986 -20.03402055
v -11.72725551 193.73740186 1.39919713
v -13.16985803 195.14291992 -3.69608919
v -16.86384207 183.28104066 65.54575339
v -16.92903738 186.24715966 61.33489999
v -12.88646397 193.3934867 20.57609914
v -11.93064673 187.27720094 62.50745308
v -11.43465439 191.66577688 20.38420686
v -14.32113267 189.07114448 57.62470125
v -12.88646397 193.3934867 20.57609914
v -13.71200813 183.45773049 60.51265691
v -16.18149502 188.39129218 57.06584926
v -11.73043804 188.51860867 27.88683356
v -11.67661011 184.66851379 60.9056522
v -16.18149502 188.39129218 57.06584926
v -15.90960511 193.01035194 20.68911496
v -11.67661011 184.66851379 60.9056522
v -11.32518755 184.34020013 64.81077073
v -11.40148603 186.24715087 61.33490878
v -14.16528066 187.84621054 63.64360426
v -12.41549964 185.99205658 66.18520441
v -11.93064673 187.27720094 62.50745308
v -14.60795315 184.03902089 68.18875486
v -14.46148066 186.40453403 66.53020581
v -13.89404219 180.13518787 69.05321021
v -11.94163346 182.77196918 67.69824236
v -15.23552805 182.46050831 63.24305154
v -15.75844726 183.88332034 60.62412143
v -13.71200813 183.45773049 60.51265691
v -16.33243316 185.69637176 65.93515398
v -16.17598573 187.20178251 63.20451319
v -12.46989882 182.8218103 63.54752916
v -16.65144812 182.90873137 67.11557339
v -15.54584459 177.64599387 69.12940693
v -12.28461961 180.48532559 65.2276452
v -12.46989882 182.8218103 63.54752916
v -16.65144812 182.90873137 67.11557339
v -16.33243316 185.69637176 65.93515398
v -16.17598573 187.20178251 63.20451319
v -13.90541561 157.298934 68.24280851
v -14.20041819 151.29524592 69.75611057
v -14.88642125 157.56384201 68.39005104
v -15.1810591 155.03621433 69.39637897
v -15.02232995 154.41064084 70.01624975
v -15.8914964 167.31326054 69.26602589
v -12.83827166 159.29850875 69.76768373
v -11.47367425 182.09690651 66.50388494
v -11.94163346 182.77196918 67.69824236
v -16.18736354 180.6862154 65.360167
v -13.43735204 171.23991371 69.92312403
v -14.93131622 177.22877445 65.27412812
v -16.18736354 180.6862154 65.360167
v -13.43735204 171.23991371 69.92312403
v -14.44453423 180.4541131 64.47839019
v -14.70257566 158.6774393 70.43971427
v -12.28461961 180.48532559 65.2276452
v -14.70257566 158.6774393 70.43971427
v -15.54584459 177.64599387 69.12940693
v -13.0216597 205.0360845 8.11917234
v -10.08023571 206.72341536 7.21762987
v -10.46196048 202.08536254 9.8163865
v -11.08563109 197.83450069 14.24475555
v -13.83354214 199.68287197 12.69090402
v -14.3865444 188.9769657 36.86344098
v -14.3905179 190.42897664 28.70771016
v -12.21226606 190.39464877 28.87123784
v -18.856389 191.02392668 64.07042617
v -17.3836864 189.52749662 46.2519831
v -15.12397009 189.09236237 45.63122485
v -9.23540847 193.09832126 25.58473724
v -10.80495322 193.96805476 20.03314974
v -9.0611385 196.99372885 28.07774482
v -10.66633162 194.00064258 33.85952552
v -9.21452149 193.72718755 29.16984426
v -12.87165534 195.71489722 34.10556377
v -13.60808519 194.49930971 39.28263367
v -10.66633162 194.00064258 33.85952552
v -13.88586339 197.73748704 30.4474722
v -11.57835465 197.36953443 30.6250879
v -13.26855127 210.94110772 19.39807219
v -13.75402047 200.85842005 27.0586382
v -9.92554597 210.44606907 20.21899753
v -17.82950627 207.25534944 14.32102944
v -16.53272314 210.84459107 11.32534024
v -16.840502 207.65294949 10.63358892
v -15.16129046 209.35214027 8.65968213
v -11.22142993 190.6777802 35.13084011
v -15.45014219 191.9529632 60.97326096
v -13.73605897 189.54261038 44.58193028
v -14.3905179 190.42897664 28.70771016
v -13.81418656 194.15885313 19.87570368
v -10.80495322 193.96805476 20.03314974
v -16.72638879 211.04894627 14.63518703
v -17.61555127 205.63310238 18.57878246
v -17.85629363 202.39681493 16.15118759
v -20.43001876 192.07480489 61.50007016
v -16.95509749 190.73371231 34.41745536
v -17.3836864 189.52749662 46.2519831
v -17.1917455 196.12711641 27.14885295
v -17.09127644 194.00075888 32.91970061
v -16.30629835 196.7456824 29.61415971
v -15.55122425 210.09354875 18.46106413
v -14.62787668 213.44102735 14.80726113
v -16.72638879 211.04894627 14.63518703
v -14.62787668 213.44102735 14.80726113
v -15.591547 212.62426312 12.81380033
v -16.08285836 194.31711967 39.38379376
v -15.21380506 195.62491168 33.78368048
v -17.09127644 194.00075888 32.91970061
v -16.55305424 195.54068936 20.87782128
v -16.09432845 200.89060135 13.55439619
v -14.62787668 213.44102735 14.80726113
v -15.55122425 210.09354875 18.46106413
v -12.54471645 214.05943931 15.87933094
v -10.14699537 214.05397731 16.23035253
v -7.60094057 212.20536427 17.34897104
v -16.37400608 190.32012084 33.60411904
v -16.07547382 199.94317201 25.94063533
v -5.81882954 210.81797153 16.4539062
v -5.60311299 212.1285741 13.52296668
v -7.92401033 213.5890917 15.12002195
v -6.68433434 207.12504328 20.28725398
v -16.55305424 195.54068936 20.87782128
v -16.09432845 200.89060135 13.55439619
v -15.20696431 194.56378286 43.54661746
v -13.60808519 194.49930971 39.28263367
v -8.3717461 199.57057698 13.32060466
v -25.80141873 197.32478095 96.64745391
v -19.3962832 193.10538936 52.25656885
v -7.78212188 204.94645506 8.77481224
v -6.13287927 207.93726171 9.15082784
v -5.94339709 203.34393363 12.07002207
v -8.07344179 207.75272491 7.82354424
v -6.13287927 207.93726171 9.15082784
v -16.30629835 196.7456824 29.61415971
v -16.07547382 199.94317201 25.94063533
v -15.21380506 195.62491168 33.78368048
v -10.309486 200.34138366 27.13229472
v -9.0611385 196.99372885 28.07774482
v -11.22142993 190.6777802 35.13084011
v -13.73605897 189.54261038 44.58193028
v -16.63038318 190.9627165 61.26725412
v -14.96201556 194.48340692 52.86010147
v -19.94055737 199.18072251 88.79770353
v -13.99250968 193.10539828 53.04656736
v -24.38695095 195.83691317 92.8054547
v -20.43001876 192.07480489 61.50007016
v -16.43122033 195.0966224 52.207432
v -19.94055737 199.18072251 88.79770353
v -14.96201556 194.48340692 52.86010147
v -17.88171108 194.88204893 52.35333876
v -21.91058926 199.9403303 88.33810866
v -22.15935662 195.28969271 93.16056303
v -15.45014219 191.9529632 60.97326096
v -20.27963429 196.36588884 93.3023214
v -23.92226326 199.17497033 88.16436887
v -19.3962832 193.10538936 52.25656885
v -20.36481905 198.34661582 96.93663942
v -20.27963429 196.36588884 93.3023214
v -21.71621174 196.9139458 102.73361519
v -28.03094104 181.15116407 129.81615368
v -21.07049847 196.08044366 99.44720744
v -25.14699605 195.85973314 96.61353931
v -24.38695095 195.83691317 92.8054547
v -22.7351936 199.87621991 98.9528096
v -25.17633647 194.2922669 100.18777092
v -25.14699605 195.85973314 96.61353931
v -23.45911795 195.156888 96.59476719
v -22.90597838 200.34943621 95.10875356
v -22.7351936 199.87621991 98.9528096
v -20.88032186 199.61583792 95.14010227
v -23.45911795 195.156888 96.59476719
v -21.43871477 195.6746781 97.05991619
v -23.11760992 194.06684841 100.30255759
v -27.90595535 189.76197224 117.09330046
v -23.97305641 198.09338933 103.25211908
v -26.12197937 197.65359484 101.81613932
v -28.94532544 181.87023727 130.465413
v -31.17706465 176.02661817 139.10762331
v -28.03094104 181.15116407 129.81615368
v -31.5248323 177.3452601 136.58734415
v -30.99424841 178.34445345 135.98889968
v -30.95159341 180.86076341 130.01398293
v -30.33964118 180.13218104 129.34327967
v -25.86699414 198.54458115 96.39706926
v -25.17633647 194.2922669 100.18777092
v -21.71621174 196.9139458 102.73361519
v -22.84224855 197.71574298 103.3045953
v -30.99424841 178.34445345 135.98889968
v -29.67164026 177.80063163 134.46604559
v -30.56568147 177.52242497 134.39018328
v -23.11760992 194.06684841 100.30255759
v -29.67164026 177.80063163 134.46604559
v -21.07049847 196.08044366 99.44720744
v -29.67164026 177.80063163 134.46604559
v -26.12197937 197.65359484 101.81613932
v -13.02166245 212.80242065 48.32208477
v -10.08022802 214.70456461 48.11809452
v -10.46196103 209.43075557 48.79067071
v -11.08562999 203.83080111 51.30470194
v -13.83360586 206.12657762 50.55621994
v -17.50375383 179.45727513 92.42466912
v -18.54148266 181.86797348 85.37313442
v -15.12398657 183.97005457 77.13282294
v -8.59751422 196.01658879 60.17274195
v -11.56433644 193.00865123 60.28062131
v -10.8049741 198.07784343 55.22378629
v -8.59751422 196.01658879 60.17274195
v -11.22143543 189.37269508 67.99037991
v -11.56433644 193.00865123 60.28062131
v -12.89998233 188.7752436 66.29178213
v -15.12398657 183.97005457 77.13282294
v -15.93160493 186.68516037 70.60567179
v -14.47671224 190.1333042 63.99856272
v -10.30485666 196.61298192 65.88632328
v -10.66632613 192.92988114 68.05602066
v -8.50300074 197.88509087 63.04304028
v -13.46181594 191.81216888 72.5263543
v -13.31668205 188.91946692 77.28394923
v -11.85116571 189.77796227 72.6739048
v -12.71232857 194.32737847 68.93307785
v -13.46181594 191.81216888 72.5263543
v -10.66632613 192.92988114 68.05602066
v -15.04864273 194.54638351 68.63112244
v -13.02972755 197.62574709 66.40786802
v -15.29159869 197.46821308 65.8154175
v -13.75402267 201.83555383 64.31850626
v -10.30950303 201.32860661 64.19315593
v -13.26853754 214.05349684 60.99162533
v -9.92554872 213.28704282 61.56740422
v -17.82950518 212.53742639 54.90371545
v -16.53272424 216.98737029 53.47030113
v -16.8405009 214.28709811 51.63356601
v -15.16129815 216.60189727 50.43970905
v -15.6478791 180.53042842 93.61190778
v -13.73605018 184.78055433 76.32841994
v -14.96599126 193.37855271 60.20176201
v -13.81416239 198.3137488 55.1492158
v -16.72639208 215.93725018 56.61577676
v -17.61555127 209.43857888 58.2440413
v -17.85629363 207.34710361 54.78104637
v -18.54148266 181.86797348 85.37313442
v -16.92324246 189.68503835 67.21714981
v -15.93160493 186.68516037 70.60567179
v -20.26856078 181.14043809 91.77630584
v -17.13627577 197.37478205 62.99702377
v -15.55119239 213.61862835 59.80539724
v -14.6278602 218.09081144 57.67119649
v -15.59153382 218.08008033 55.51694112
v -16.00133401 191.31189663 73.07946759
v -17.09127644 193.28195941 67.18464055
v -15.72071162 199.01102434 55.89019194
v -16.09430868 206.92296998 51.80914392
v -14.6278602 218.09081144 57.67119649
v -15.55119239 213.61862835 59.80539724
v -12.54471205 218.26269278 58.89685864
v -15.76418176 189.18057578 78.81110974
v -15.02738774 186.31437154 85.88144312
v -13.31668205 188.91946692 77.28394923
v -17.5063761 185.56057155 91.33736335
v -10.14700581 218.12615905 59.22030193
v -10.30485666 196.61298192 65.88632328
v -7.60095952 215.99315872 59.56517192
v -16.92324246 189.68503835 67.21714981
v -16.07544086 201.40572112 62.93910688
v -17.09127644 193.28195941 67.18464055
v -15.29159869 197.46821308 65.8154175
v -5.81880276 215.04192611 58.21560958
v -5.61184409 217.40431484 55.95067142
v -7.92400264 218.11094156 58.01665496
v -6.68433708 210.18216127 60.38690666
v -16.98560787 197.44337567 59.02545541
v -14.96599126 193.37855271 60.20176201
v -16.09430868 206.92296998 51.80914392
v -8.37174445 205.78664282 51.09800482
v -5.29475491 205.23571014 57.13131207
v -7.16480288 201.90349627 55.21415347
v -13.99248661 184.91388621 85.51121888
v -7.78211226 212.47378347 48.89643985
v -6.13287982 215.10604575 50.36519158
v -5.94339036 209.75368513 51.35167552
v -7.78211226 212.47378347 48.89643985
v -8.07343191 215.4320155 49.06539833
v -6.13287982 215.10604575 50.36519158
v -18.41399664 186.45037573 85.38670312
v -15.76418176 189.18057578 78.81110974
v -16.00133401 191.31189663 73.07946759
v -16.07544086 201.40572112 62.93910688
v -8.07343191 215.4320155 49.06539833
v -8.50300074 197.88509087 63.04304028
v -11.22143543 189.37269508 67.99037991
v -13.73605018 184.78055433 76.32841994
v -12.89998233 188.7752436 66.29178213
v -25.56590883 169.07681285 131.51254761
v -25.76430269 173.49868249 127.11838338
v -25.56358646 172.80247696 126.4298043
v -24.45622852 172.73262323 123.29531449
v -20.34606329 177.89059714 119.79835081
v -22.93633826 171.95685991 123.36303882
v -24.39794757 176.14572213 125.44257366
v -17.5063761 185.56057155 91.33736335
v -15.6478791 180.53042842 93.61190778
v -20.8473507 172.32020529 124.05550247
v -24.47492826 176.64633311 120.47177883
v -19.3962821 185.20972027 84.77883774
v -24.47492826 176.64633311 120.47177883
v -19.3962821 185.20972027 84.77883774
v -20.2610532 172.76337913 126.52930774
v -20.18184682 174.57501582 126.51695081
v -20.30463758 168.72325588 132.18100119
v -24.53967755 169.99131424 128.18012298
v -20.34606329 177.89059714 119.79835081
v -20.96265146 174.06815583 129.17965631
v -22.72656109 175.85577433 127.23103403
v -22.94743374 174.0317288 130.48868623
v -20.96265146 174.06815583 129.17965631
v -22.01721906 170.93923313 133.51683567
v -21.16478483 170.80794617 127.29714197
v -22.26338722 168.16005195 129.59670688
v -23.19828618 170.51448258 126.64296102
v -20.8473507 172.32020529 124.05550247
v -22.93633826 171.95685991 123.36303882
v -24.18105611 170.74741748 133.59051851
v -24.93489652 173.76453184 129.79293566
v -21.16478483 170.80794617 127.29714197
v -20.8473507 172.32020529 124.05550247
v -25.29770569 170.22204282 132.58564119
v -24.93489652 173.76453184 129.79293566
v -20.53988932 142.0666341 153.80900115
v -22.01721906 170.93923313 133.51683567
v -18.49690298 140.29879865 156.5718079
v -19.52983219 141.33441341 153.83865367
v -20.53988932 142.0666341 153.80900115
v -24.53967755 169.99131424 128.18012298
v -20.85832864 150.93651382 149.14919491
v -18.589536 140.63819496 154.80739287
v -21.13189276 168.38440605 130.22214944
v -20.01620331 140.3317094 156.56618325
v -22.77113198 153.74306699 145.87465105
v -25.29770569 170.22204282 132.58564119
v -18.51008683 144.57531966 152.27691862
v -21.13189276 168.38440605 130.22214944
v -22.77113198 153.74306699 145.87465105
v -5.94339036 209.75368513 51.35167552
v -4.46854203 212.13113791 52.54625238
v -4.11551188 211.0695441 53.72443923
v -4.12272873 211.1933657 56.10844363
v -4.24517649 213.64626328 56.67812277
v -6.68433708 210.18216127 60.38690666
v -5.81880276 215.04192611 58.21560958
v -5.61184409 217.40431484 55.95067142
v -10.79075155 217.40307901 49.54953026
v -10.08022802 214.70456461 48.11809452
v -12.36899747 215.67815941 48.5543117
v -13.85063688 218.4340586 51.54570667
v -15.16129815 216.60189727 50.43970905
v -16.53272424 216.98737029 53.47030113
v -13.50663291 219.33311864 55.2290735
v -15.59153382 218.08008033 55.51694112
v -14.6278602 218.09081144 57.67119649
v -10.85582657 219.50465727 56.69115516
v -7.56001059 218.96912077 54.88857181
v -0.84818955 218.98629785 54.56956674
v -5.3931639 216.08015477 51.34311449
v -6.13287982 215.10604575 50.36519158
v -8.07343191 215.4320155 49.06539833
v -5.94339709 203.34393363 12.07002207
v -4.46853984 205.99571498 12.28733055
v -4.11551232 205.45263848 13.77735098
v -7.16478695 197.51166014 18.59148317
v -5.29474599 201.31936255 19.1210997
v -4.12272821 206.46031977 15.94144492
v -4.24517316 208.94806801 15.5510021
v -6.68433434 207.12504328 20.28725398
v -5.81882954 210.81797153 16.4539062
v -5.60311299 212.1285741 13.52296668
v -10.79074331 209.76164916 7.53425716
v -12.36900187 207.78950909 7.25747237
v -13.8506215 211.46515566 8.9989927
v -15.16129046 209.35214027 8.65968213
v -13.8506215 211.46515566 8.9989927
v -15.16129046 209.35214027 8.65968213
v -16.53272314 210.84459107 11.32534024
v -13.50658787 213.67833405 12.07762244
v -10.85585898 214.38492549 13.36900932
v -12.54471645 214.05943931 15.87933094
v -10.14699537 214.05397731 16.23035253
v -5.60311299 212.1285741 13.52296668
v -7.5416201 210.94072373 9.03198922
v -0.864682 211.21569843 9.20436686
v -7.5416201 210.94072373 9.03198922
v -6.13287927 207.93726171 9.15082784
v -5.94341027 196.49148105 -40.85907648
v -4.46854265 199.14325361 -40.64174602
v -4.11551155 198.60020348 -39.15175636
v -7.16480618 190.65919657 -34.33760439
v -5.29475739 194.46689898 -33.80796671
v -4.12272806 199.60788477 -36.98765253
v -4.50619246 201.42673577 -36.73704757
v -8.17998152 192.02135858 -26.97650573
v -6.39338931 202.06991839 -34.01436814
v -11.65350074 203.236353 -45.33897293
v -12.36900077 200.93707849 -45.67162617
v -15.16129266 202.49970527 -44.26941092
v -14.21295828 205.04862612 -43.2024838
v -15.16129266 202.49970527 -44.26941092
v -16.53272424 203.99215606 -41.60375061
v -13.50660324 206.82589026 -40.85146951
v -10.85585843 207.53249928 -39.5601112
v -12.54471754 207.20700431 -37.04977145
v -10.14701515 207.20154231 -36.69873778
v -7.5600073 206.36083782 -41.03091419
v -7.37450205 204.36326343 -43.72473717
v -6.13288078 201.08482231 -43.7782729
v 6.99550717 225.05219595 181.91537534
v 7.50959942 226.90594642 184.18122682
v 8.56254775 229.80230205 205.49313467
v 8.31274774 224.27683979 159.32695469
v 7.50227201 225.67210448 171.54211205
v 4.00556349 220.49528238 153.88161656
v 4.88336849 220.46104751 158.43940441
v 2.56866636 220.221741 158.61805714
v 4.6820541 221.21848149 166.21812568
v 6.99550717 225.05219595 181.91537534
v 7.60472398 229.12977493 204.69007655
v 1.9461778 220.99272195 163.26286862
v 4.448565 224.71822397 181.41845587
v 0.12296061 222.33993355 163.50168717
v 6.54672007 221.66746665 154.71176076
v 6.9962465 222.04307538 162.68964714
v 6.93233541 230.21578838 208.31981591
v 0.6712374 225.20447662 168.95881962
v 2.6274922 226.85024343 175.20183777
v 1.95938747 227.78714072 168.76548972
v -3.41118679 225.22627889 156.64649634
v 7.8435054 223.48110602 154.68664292
v 6.9962465 222.04307538 162.68964714
v 4.30426053 227.62889306 184.22947558
v 6.2316907 230.60589147 202.35064718
v 5.40754775 228.22732853 183.94068528
v 2.13774739 230.89715249 156.02757389
v 5.18875468 228.39381544 168.66909732
v 4.40504379 230.79805327 155.63887601
v 4.40435389 228.00848449 174.50040959
v 6.5894333 227.37046064 171.34291157
v 6.79126895 224.24836796 150.25036479
v 6.72943305 226.09158937 149.87650158
v 7.91481532 226.01934825 152.16283059
v 4.448565 224.71822397 181.41845587
v 5.60231416 228.50120242 197.27447862
v 3.08564894 225.61847383 178.81324468
v 6.93233541 230.21578838 208.31981591
v 7.18868834 234.77402693 223.53338141
v 7.94991989 227.67946181 155.44906243
v 6.7566796 228.15970875 150.57270885
v 6.5894333 227.37046064 171.34291157
v 6.69997618 227.94447053 183.69698015
v 7.33765676 230.87051318 201.64939492
v 8.26274775 230.45148622 202.02775761
v 9.08889337 236.60831948 224.69722496
v 9.43180427 233.30519469 217.49835194
v 7.99003721 234.64784935 217.14000931
v 7.33765676 230.87051318 201.64939492
v 2.11050083 231.04049236 152.33121748
v -0.33061649 229.70316861 156.86499536
v 1.95938747 227.78714072 168.76548972
v 0.58784055 229.91302822 150.47153533
v 0.113087 230.3966643 152.78248963
v 8.56254775 229.80230205 205.49313467
v 9.43180427 233.30519469 217.49835194
v 8.36441644 232.78689305 219.41918477
v 6.46944387 229.6887245 155.62813664
v 5.18875468 228.39381544 168.66909732
v -1.72178595 228.20039953 150.6597326
v -2.36978368 228.20916193 152.24899271
v -16.72223182 229.54031223 204.52583694
v -17.65610472 233.32587397 217.1336818
v -15.80384207 227.10143809 185.50888833
v 6.69997618 227.94447053 183.69698015
v -16.78704154 301.43083249 289.34865745
v -17.64926836 310.56496043 287.55798095
v -15.92262088 310.99436669 287.66414599
v -16.83888382 283.87911955 285.16923508
v -17.4612746 292.3090256 288.4894246
v -16.17488936 292.60923209 288.64336397
v 0.12296061 222.33993355 163.50168717
v -15.63309794 222.47298243 161.84375368
v -15.28225432 224.79611167 178.92735474
v -16.65903919 224.70305119 157.95274917
v -15.78856106 225.93977579 170.80600459
v 7.00049794 234.26153323 217.7309483
v 6.2316907 230.60589147 202.35064718
v -0.10592057 221.11531148 155.28338265
v 8.26274775 230.45148622 202.02775761
v 9.08889337 236.60831948 224.69722496
v -0.08995186 221.73279553 151.93828504
v 0.03952421 222.71946725 150.07617691
v 2.04986126 221.53424102 150.33744171
v 2.04986126 221.53424102 150.33744171
v 2.6274922 226.85024343 175.20183777
v 5.60231416 228.50120242 197.27447862
v 7.43247372 301.68629686 290.41508949
v 7.57085529 311.26969313 289.02738334
v 7.66180421 311.07109034 287.79744999
v -16.17289547 301.46634719 291.5655397
v -17.24748988 311.07124885 289.71706992
v -18.00967388 301.05377966 291.22447555
v 8.05013409 292.61037458 288.53709339
v 8.63540553 301.40979279 289.23106729
v 9.69587242 292.17094068 288.74921277
v -16.15010249 342.76126733 263.5090288
v -16.36636777 354.47614587 249.20528161
v -17.29103581 354.2017689 249.78806486
v 8.63540553 301.40979279 289.23106729
v -15.78351866 301.6330121 290.0088849
v 8.36644329 301.36698441 291.75185597
v 8.68101676 311.1143125 289.65199984
v 7.57085529 311.26969313 289.02738334
v 9.7675866 291.81258095 290.30105149
v 10.07368246 300.98188082 290.61683848
v -17.41303011 291.86544386 290.7293328
v -18.00967388 301.05377966 291.22447555
v -18.23050918 291.91044955 289.31020052
v -18.23069374 283.15786484 285.99092506
v -17.4612746 292.3090256 288.4894246
v 9.76442494 310.74985322 289.23342109
v -18.00949152 301.10368933 289.78959427
v -18.22892066 310.61382467 288.60637901
v -17.64926836 310.56496043 287.55798095
v 9.98432975 283.05056603 286.1449348
v 9.69587242 292.17094068 288.74921277
v 9.7675866 291.81258095 290.30105149
v 10.07368246 300.98188082 290.61683848
v 9.90743695 310.57802024 288.17753524
v 9.86381631 320.72979462 282.33764379
v 9.76442494 310.74985322 289.23342109
v 9.15214972 283.75305728 285.22931331
v -15.92262088 310.99436669 287.66414599
v -15.69482948 321.51404556 282.96422876
v -15.86613937 311.27225937 289.04893275
v -16.15010249 342.76126733 263.5090288
v -15.92468838 355.6529787 246.64649126
v -16.36636777 354.47614587 249.20528161
v -15.75699496 332.24719648 274.04242022
v -16.65491409 321.62627491 283.99919798
v 7.46195805 292.51251482 289.92353245
v 8.05013409 292.61037458 288.53709339
v 7.4399769 281.0975497 285.59287653
v 7.84334941 283.90792834 285.62609661
v 7.43933205 321.54972686 282.81398051
v 8.08767967 320.85531196 281.93207195
v -18.00949152 301.10368933 289.78959427
v -17.73039284 320.60193946 282.16472123
v -16.27521671 320.84517003 281.9496138
v 8.36644329 301.36698441 291.75185597
v 8.30275521 321.6293333 283.97030139
v -15.59855034 283.60055062 286.63339969
v -15.72751832 292.42002465 290.09888067
v -17.34884658 282.79186788 287.4718933
v -15.86613937 311.27225937 289.04893275
v -16.65491409 321.62627491 283.99919798
v -17.41303011 291.86544386 290.7293328
v 8.9818593 310.6627237 287.36101301
v 9.86381631 320.72979462 282.33764379
v 9.90743695 310.57802024 288.17753524
v 7.84334941 283.90792834 285.62609661
v 8.05013409 292.61037458 288.53709339
v 9.15214972 283.75305728 285.22931331
v 7.66180421 311.07109034 287.79744999
v 8.08767967 320.85531196 281.93207195
v -15.66599111 266.59931311 274.89016989
v -15.7962499 274.6577034 282.03325272
v -16.15428142 265.8070649 275.85679986
v -15.64684096 258.68312957 267.62271215
v -16.84402509 257.50859901 268.28023297
v -17.67908446 265.41283901 275.75632977
v -18.2308772 274.51014427 281.01329426
v -18.17130433 266.25641203 274.49089069
v -18.14355903 257.86553511 267.37761852
v -17.98677104 258.80078109 266.60131234
v 9.99437611 248.13361069 253.71126978
v 9.8655861 258.67246896 266.71559805
v 9.51931689 257.53170393 267.96799504
v 7.63789399 266.07688949 275.7247262
v 8.26268293 274.0773459 282.43959803
v 9.26665293 265.3557577 275.84713259
v 9.97701662 270.46809172 278.52783603
v 9.5660135 273.96342926 282.03771739
v -15.80848899 252.11053198 258.22221426
v -16.56781563 259.38797608 266.4435762
v -16.9706839 267.05533079 273.95328027
v -15.83626286 275.11853716 281.00675552
v -16.83888382 283.87911955 285.16923508
v -15.59855034 283.60055062 286.63339969
v -17.98677104 258.80078109 266.60131234
v -18.17130433 266.25641203 274.49089069
v -16.9706839 267.05533079 273.95328027
v 8.94629992 252.51903029 257.69667931
v 9.26665293 265.3557577 275.84713259
v 9.5660135 273.96342926 282.03771739
v 8.26268293 274.0773459 282.43959803
v 9.47468667 282.79947868 287.18503657
v 8.2786099 283.01061371 287.42464627
v 9.19866727 250.50003903 259.38997804
v 9.51931689 257.53170393 267.96799504
v 7.86775947 257.96365009 268.17399747
v 7.63789399 266.07688949 275.7247262
v 8.2786099 283.01061371 287.42464627
v -12.4192386 224.88681819 181.29437976
v -10.16682223 220.92538001 163.0016919
v -8.60413251 222.0714228 163.33161211
v -15.25594703 227.89966484 198.99133032
v -12.72054473 221.42223869 167.1723637
v -14.81955063 221.68797024 154.79328291
v -13.90877392 222.74477376 150.1289255
v -12.67032228 221.01780691 152.0863187
v -12.33844809 227.18383019 184.81626641
v -9.68858597 224.97089622 171.60895752
v -10.33141057 227.11883696 170.96092813
v -15.76816734 223.97229941 152.08756618
v -13.90877392 222.74477376 150.1289255
v -14.81955063 221.68797024 154.79328291
v -15.08760546 225.89920466 149.9226764
v -13.90877392 222.74477376 150.1289255
v -13.30158285 227.9335717 177.00861315
v -11.01912135 228.26067397 168.342499
v -12.83005386 228.52006659 168.09937382
v -10.52936994 230.92920415 155.96807572
v -12.74000796 230.7588214 155.71143389
v -14.4708514 230.60587829 202.35064718
v -12.33844809 227.18383019 184.81626641
v -13.20234802 228.12299144 184.02443973
v -4.12031749 225.44822804 156.08292477
v -3.89620562 224.48551747 153.65671812
v -3.41118679 225.22627889 156.64649634
v -2.32898031 224.3655627 150.59172779
v -5.38033845 224.03046183 152.7382845
v -0.08995186 221.73279553 151.93828504
v -0.10592057 221.11531148 155.28338265
v -2.32898031 224.3655627 150.59172779
v -3.34804607 227.25372894 154.12013542
v -5.89717314 228.1433974 151.26309848
v -3.34804607 227.25372894 154.12013542
v -2.32898031 224.3655627 150.59172779
v -0.3685062 225.03333924 148.97176054
v -15.78499842 238.0950984 234.13994364
v -15.73182029 232.1868312 216.64964641
v -13.87308271 228.73713865 197.79266628
v -12.4192386 224.88681819 181.29437976
v -11.59379825 220.20407173 158.71473067
v -14.14402346 221.51861748 165.14840665
v -13.65826204 220.67873873 158.48570221
v -16.03135663 227.7079853 157.90015828
v -14.70031811 229.69622987 155.56728504
v -13.95596269 229.76516176 151.06797588
v -15.66941313 228.2111262 152.51428246
v -15.66941313 228.2111262 152.51428246
v -13.95596269 229.76516176 151.06797588
v -13.97255868 228.40001262 149.56598582
v -15.80384207 227.10143809 185.50888833
v -16.55172388 230.15621438 201.34415276
v -15.22963536 227.77343747 183.65630699
v -16.70990815 234.56530773 217.09383453
v -15.66998878 230.88955788 201.74058442
v -15.63309794 222.47298243 161.84375368
v -14.70031811 229.69622987 155.56728504
v -12.24899102 230.73810619 151.34896173
v -15.21879474 234.30747951 217.61660987
v -10.28459147 230.93263973 151.55786441
v -10.33141057 227.11883696 170.96092813
v -8.07316798 229.99696375 156.18367543
v -8.41538431 230.29879535 151.65133903
v -16.72223182 229.54031223 204.52583694
v -15.28225432 224.79611167 178.92735474
v -15.78856106 225.93977579 170.80600459
v -15.15226028 227.13905551 174.64193978
v -14.50075648 227.88086556 167.89024271
v -8.07316798 229.99696375 156.18367543
v -5.89717314 228.1433974 151.26309848
v -8.41538431 230.29879535 151.65133903
v -16.55172388 230.15621438 201.34415276
v -14.14402346 221.51861748 165.14840665
v 8.13103116 236.13310839 229.81195788
v 7.18868834 234.77402693 223.53338141
v 8.29917719 244.87705677 250.10482031
v 7.50369355 252.05357402 260.25715694
v 8.13103116 236.13310839 229.81195788
v 8.13845744 240.07209066 240.19928203
v -8.60413251 222.0714228 163.33161211
v -15.21879474 234.30747951 217.61660987
v -14.4708514 230.60587829 202.35064718
v -8.3635044 221.34179954 152.55145894
v -8.76683901 222.82634855 149.55129235
v -6.52264099 224.3365518 150.2532474
v -8.3635044 221.34179954 152.55145894
v -6.70282178 223.0214537 151.97255999
v -5.38033845 224.03046183 152.7382845
v -8.45956301 221.05235544 157.74546414
v -10.40980346 220.69233794 152.34958714
v -11.69354336 222.0903554 149.67329447
v -8.76683901 222.82634855 149.55129235
v -11.01912135 228.26067397 168.342499
v 8.26597203 259.41225872 266.43060436
v 9.08707415 266.99628084 273.96347494
v 9.8655861 258.67246896 266.71559805
v 8.13845744 240.07209066 240.19928203
v 9.46185985 244.8072672 249.67312906
v 9.23916029 236.07473507 229.29579155
v 9.5981959 240.09700594 239.44324228
v -16.17488936 292.60923209 288.64336397
v -15.72751832 292.42002465 290.09888067
v -15.73182029 232.1868312 216.64964641
v -16.93489052 236.00344279 229.66116477
v -16.8075594 231.81426881 215.53055368
v -16.82197474 239.96547731 240.05052785
v -17.46084506 244.74941251 249.83562849
v -18.14981754 240.42306817 239.37298694
v 7.50369355 252.05357402 260.25715694
v 7.59748225 266.78321248 274.5675615
v 8.26597203 259.41225872 266.43060436
v 7.83787527 275.28495621 280.7478462
v 7.46169549 244.54493002 247.42757876
v 7.94991 246.61564205 248.38144736
v 7.71704214 241.64504782 238.46664602
v 7.61549649 252.15762958 258.3038946
v -16.15428142 265.8070649 275.85679986
v -17.35016156 273.88961469 282.42402483
v -17.67908446 265.41283901 275.75632977
v 7.4255319 237.63827101 227.91425623
v -17.57413655 252.40111495 257.71430906
v -16.56781563 259.38797608 266.4435762
v -18.14981754 240.42306817 239.37298694
v -17.47432113 246.57203346 248.17727287
v -17.52363891 241.64158508 238.07086459
v -17.57413655 252.40111495 257.71430906
v -18.16952136 246.5436911 251.62742814
v -17.65610472 233.32587397 217.1336818
v -17.64811268 237.47128942 227.73723824
v 7.71704214 241.64504782 238.46664602
v 7.94991 246.61564205 248.38144736
v 8.8328019 241.81767152 238.04502636
v 7.00049794 234.26153323 217.7309483
v 7.4255319 237.63827101 227.91425623
v -15.78499842 238.0950984 234.13994364
v -16.0761022 245.14763719 250.09712153
v -17.42745534 250.50767624 259.40590281
v -16.84402509 257.50859901 268.28023297
v -17.89185301 236.34258217 228.72731599
v -17.46084506 244.74941251 249.83562849
v -17.42745534 250.50767624 259.40590281
v -16.8075594 231.81426881 215.53055368
v -17.89185301 236.34258217 228.72731599
v 7.59748225 266.78321248 274.5675615
v 7.83787527 275.28495621 280.7478462
v 7.61549649 252.15762958 258.3038946
v 8.94629992 252.51903029 257.69667931
v -17.64811268 237.47128942 227.73723824
v -15.92438627 251.22088083 259.43321736
v -16.84402509 257.50859901 268.28023297
v 9.51486991 246.34764542 248.25222126
v -16.23117533 237.82479815 227.65121631
v -15.61623171 239.15109846 233.7659751
v 9.83863945 238.02449121 231.97667127
v 9.51486991 246.34764542 248.25222126
v 9.5981959 240.09700594 239.44324228
v 9.46185985 244.8072672 249.67312906
v 9.23916029 236.07473507 229.29579155
v 8.8328019 241.81767152 238.04502636
v -16.23117533 237.82479815 227.65121631
v -17.52363891 241.64158508 238.07086459
v -16.24411201 241.76650489 238.23211602
v -17.47432113 246.57203346 248.17727287
v -15.81506499 246.32038355 248.62149657
v -15.80848899 252.11053198 258.22221426
v -5.38033845 224.03046183 152.7382845
v -4.87604702 224.88324159 156.26604211
v -8.45956301 221.05235544 157.74546414
v -6.52264099 224.3365518 150.2532474
v -5.38033845 224.03046183 152.7382845
v -6.70282178 223.0214537 151.97255999
v -6.52264099 224.3365518 150.2532474
v -4.88921234 225.64574972 156.58575014
v -4.87604702 224.88324159 156.26604211
v -4.88921234 225.64574972 156.58575014
v -10.80468353 229.56179116 149.53889947
v -6.98090731 226.22009026 148.57720931
v -7.88123229 228.01149046 149.38394084
v -0.90359804 227.56401502 149.17275319
v -6.98090731 226.22009026 148.57720931
v 7.54463918 331.75147206 273.24038153
v 7.51660496 349.45376348 254.5800495
v 8.53971192 341.529699 261.72796861
v 7.54463918 331.75147206 273.24038153
v 8.53971192 341.529699 261.72796861
v 8.48443114 331.38200331 272.68512399
v 9.86884553 343.65982094 260.49132046
v 9.29430595 361.66324095 237.66694303
v 9.33240631 362.16882609 238.62371209
v 9.72687276 345.77561769 259.60587846
v 9.92634321 331.95095364 274.14197643
v 9.05177953 343.00353119 263.4330961
v 8.74795549 332.58355015 274.6224965
v 9.72687276 345.77561769 259.60587846
v 8.75320223 353.80902839 250.37401198
v 9.66490063 321.17584652 283.74042938
v -17.38856622 332.5581338 274.61877018
v -17.83948232 342.95751454 263.11976841
v -18.22960616 331.70696714 273.62841152
v -17.90693518 351.46026622 252.55934388
v -17.29103581 354.2017689 249.78806486
v -17.77844617 361.62089807 238.45950779
v 8.98246461 350.45138103 251.15408003
v 8.43771365 360.60018379 238.55516202
v 9.29430595 361.66324095 237.66694303
v -17.38856622 332.5581338 274.61877018
v -17.83948232 342.95751454 263.11976841
v 7.6414017 332.49146412 273.99577081
v 8.05233451 343.05155153 263.18410023
v -17.17572186 331.1777761 272.77153258
v -15.92133996 331.7927604 272.96916833
v -16.48499828 343.57207639 259.64595439
v 9.60690201 331.32705765 273.06506855
v 9.92634321 331.95095364 274.14197643
v 8.05233451 343.05155153 263.18410023
v 7.51660496 349.45376348 254.5800495
v 8.30275521 321.6293333 283.97030139
v 7.6414017 332.49146412 273.99577081
v -18.13787177 344.5048881 259.7637026
v -17.73039284 320.60193946 282.16472123
v -17.17572186 331.1777761 272.77153258
v -15.75699496 332.24719648 274.04242022
v -15.82451702 343.73371466 260.38592872
v 9.60690201 331.32705765 273.06506855
v 9.86884553 343.65982094 260.49132046
v -17.50917633 343.46348569 259.87535191
v -17.90693518 351.46026622 252.55934388
v -18.2383639 320.9425293 283.39848635
v -16.27521671 320.84517003 281.9496138
v -15.92133996 331.7927604 272.96916833
v -16.30986209 361.51642023 237.76380993
v 8.13446527 361.95419331 238.84163184
v 7.90027144 361.5863592 238.13962387
v 7.90027144 361.5863592 238.13962387
v -16.73597155 365.96482556 232.73045789
v 6.92687445 248.10224276 134.95289961
v 10.51727665 244.77324537 132.4108433
v 6.44041325 245.3903828 132.22447421
v 5.71039846 238.01366477 130.21171493
v 9.23200096 239.48035166 130.35122338
v 9.78699711 235.40114183 130.99659896
v 11.98544987 239.6894303 131.31238674
v 12.09774935 234.17250058 132.35867647
v 6.47072919 242.77047716 130.82376306
v 7.39047237 232.31961169 132.02682291
v 5.90694453 234.12788995 131.20052759
v 10.51727665 244.77324537 132.4108433
v 7.6820683 249.09296221 136.9233345
v 10.58608074 247.80272191 135.64866785
v 11.93359331 231.10512893 134.69708664
v 8.72732998 230.48199758 133.85108789
v 6.47072919 242.77047716 130.82376306
v 13.50947732 243.41971946 133.56860572
v 13.75451835 245.87358405 135.78028478
v 15.94962049 240.57564593 134.95435973
v 10.51727665 244.77324537 132.4108433
v 11.98544987 239.6894303 131.31238674
v 14.75154323 235.08332372 134.16552219
v 14.29611752 231.02982953 137.71154311
v 10.33901505 248.94141342 137.85544313
v 13.75451835 245.87358405 135.78028478
v 8.08726771 228.92960555 135.80937748
v 11.49685635 229.36553308 137.07107245
v 16.67584084 235.81426394 136.87763645
v 14.75154323 235.08332372 134.16552219
v 17.20196017 240.10537353 137.30301687
v 17.48723936 235.93383217 140.85715838
v 16.57148616 233.54717352 140.21176628
v 15.81814449 233.45259115 137.15271697
v 9.41021971 249.64173463 141.39125104
v 12.48105551 248.40048139 139.81923417
v 14.54167598 230.8819506 142.72837206
v 14.29611752 231.02982953 137.71154311
v 15.96784565 244.85309879 139.03617915
v 12.48105551 248.40048139 139.81923417
v 14.97051976 246.14644177 142.36964047
v 14.29611752 231.02982953 137.71154311
v 12.87349731 229.40684424 142.02729586
v 10.38442524 228.16299383 139.40856831
v 11.49685635 229.36553308 137.07107245
v 16.18593894 233.38523707 143.3080613
v 15.47862925 234.3786811 146.17160142
v 17.17459277 242.19246805 142.67425062
v 16.29536239 241.8956368 145.33832709
v 16.18397471 239.49361614 146.50426299
v 14.54167598 230.8819506 142.72837206
v 12.40474824 230.48191162 145.66965551
v 17.39101844 237.49099712 143.62718874
v 14.84839912 244.43855502 145.88736202
v 17.70508438 240.57572588 140.13806475
v 10.71203207 248.88741781 143.69738944
v 14.18898787 238.01511791 148.85118017
v 12.97566036 233.32254068 148.12482876
v 14.18898787 238.01511791 148.85118017
v 11.72870914 235.96119228 150.04606534
v 12.97566036 233.32254068 148.12482876
v 13.13140801 243.39347943 148.54883722
v 7.39940918 249.45762468 143.83863817
v 15.47862925 234.3786811 146.17160142
v 12.97566036 233.32254068 148.12482876
v 9.51402621 230.59385111 147.70851782
v 11.9262582 242.1810881 149.78341114
v 10.99133178 239.27468645 150.8106997
v 10.71203207 248.88741781 143.69738944
v 11.18275196 246.90099699 146.88686047
v 13.27355325 247.48762022 143.5694818
v 9.89372468 228.79757295 144.82369208
v 14.84839912 244.43855502 145.88736202
v 13.13140801 243.39347943 148.54883722
v 6.56445967 228.72057699 145.48782167
v 8.55533678 234.02105126 150.47469852
v 9.51716151 244.11020842 149.88660542
v 6.92868049 246.24520801 148.77630079
v 7.216549 242.3085831 150.98052823
v 8.55533678 234.02105126 150.47469852
v 6.22721515 230.62170632 148.03518647
v 6.96112654 237.08290427 151.44326133
v 4.77425593 233.09272159 149.70463248
v 3.12582503 230.59438708 146.88689828
v 7.52512102 248.04654314 146.70952587
v 3.51615429 246.47769009 147.650142
v 2.9353908 229.01485098 144.02958051
v 2.83639217 243.41605726 149.54051429
v 5.88395381 227.9222202 142.97764964
v 9.37406381 227.96769626 142.72935685
v 6.96112654 237.08290427 151.44326133
v 4.65774565 238.9197189 151.29190544
v 4.77425593 233.09272159 149.70463248
v 2.03933703 235.591082 149.68136012
v 2.03933703 235.591082 149.68136012
v 0.89667128 233.3941933 147.85377374
v 1.64406094 239.65027177 149.97283894
v 2.03933703 235.591082 149.68136012
v -0.87489891 238.01498592 147.85663804
v 0.89667128 233.3941933 147.85377374
v -2.21203473 235.2612399 144.73533142
v -0.16739038 243.44046255 147.23694225
v 4.92181599 248.76977512 144.95650068
v 4.69104474 249.45801117 142.60765016
v 1.63574207 247.3393408 144.80716667
v -0.12915243 232.18744358 145.42537
v -1.80702838 242.18120166 145.59400217
v -3.0267634 239.13077364 144.21791648
v 4.92181599 248.76977512 144.95650068
v 1.63574207 247.3393408 144.80716667
v -0.16739038 243.44046255 147.23694225
v -0.69075533 245.50985563 144.04984411
v -0.69075533 245.50985563 144.04984411
v 1.88677796 248.45889006 141.54719442
v -1.46036672 245.32569206 140.98696303
v -3.50938142 237.86339191 140.93184276
v -1.46036672 245.32569206 140.98696303
v -2.63488214 243.18676397 141.84934401
v 4.3523666 227.95250495 140.34420993
v -2.98864499 235.04634266 140.06118383
v -1.2258598 232.00494982 142.35475505
v -0.12915243 232.18744358 145.42537
v 0.56855802 230.08389735 142.24823871
v 5.01976495 249.49353367 138.72095238
v 2.6305094 248.71814174 139.32994301
v -2.0377973 233.42250841 138.99802133
v 1.0453689 229.71795676 139.10183173
v -1.64262845 233.96865198 136.78825768
v 1.1996269 231.48160213 135.34070379
v -3.0685894 239.79018275 137.78098843
v -1.32746505 241.89559999 135.16375438
v -1.71826698 238.01573962 134.90268375
v 0.26787093 246.90157566 138.46227201
v -1.94276145 243.96581142 138.26078727
v -1.46036672 245.32569206 140.98696303
v 0.25797728 244.4753243 134.74181794
v -1.94276145 243.96581142 138.26078727
v 0.25797728 244.4753243 134.74181794
v 3.68892747 246.32609495 133.80796891
v 2.85242679 243.26621923 132.11461827
v 0.10086466 235.26630023 133.43864267
v 0.37511896 240.71457423 132.78356436
v 2.42992776 239.47963994 131.25953272
v 0.10086466 235.26630023 133.43864267
v 2.8180555 234.17762422 132.04529604
v 1.1996269 231.48160213 135.34070379
v 0.37511896 240.71457423 132.78356436
v 2.57102552 247.46896978 135.9615386
v 1.0453689 229.71795676 139.10183173
v 3.80061506 228.97094683 136.78799484
v 4.65343819 230.49830908 134.10693878
v 0.37511896 240.71457423 132.78356436
v 2.42992776 239.47963994 131.25953272
v 3.80061506 228.97094683 136.78799484
v 7.56409034 228.04388738 137.75218163
v 2.85242679 243.26621923 132.11461827
v 7.15977856 227.60214258 140.84271144
v -18.41966852 246.99366091 134.32199075
v -16.78904861 248.68321572 136.17000169
v -15.59278947 245.86432043 132.52178918
v -21.67570663 236.7234514 132.36252542
v -19.63601818 239.68011444 131.0212588
v -18.52669161 234.05491908 131.60562484
v -16.02170137 234.22905439 131.13030743
v -16.64760535 237.83192733 130.23866051
v -19.17587194 243.86894354 132.11038211
v -15.4158099 242.60398776 130.79108744
v -19.2334619 230.51897974 134.74306818
v -15.39349589 230.871438 133.18910264
v -15.4158099 242.60398776 130.79108744
v -14.08554696 239.60532415 130.25955928
v -24.05732937 233.45259994 137.15271697
v -23.9333192 237.93548294 134.41724202
v -21.65105049 233.39427889 133.79011278
v -22.04993207 242.41204725 133.2247645
v -19.63601818 239.68011444 131.0212588
v -22.04993207 242.41204725 133.2247645
v -21.67570663 236.7234514 132.36252542
v -22.00330357 245.42129246 135.31412509
v -22.23973077 246.97556609 138.62273248
v -19.4425327 248.50429081 137.53144626
v -20.02113366 228.68064994 140.08841164
v -21.90331457 231.15259592 136.48698826
v -19.27678373 228.71007793 138.18037495
v -25.37784366 235.13970273 138.85707104
v -26.01880674 238.01414969 139.74455116
v -25.10879683 240.41326103 136.58603318
v -24.40596927 244.47535136 139.00468122
v -21.83082261 247.69095937 140.88550817
v -22.23973077 246.97556609 138.62273248
v -17.39838737 227.89294514 139.58149093
v -20.02113366 228.68064994 140.08841164
v -19.27678373 228.71007793 138.18037495
v -25.56804224 241.89556565 140.16268992
v -21.83082261 247.69095937 140.88550817
v -21.98753809 229.98554046 140.03481914
v -21.90331457 231.15259592 136.48698826
v -22.19528292 232.53488845 146.649749
v -25.06877398 235.33868409 144.15500899
v -23.7565868 231.86645176 142.07206409
v -25.8667986 239.633757 142.77227799
v -21.91472315 246.9009438 144.0600737
v -19.64380369 248.36769218 144.09373343
v -24.58556892 244.07287368 142.64598649
v -17.94936717 228.04544372 142.50853691
v -20.95201627 229.69251038 143.58634105
v -23.92050776 242.15768377 146.45687495
v -18.06917094 249.42263744 142.52531947
v -18.32485815 249.47762678 140.58973961
v -14.57661005 249.90111849 141.35281008
v -20.02445791 236.22211416 150.20243034
v -23.42264567 238.01507381 147.85670835
v -23.92050776 242.15768377 146.45687495
v -20.63059985 243.9481658 148.6723859
v -22.98207583 244.62647078 145.85756897
v -17.16764852 248.06162416 146.39461624
v -23.42264567 238.01507381 147.85670835
v -20.90803751 239.30983154 149.99215612
v -19.42202692 246.90095304 146.88686047
v -19.64380369 248.36769218 144.09373343
v -21.91472315 246.9009438 144.0600737
v -17.16764852 248.06162416 146.39461624
v -24.7422108 239.47828011 145.89659076
v -15.82555187 228.12157439 144.15156507
v -18.82513269 229.69251517 145.99528724
v -17.37428051 243.87224217 150.16771451
v -15.77869816 229.69249776 147.01800531
v -19.68848993 232.40125957 148.49306717
v -16.99732514 232.64987771 149.66093611
v -20.02445791 236.22211416 150.20243034
v -15.18865567 236.75124374 151.39125103
v -20.02445791 236.22211416 150.20243034
v -16.99732514 232.64987771 149.66093611
v -13.70693607 228.04543507 143.37787803
v -15.35043223 227.59981785 139.81626704
v -15.25051025 249.42204885 144.00743016
v -18.06917094 249.42263744 142.52531947
v -15.39344646 246.21528315 148.78127508
v -13.72345406 247.56024899 147.18148613
v -11.48470327 248.72055051 143.71194323
v -9.6935273 232.38601136 147.55181853
v -10.88768489 234.72377983 149.77462385
v -13.79063227 231.87826905 149.10590713
v -11.95736103 238.015004 150.92881738
v -13.05027067 242.32618642 150.68113909
v -9.47411959 239.47955506 149.69455981
v -11.13409034 244.11051591 149.22447962
v -10.45589971 245.68968654 147.51553742
v -12.82205852 229.6296291 146.36417587
v -15.18865567 236.75124374 151.39125103
v -17.43536499 240.39083517 151.25425525
v -11.25886841 228.77389646 143.20446318
v -6.83836631 235.44027956 146.47417182
v -7.08894987 233.41984649 145.14608876
v -6.83836631 235.44027956 146.47417182
v -9.6935273 232.38601136 147.55181853
v -7.3643225 239.48031057 147.85672569
v -5.72032704 240.22631341 145.24444858
v -7.95305908 244.0317617 146.57404297
v -9.59252104 247.0595149 144.98710252
v -7.95305908 244.0317617 146.57404297
v -8.18028829 246.87363754 141.74904901
v -11.48470327 248.72055051 143.71194323
v -9.59252104 247.0595149 144.98710252
v -9.58431313 248.03895753 139.77406132
v -9.30817892 229.62957995 141.36613676
v -9.37712088 230.4290618 144.71953048
v -4.92016599 237.86158178 142.77229586
v -6.52089345 244.07284751 143.83842812
v -9.59252104 247.0595149 144.98710252
v -12.33674587 228.04543462 140.63939814
v -6.38423237 232.81368538 142.07837408
v -5.21891247 241.89556587 141.48133445
v -12.56345848 249.48261854 139.91627664
v -9.37712088 230.4290618 144.71953048
v -12.03901831 248.72346727 137.41686173
v -7.95350482 232.90106839 135.46927936
v -5.77198805 234.12787374 139.57474035
v -7.80579618 231.07327575 139.31628855
v -5.40483723 238.22074937 136.98489095
v -5.77893029 242.50728019 137.65518936
v -4.74994196 238.01574048 140.13210656
v -7.80579618 231.07327575 139.31628855
v -6.38423237 232.81368538 142.07837408
v -7.76746073 244.22036994 135.42058921
v -6.74420546 245.34340079 140.38002903
v -12.942015 228.11866011 138.6928678
v -9.43867555 229.98681005 137.91135868
v -6.83834406 235.4402162 135.16990738
v -7.76746073 244.22036994 135.42058921
v -11.43473678 244.76525667 132.68754052
v -9.23866791 246.43004573 136.0814491
v -14.43567762 228.85254359 135.96387938
v -10.64605764 230.15629161 135.93951743
v -12.942015 228.11866011 138.6928678
v -10.64605764 230.15629161 135.93951743
v -10.08661067 235.26021838 132.14033473
v -6.83834406 235.4402162 135.16990738
v -7.95350482 232.90106839 135.46927936
v -7.36432771 239.48023797 133.78728189
v -10.88465011 242.0828121 131.62422001
v -12.13449276 231.50975577 133.34047571
v -12.67740526 247.91935407 135.3204524
v -7.36432771 239.48023797 133.78728189
v -13.27644169 235.27516741 130.86536906
v -10.0576542 238.74445537 131.58143812
v -10.88465011 242.0828121 131.62422001
v -15.78242449 249.54061356 137.99155937
v -10.88465011 242.0828121 131.62422001
v -24.41115888 254.2845296 8.55038538
v -17.41992799 258.75082003 6.60183297
v -24.09587574 255.17114538 -13.14793597
v -17.21625554 259.53700965 -14.7125066
v -28.97369472 250.18445989 -20.07219876
v -30.24260951 247.48272967 10.27122367
v 10.14162528 272.07655754 -81.73880179
v 13.4585798 268.79467574 -81.68186494
v 16.22836104 255.34125447 -20.32523048
v 9.16429323 259.49322527 -15.0976803
v 8.95842366 258.8448651 2.33489621
v 16.12496431 254.30397887 10.4655056
v 14.35191243 258.63059324 60.08003062
v 9.1827458 262.38301372 -34.06297481
v -12.38156284 196.87442232 39.02839947
v 24.74688541 200.09189393 -64.30195233
v 25.19137273 199.13032993 -41.79481077
v 10.43471745 203.07046251 70.44619295
v -27.33044244 251.38458162 81.38183334
v -27.54452158 252.74932716 60.00821193
v -33.67869878 199.49845669 -51.88063394
v -9.70690945 276.23997977 -130.35857514
v -16.88813788 273.74371998 -129.31264623
v -32.09145344 199.36664618 -28.30274981
v -28.61152492 200.45567656 -9.50159923
v -9.69753761 272.88612687 -142.902264
v -16.88110818 270.59208178 -141.6349088
v -33.27142419 231.29808263 66.81013867
v 10.55401259 217.59384731 134.5002088
v 8.52564372 215.76171282 136.31914795
v 7.44847099 219.12680437 164.53206934
v 8.52469676 248.08423706 146.90299596
v -29.60901119 201.76561881 -100.66001938
v -25.02973545 127.70733661 -177.13297532
v -15.25606019 89.55028265 -193.30334843
v -25.20781689 98.99628978 -185.36302559
v -26.45329933 82.84474856 -185.65868577
v -22.15125362 87.06820348 -190.00331796
v 5.50898575 89.91699166 -193.69747769
v 9.03514619 221.14331759 164.75396113
v 0.02036637 226.32499516 181.32951596
v 1.90645926 160.50974551 -158.07931328
v 1.90645926 160.50974551 -158.07931328
v 16.23807014 207.03754673 58.22161344
v 15.13150756 210.44462075 85.10752363
v 8.68683915 262.76194454 55.07569827
v -18.62439999 202.99555367 70.19722347
v 10.55401259 217.59384731 134.5002088
v -16.78224192 215.66867326 135.81263139
v -12.94566717 234.65633972 167.33004486
v -16.74716041 235.42189592 158.19801696
v -12.21032545 232.44647126 170.82423089
v -12.94566717 234.65633972 167.33004486
v -8.29595982 232.26380279 174.24617509
v 22.19400113 202.81580954 -101.86495404
v 20.54090133 202.33929942 -113.51951933
v 18.80898624 202.97373565 -122.02823144
v 22.86616559 205.72060392 -123.5565701
v -17.36237318 242.40805954 147.17570413
v -14.83200065 218.95617154 166.62239717
v -13.76656935 225.01450954 173.9208259
v -8.74082064 224.64021315 183.37333528
v -9.26790671 225.79009175 181.49250762
v 8.63891764 275.5459212 -101.87388182
v 8.6820615 275.42498909 -116.01662611
v 2.24273375 276.16446025 -129.83180106
v 2.08376236 275.74496634 -82.60911025
v 10.14162528 272.07655754 -81.73880179
v -8.32125917 248.88127051 172.28299663
v -14.55678209 249.44519085 155.50353003
v -9.68140576 249.91647655 169.23002879
v -16.7249277 247.43723617 146.24094058
v 1.31326114 249.88562895 169.53402311
v 0.88857762 248.82117442 170.39195692
v 5.65425531 251.59324155 155.52404204
v 1.31326114 249.88562895 169.53402311
v 5.55209555 250.28737619 159.79933247
v 3.47264351 247.71915461 151.44078124
v -27.5212672 190.43270082 -146.27604254
v -23.48965361 214.04620356 -201.4918101
v -16.87858368 266.12886512 -153.22051884
v -23.69464104 265.52863997 -133.42881048
v -20.13345732 247.8900549 -177.9558712
v 9.08049706 237.53176525 -190.71654705
v 20.33450114 200.51917597 -129.15551345
v 19.96459306 194.38435781 -138.94989453
v 18.96079444 190.52231722 -146.06290378
v 22.77270646 192.66062084 -149.8895237
v 8.65383282 260.48362132 -164.06284107
v 8.80622217 253.36110939 -174.36983778
v -9.80273653 268.2672219 -154.41797906
v 8.8455672 245.73631718 -183.22034221
v -9.7135173 229.41835429 -199.35685678
v -9.7912972 214.94741512 -208.01040096
v -29.23993143 153.44616813 -170.39406983
v 19.93226236 177.46418692 -155.20675876
v -14.9797145 169.024184 -158.42659236
v 20.37422298 185.92022582 -150.38850743
v -14.35869912 242.76620033 150.29794272
v -9.48056101 243.92250386 151.64244285
v -9.61128999 246.0453314 150.71993094
v -14.26470938 245.97365204 148.66380799
v -16.74716041 235.42189592 158.19801696
v -13.13423273 237.89345148 158.63608826
v -17.36237318 242.40805954 147.17570413
v -16.7249277 247.43723617 146.24094058
v -14.26470938 245.97365204 148.66380799
v -11.22064336 247.69015258 151.66854408
v 20.02741767 150.65478419 -170.42598043
v 8.65779974 194.45742622 -214.96011712
v 8.38239442 169.88733872 -221.46546834
v 1.56656007 194.28372995 -216.8335798
v 8.65779974 194.45742622 -214.96011712
v 1.54780266 169.00241966 -223.43539351
v 8.65779974 194.45742622 -214.96011712
v 1.56656007 194.28372995 -216.8335798
v -6.06519887 225.60534914 184.55853503
v -1.42134769 225.63575293 184.33882246
v 22.62284271 121.03200885 -194.87570459
v -30.86203857 121.03205279 -194.87573975
v 15.24806508 80.27387764 -218.5146612
v 2.26136757 75.96254478 -224.61913695
v -22.17268987 123.8373625 -222.81920665
v 6.78455234 198.57118776 -122.97795149
v 10.63529745 201.2916161 -122.7342819
v -19.59672258 77.78075468 -221.53827486
v -27.5212672 190.43270082 -146.27604254
v -12.38221044 197.5294777 -123.20111777
v 6.78455234 198.57118776 -122.97795149
v -17.96721552 201.66799253 -122.67215604
v 5.25861998 168.90606985 -158.22174113
v 4.03019162 167.18663294 -157.25806394
v -23.71892587 183.45298588 -147.97956962
v -22.54386899 175.74653945 -151.58564925
v -23.71892587 183.45298588 -147.97956962
v -23.71892587 183.45298588 -147.97956962
v -14.86426983 178.00658825 -147.15491715
v -27.43460598 170.8420174 -160.16499366
v -22.99827084 161.98372776 -160.83322602
v 5.98573456 185.3026323 -144.59821984
v -27.5212672 190.43270082 -146.27604254
v 22.19400113 202.81580954 -101.86495404
v 20.54090133 202.33929942 -113.51951933
v -27.15350352 98.58945669 -186.03488899
v -27.60343751 112.23195102 -183.65369911
v 17.53373054 198.79173867 -101.91507421
v 20.54090133 202.33929942 -113.51951933
v -27.60343751 112.23195102 -183.65369911
v -25.02973545 127.70733661 -177.13297532
v 9.25368769 181.9765529 -145.92627632
v 1.87645861 181.82683432 -145.01037369
v -13.43484951 -4.82812997 -163.36405036
v -18.26874795 -4.01148592 -170.78504466
v -18.26874795 -4.01148592 -170.78504466
v -4.12259819 -7.23771034 -172.01041629
v -15.02785792 139.32202903 -174.09922999
v -28.43606905 11.43346271 -178.83519269
v -24.11128418 1.61935999 -174.16791607
v -22.77337305 10.44662002 -174.45524003
v 15.14122325 183.34286157 -147.83459446
v 14.29487285 175.76464597 -151.5659718
v 20.37422298 185.92022582 -150.38850743
v -27.58675034 140.07708076 -176.6018178
v 4.32661299 139.09864075 -173.61769031
v 9.25368769 181.9765529 -145.92627632
v 8.77930408 174.81283272 -149.83696555
v -32.5677024 43.69887524 -192.89870072
v -31.17835436 25.13367403 -185.64116967
v 18.94793906 170.06875326 -160.37593518
v -22.15706611 23.91586163 -175.56766454
v -24.34074979 30.88427505 -170.81769964
v -25.89985216 56.91196062 -180.13547666
v -26.67977246 42.62288212 -187.70831626
v 20.2305002 163.6164525 -164.24477367
v 9.24300416 159.95858137 -159.26381881
v 12.78558592 139.7225737 -174.92955022
v -9.36858999 -10.84268468 -176.94938729
v -8.8006731 -9.27063303 -180.52084173
v 19.41845133 139.27587136 -176.90554833
v -24.36542571 0.7086413 -182.1754372
v -13.67331675 -1.65755843 -187.1761652
v 16.724494 127.61643054 -177.10949242
v 19.36333424 112.14696619 -183.68372062
v 19.36333424 112.14696619 -183.68372062
v 16.71091796 102.77882633 -184.70817729
v 18.90703957 99.4817402 -185.99604395
v 20.25681957 11.74888205 -179.01535705
v 15.85422789 -1.25782073 -178.32130929
v 15.85422789 -1.25782073 -178.32130929
v 16.0463885 2.12171081 -174.18563378
v 16.0463885 2.12171081 -174.18563378
v 10.5935982 -0.24951429 -169.02212435
v 19.10280127 59.61514126 -208.50325246
v 23.64457866 38.40013717 -195.0169751
v 17.16798382 61.57233481 -191.5054447
v 24.76223453 64.47856837 -199.3186175
v 16.37958042 37.44040803 -184.36581931
v 22.94342971 25.19226698 -185.64974726
v 16.88028339 65.1404774 -181.24423551
v 11.76980857 173.96887418 -154.85816222
v 14.00922564 174.38556017 -154.82168122
v 14.48100455 169.69035721 -149.81334122
v 15.95428279 162.2414431 -132.68029445
v 16.15488696 174.27733552 -153.21267332
v 16.92394687 171.03041836 -148.99402448
v 16.15488696 174.27733552 -153.21267332
v 17.05534817 176.85807713 -153.39018392
v 9.5919253 133.74740846 -111.28906524
v 16.56295472 180.13602537 -144.26407134
v 16.0031974 181.80919509 -149.32258441
v 13.86062195 183.0427096 -150.4966407
v 13.89592316 181.51094057 -143.81504938
v 11.02618039 181.36462092 -142.97009633
v 7.26666653 176.21210418 -135.71403515
v 7.4386081 170.52942986 -128.10623164
v 4.55385566 131.84087229 -112.00596068
v 7.29862482 179.69925303 -152.42653384
v 6.71898242 177.02476006 -152.28147917
v 8.42849012 180.92675333 -144.27615566
v 6.72621206 112.29509017 -114.05205277
v 5.65761911 110.67409506 -112.28754086
v 5.65761911 110.67409506 -112.28754086
v 7.26236566 113.30864229 -111.20638847
v 5.65761911 110.67409506 -112.28754086
v 8.22657647 113.51482476 -112.43193643
v 5.11808962 113.50115891 -110.81034341
v 5.65761911 110.67409506 -112.28754086
v 8.24590898 176.06543643 -154.25377723
v 7.26236566 113.30864229 -111.20638847
v 8.92427483 117.43278782 -111.35982761
v 5.11808962 113.50115891 -110.81034341
v 8.24590898 176.06543643 -154.25377723
v 11.64662342 177.05021973 -156.05498982
v 9.51963437 173.68078283 -153.86296091
v 12.50353211 180.43637718 -155.7462327
v 14.22278626 177.38913082 -155.74727803
v 9.59665901 178.53566137 -155.39420891
v 9.43219097 180.85739285 -154.20469422
v 12.50353211 180.43637718 -155.7462327
v 9.59665901 178.53566137 -155.39420891
v 11.25607884 182.47718657 -153.27487089
v 14.39119704 182.052592 -153.43397788
v 15.61501363 179.32523815 -154.67646959
v 15.61501363 179.32523815 -154.67646959
v 9.59665901 178.53566137 -155.39420891
v 7.29862482 179.69925303 -152.42653384
v 9.43219097 180.85739285 -154.20469422
v 16.51228241 180.73496493 -152.25648527
v 15.61501363 179.32523815 -154.67646959
v 14.39119704 182.052592 -153.43397788
v 17.05534817 176.85807713 -153.39018392
v 6.33448652 172.05981019 -149.00975606
v 8.47603702 170.27406979 -149.82225285
v 5.32331105 155.76167496 -124.83963942
v 10.55664365 159.05960265 -174.1347827
v 12.72408398 158.52871869 -173.05934232
v 13.15430645 155.75704346 -168.45972953
v 6.14498882 149.92092894 -115.8309046
v 12.5330428 150.1345211 -151.47315224
v 15.07244223 151.18831131 -149.09306767
v 14.42482625 160.51867426 -173.83973532
v 15.60931648 157.21662538 -167.93275357
v 10.09202407 155.42937891 -168.77115007
v 14.42482625 160.51867426 -173.83973532
v 16.13509745 161.50335928 -172.03778482
v 15.60931648 157.21662538 -167.93275357
v 16.0758168 164.17033169 -172.66501191
v 8.97571723 127.21200765 -124.10167298
v 13.9923594 156.84604439 -143.32689676
v 15.3182962 167.01648244 -164.88441903
v 14.33379713 167.81136957 -171.59448498
v 12.5844094 168.90442007 -170.07076091
v 12.8712914 168.16650216 -163.72891566
v 13.9923594 156.84604439 -143.32689676
v 15.04629643 162.26372629 -151.60664279
v 8.70027896 165.9871349 -155.99635113
v 10.36245728 169.04793283 -171.28027863
v 10.07075589 168.70544376 -164.6440186
v 15.3182962 167.01648244 -164.88441903
v 12.8712914 168.16650216 -163.72891566
v 12.63337125 165.61431575 -155.19071781
v 6.17575408 164.68520066 -155.61616908
v 6.48605524 160.43906164 -147.12641318
v 3.92844163 125.21786117 -124.38297505
v 6.28355605 105.67026701 -122.82863727
v 5.0541258 104.33365029 -120.93108505
v 5.0541258 104.33365029 -120.93108505
v 6.14563368 107.22215008 -119.96636278
v 5.0541258 104.33365029 -120.93108505
v 7.61660494 107.09929533 -121.62035898
v 5.0541258 104.33365029 -120.93108505
v 6.14563368 107.22215008 -119.96636278
v 5.0541258 104.33365029 -120.93108505
v 4.11320178 108.47936296 -120.08453319
v 6.33557959 160.48591627 -172.65848145
v 8.32769259 111.14394014 -121.27107817
v 12.53420947 162.14314658 -175.70858434
v 9.9254358 161.98603889 -175.83885629
v 11.0611883 165.28632816 -176.1668086
v 8.0428616 163.73746673 -175.35997106
v 11.0611883 165.28632816 -176.1668086
v 8.0428616 163.73746673 -175.35997106
v 10.12818656 167.82066081 -174.03993861
v 13.2558642 167.05537718 -174.27164736
v 14.1366831 164.10435656 -175.05570436
v 13.2558642 167.05537718 -174.27164736
v 5.94300925 163.11786498 -173.30743371
v 8.43904292 159.89564749 -174.21763205
v 6.33557959 160.48591627 -172.65848145
v 8.0428616 163.73746673 -175.35997106
v 13.2558642 167.05537718 -174.27164736
v 14.1366831 164.10435656 -175.05570436
v 7.37394339 153.59322086 -162.39487129
v 6.78721965 150.64288818 -151.60967293
v 7.14931146 156.34078213 -168.46868511
v 5.01982428 158.24598459 -167.94847636
v 5.35244274 135.67779255 -135.56096798
v 11.50672364 139.93530671 -130.12097334
v 12.99731633 144.81582732 -142.01764518
v 5.43040994 142.33207073 -131.37562039
v 3.91522537 128.90694402 -130.86379338
v 10.15454767 135.98450574 -88.77182731
v 9.36037022 123.25821527 -89.62641046
v 19.6617061 187.21367729 -128.46305636
v 16.8000883 177.64956741 -99.98596804
v 18.5268006 200.34366111 -127.16001355
v 16.8000883 177.64956741 -99.98596804
v 18.35388021 187.0361002 -107.58376206
v 7.63414349 191.39348096 -111.67768465
v 7.73398089 183.28789454 -103.35060331
v 13.22723455 202.29068778 -128.42506612
v 13.22723455 202.29068778 -128.42506612
v 12.71852085 199.34692295 -120.43281
v 4.00381513 133.78965606 -90.0230417
v 6.71772786 110.4005073 -95.58320721
v 5.3850382 108.15383233 -93.71729785
v 5.3850382 108.15383233 -93.71729785
v 7.32847278 111.17671285 -91.96144777
v 5.3850382 108.15383233 -93.71729785
v 8.5268851 111.62121751 -93.40042895
v 5.7207623 111.64515774 -91.24287788
v 4.05501091 111.49491377 -91.96631225
v 5.3850382 108.15383233 -93.71729785
v 7.32847278 111.17671285 -91.96144777
v 9.35904646 116.20333225 -91.46524532
v 5.7207623 111.64515774 -91.24287788
v 4.05501091 111.49491377 -91.96631225
v 5.77466768 175.0346994 -110.4589803
v 14.58700269 195.52074024 -136.15033473
v 14.34593186 199.70351404 -135.22537186
v 17.38421834 196.70232824 -135.13613291
v 11.56723688 196.48032617 -135.69239237
v 10.32883137 198.94178833 -134.06792592
v 14.34593186 199.70351404 -135.22537186
v 11.56723688 196.48032617 -135.69239237
v 12.41405526 201.7033735 -132.14005403
v 16.27516202 201.44709641 -131.91651842
v 18.10332879 199.23831253 -133.32465592
v 17.38421834 196.70232824 -135.13613291
v 8.70204216 196.79107481 -133.49304324
v 8.70204216 196.79107481 -133.49304324
v 7.139342 197.40076018 -130.00111631
v 10.32883137 198.94178833 -134.06792592
v 11.56723688 196.48032617 -135.69239237
v 8.70204216 196.79107481 -133.49304324
v 18.10332879 199.23831253 -133.32465592
v 17.38421834 196.70232824 -135.13613291
v 7.26881971 181.58578472 -122.58464564
v 9.33931297 186.434506 -129.71909147
v 6.70434956 188.47322133 -128.48232096
v 9.33931297 186.434506 -129.71909147
v 6.85224468 157.23661024 -101.29083327
v 6.08367583 150.12942736 -99.11195135
v 14.57806258 160.75121777 -92.89969443
v 13.38850248 153.04128761 -90.96846802
v 15.61002615 163.14280228 -102.96487703
v 13.63896053 199.37973704 -106.80761623
v 16.37863126 197.87265404 -105.51885236
v 10.97525541 144.98968077 -51.99566437
v 10.18050452 132.28812477 -50.82909621
v 19.53384437 185.44457097 -90.93429921
v 19.97943904 190.61642594 -96.79332681
v 19.53384437 185.44457097 -90.93429921
v 19.19828615 197.16670033 -103.33397772
v 18.56871077 202.28047915 -106.28281126
v 19.97943904 190.61642594 -96.79332681
v 22.35998958 191.30054881 -86.71205295
v 18.61216992 192.03989845 -77.70027838
v 17.17186614 184.37603095 -69.4547676
v 6.51511332 192.36464872 -79.48945062
v 18.26079239 209.27191384 -102.80201162
v 18.26079239 209.27191384 -102.80201162
v 15.86616927 210.68527651 -102.51736543
v 13.3060092 210.16475585 -100.11588059
v 7.90339685 187.11830929 -71.79836293
v 4.80826579 142.63445087 -52.79280755
v 10.19525382 208.38171827 -98.74533087
v 8.00337706 206.80766204 -100.11261951
v 7.45963019 118.65845484 -54.652018
v 6.15780905 116.73458163 -52.43639439
v 6.15780905 116.73458163 -52.43639439
v 8.12491216 119.99285772 -51.20681966
v 6.15780905 116.73458163 -52.43639439
v 9.30075561 120.20416823 -52.71584957
v 6.52788082 120.57062718 -50.54629347
v 4.8514481 120.31104985 -51.21168196
v 6.15780905 116.73458163 -52.43639439
v 6.52788082 120.57062718 -50.54629347
v 6.15780905 116.73458163 -52.43639439
v 6.72953411 179.13452019 -79.06612386
v 5.95218335 186.69426319 -90.43051607
v 9.03002798 184.64475331 -92.10431245
v 8.12491216 119.99285772 -51.20681966
v 10.15794443 125.03210606 -51.53709681
v 15.00151901 203.9106011 -108.16180221
v 11.85454841 204.69246149 -107.93297609
v 14.39427521 208.7791856 -107.93686127
v 10.39228326 207.30813983 -106.73991969
v 11.53591026 209.95668719 -105.40761825
v 14.39427521 208.7791856 -107.93686127
v 10.39228326 207.30813983 -106.73991969
v 13.73689411 210.86502299 -104.81263676
v 16.02412942 210.55929293 -104.90763164
v 18.06936123 208.36011936 -105.87286375
v 17.66859012 205.51184008 -107.26448755
v 14.39427521 208.7791856 -107.93686127
v 18.06936123 208.36011936 -105.87286375
v 17.66859012 205.51184008 -107.26448755
v 10.39228326 207.30813983 -106.73991969
v 8.7724842 204.88329981 -105.66762528
v 9.15158836 207.88166477 -104.12177207
v 15.86616927 210.68527651 -102.51736543
v 16.02412942 210.55929293 -104.90763164
v 15.86616927 210.68527651 -102.51736543
v 5.95218335 186.69426319 -90.43051607
v 7.46137471 164.01711686 -67.64468864
v 15.31109402 168.79458721 -60.02828509
v 14.15867523 161.48528306 -56.89244943
v 18.18382488 201.99140002 -72.55861039
v 6.74291461 164.62164547 -58.07810685
v 11.37472363 149.35157888 -35.48051938
v 10.59157685 136.724093 -37.28438333
v 21.14884601 203.38773075 -71.18447987
v 18.08524644 191.73382683 -43.5184316
v 19.99956471 216.3846524 -68.91730753
v 18.08524644 191.73382683 -43.5184316
v 12.02197049 153.00862232 -44.19692737
v 14.70851253 218.42116802 -70.07243351
v 8.99877607 206.31020511 -54.22224813
v 9.04157827 197.60805941 -46.52012481
v 11.81565709 217.18018328 -68.92945777
v 5.23402865 147.25680275 -36.93584786
v 7.99688345 124.34513636 -44.19932526
v 6.65161745 121.96621856 -42.51526977
v 6.65161745 121.96621856 -42.51526977
v 8.58118377 124.84990242 -40.52558067
v 6.65161745 121.96621856 -42.51526977
v 9.78977647 125.39995041 -41.9188298
v 6.96812329 125.26389815 -39.78581511
v 5.30771805 125.16810334 -40.53043967
v 6.65161745 121.96621856 -42.51526977
v 8.2461935 128.78371789 -38.47740921
v 10.60620641 129.82538598 -39.64247318
v 6.96812329 125.26389815 -39.78581511
v 5.30771805 125.16810334 -40.53043967
v 7.13675269 189.90637897 -54.23626971
v 16.47916733 212.26773389 -78.22199356
v 13.37388939 212.97708476 -77.89554035
v 15.87728233 216.34643428 -77.03797637
v 11.86121669 215.22485887 -76.19247828
v 15.87728233 216.34643428 -77.03797637
v 13.37388939 212.97708476 -77.89554035
v 13.54997034 217.9480691 -73.9894911
v 17.47013474 217.98108319 -73.50482275
v 19.53523296 216.01175525 -74.93753734
v 19.11468772 213.56808096 -76.95486305
v 19.11468772 213.56808096 -76.95486305
v 10.22215103 213.31416377 -75.56780438
v 10.22215103 213.31416377 -75.56780438
v 8.63402903 213.66290092 -72.05157281
v 11.86121669 215.22485887 -76.19247828
v 13.37388939 212.97708476 -77.89554035
v 14.70851253 218.42116802 -70.07243351
v 19.53523296 216.01175525 -74.93753734
v 17.47013474 217.98108319 -73.50482275
v 19.11468772 213.56808096 -76.95486305
v 8.19145212 204.64723745 -71.20370932
v 8.1548502 171.47592977 -46.40883943
v 15.81854217 174.35585983 -37.72404365
v 14.61799534 166.52392043 -36.37986999
v 24.30363947 44.45341216 -192.8626504
v -17.96721552 201.66799253 -122.67215604
v -20.17619361 201.71764756 -122.78033373
v -15.04591061 198.87083205 -121.20987176
v -17.13601321 196.97984175 -114.53463447
v 10.05192103 -7.73886688 -177.9207107
v 11.85288189 -3.56200862 -182.38486652
v 17.47839813 3.71713902 -182.96095406
v -23.81817663 200.75681436 -118.89394339
v 2.6269561 -10.52492747 -176.30873185
v 10.11028438 -5.94052777 -174.74187438
v -17.40277723 188.08657929 -145.99227898
v -11.73506464 186.42235791 -144.34976027
v -17.48352709 187.35945855 -143.34508515
v -20.4492513 188.43912126 -146.16738995
v -8.32125917 248.88127051 172.28299663
v -5.56961946 248.67322953 175.05689422
v -2.19691205 248.74778237 174.87121072
v -15.02785792 139.32202903 -174.09922999
v -18.40276823 3.95858018 -162.028173
v -13.55712615 -0.67259129 -159.67376751
v -14.3926546 5.47544104 -159.35827005
v -19.22779002 9.64363421 -161.54537753
v -8.19954472 227.71369564 171.50171976
v -13.55712615 -0.67259129 -159.67376751
v -15.05812003 15.32030394 -161.45414501
v -22.56208426 23.28203639 -165.85073544
v -22.27099257 16.73336275 -165.18642902
v -19.22779002 9.64363421 -161.54537753
v -9.8229435 261.10643406 -15.00934952
v -21.83436328 36.94020388 -170.43243024
v 1.87645861 181.82683432 -145.01037369
v -10.0305966 264.26560761 -34.55607439
v 0.62589037 227.83091228 171.38680128
v 8.70073487 237.23907658 155.22106954
v 3.21186722 226.82904049 171.09832763
v -25.36468946 168.19018944 -129.62678285
v -18.84007424 128.81234987 -111.82506644
v -16.15606109 117.99966838 -110.37851227
v -13.11336553 142.0567264 -114.47338723
v -12.18648719 116.41255196 -114.64471492
v -23.72291146 169.74557342 -128.09160744
v -17.10920169 117.05637623 -111.40986049
v -12.98341159 112.53524043 -113.90018748
v -16.15606109 117.99966838 -110.37851227
v -16.54303205 115.98188893 -114.81711891
v -13.8967919 110.67409067 -112.28754965
v -14.96535849 112.29505062 -114.05204398
v -12.22228001 113.17933244 -112.56922157
v -13.8967919 110.67409067 -112.28754965
v -12.98341159 112.53524043 -113.90018748
v -13.95071485 114.769898 -110.38041885
v -13.8967919 110.67409067 -112.28754965
v -12.39980722 114.2574051 -111.27249574
v -15.50156372 113.30864669 -111.20641483
v -16.02326682 112.80984181 -112.56359687
v -13.8967919 110.67409067 -112.28754965
v -15.50156372 113.30864669 -111.20641483
v -14.96535849 112.29505062 -114.05204398
v -12.18648719 116.41255196 -114.64471492
v -15.50156372 113.30864669 -111.20641483
v -17.10920169 117.05637623 -111.40986049
v -14.46128951 169.29602547 -145.54762162
v -20.7427038 180.43637937 -155.74624148
v -20.7427038 180.43637937 -155.74624148
v -23.80075342 179.07238851 -154.80916715
v -17.71374961 178.77291801 -155.27855225
v -17.71374961 178.77291801 -155.27855225
v -25.42309566 178.95585551 -152.70954988
v -15.52700314 173.94594763 -152.0632162
v -20.99748908 151.97234995 -116.40872262
v -14.30295914 144.73015717 -113.96670412
v -14.88343096 155.92024921 -118.14002316
v -24.38741674 157.85015088 -148.37506565
v -15.575798 111.87733205 -120.38844896
v -23.05013399 150.29239627 -147.12889867
v -11.53532834 109.56714164 -124.2373558
v -22.77039375 159.65561427 -147.11148138
v -22.77039375 159.65561427 -147.11148138
v -23.88734874 163.80514414 -155.77013471
v -10.96327151 110.55714025 -123.43399013
v -13.18298476 152.8690551 -140.47562458
v -14.41403813 164.68427952 -155.615466
v -12.34992642 105.88147231 -122.83188026
v -15.575798 111.87733205 -120.38844896
v -20.03504916 134.09578408 -128.61413086
v -15.88878735 109.10486637 -124.40559403
v -13.29329859 104.33363711 -120.93109383
v -14.32924665 105.61466213 -122.97283901
v -11.61098911 106.7524351 -121.62310094
v -13.29329859 104.33363711 -120.93109383
v -12.34992642 105.88147231 -122.83188026
v -13.29329859 104.33363711 -120.93109383
v -14.91310974 107.11508848 -120.36126534
v -15.4119858 106.38293568 -121.61745866
v -13.29329859 104.33363711 -120.93109383
v -14.91310974 107.11508848 -120.36126534
v -14.32924665 105.61466213 -122.97283901
v -16.51224373 110.76471625 -121.25272772
v -12.38494421 145.59563052 -139.2510422
v -13.76023834 145.3382741 -142.3077801
v -13.20983363 156.13913683 -164.05035319
v -16.15772212 160.72536766 -174.49200925
v -19.30036438 165.28632871 -176.16679981
v -21.49503149 167.05537883 -174.27165615
v -19.30036438 165.28632871 -176.16679981
v -16.3713871 166.23242063 -174.59064351
v -16.15199971 157.93995861 -171.73461604
v -13.20983363 156.13913683 -164.05035319
v -15.59536341 154.27730908 -164.37042137
v -14.15718095 159.55999115 -171.3036545
v -13.58131541 139.39264183 -137.49479953
v -21.80639826 144.09237133 -139.70041568
v -12.02472161 132.57667766 -131.89636395
v -13.76023834 145.3382741 -142.3077801
v -27.85160945 180.68440352 -105.41744782
v -17.7636738 118.86711438 -90.74754586
v -25.90078154 173.48788776 -110.40860435
v -12.59207659 117.10082315 -90.20578271
v -12.6603281 146.57618256 -91.38498488
v -11.56093144 115.49236366 -95.68973349
v -25.81721606 182.32825155 -103.33294705
v -12.59207659 117.10082315 -90.20578271
v -13.89404109 171.99977647 -98.46813557
v -12.52931844 110.6692202 -95.3914641
v -17.06802316 114.95703398 -95.68153812
v -13.62421209 108.15383672 -93.71730224
v -14.95690395 110.40051609 -95.58321161
v -11.57665463 111.23933065 -93.68610796
v -13.62421209 108.15383672 -93.71730224
v -12.52931844 110.6692202 -95.3914641
v -12.29418974 111.49491377 -91.96630786
v -14.48324759 112.73871122 -90.74962774
v -13.62421209 108.15383672 -93.71730224
v -12.29418974 111.49491377 -91.96630786
v -15.56765326 111.17671285 -91.96145216
v -16.22759072 110.78723688 -93.67919133
v -14.95690395 110.40051609 -95.58321161
v -13.62421209 108.15383672 -93.71730224
v -16.22759072 110.78723688 -93.67919133
v -17.1334997 114.41224851 -91.81040469
v -15.56765326 111.17671285 -91.96145216
v -12.29418974 111.49491377 -91.96630786
v -11.2461053 116.36577891 -91.59607979
v -15.56765326 111.17671285 -91.96145216
v -14.75592737 184.569224 -124.72418077
v -22.58510135 199.70350965 -135.22537186
v -22.58510135 199.70350965 -135.22537186
v -25.62339442 196.70238536 -135.13612412
v -19.80637561 196.48033496 -135.69237479
v -19.80637561 196.48033496 -135.69237479
v -25.62339442 196.70238536 -135.13612412
v -20.65321047 201.7033735 -132.14003646
v -16.02907272 195.86907312 -132.63895002
v -19.80637561 196.48033496 -135.69237479
v -18.56800856 198.9418059 -134.06790834
v -15.76504303 163.40370584 -104.0565058
v -16.15480983 191.24694696 -131.87151084
v -13.89306996 157.61854455 -92.56093229
v -24.62656509 184.16584797 -92.4159395
v -17.16769906 125.75812227 -50.35243971
v -27.77301826 185.44457097 -90.93429921
v -27.77301826 185.44457097 -90.93429921
v -24.31864012 177.18515547 -79.66985413
v -12.29666095 123.67531439 -55.50498476
v -27.63573526 196.81839885 -102.9166644
v -29.38589088 199.25618909 -101.79591977
v -28.77691795 190.91841267 -79.67791543
v -26.24162605 209.51953876 -102.4084669
v -27.16110997 207.43929201 -98.46432713
v -24.36977602 208.88313762 -98.02712132
v -24.36977602 208.88313762 -98.02712132
v -24.36977602 208.88313762 -98.02712132
v -21.27558807 209.19533598 -98.15324078
v -21.62605489 210.7915999 -102.01837623
v -19.32371873 210.07611024 -102.46835185
v -21.62605489 210.7915999 -102.01837623
v -15.74807463 198.19868874 -85.75571118
v -16.11646669 206.39653597 -99.58814357
v -18.42069787 208.32764702 -98.669552
v -12.73595152 139.6850975 -52.50175163
v -12.42409644 128.37279838 -51.25829309
v -13.0404682 196.57899749 -91.54718484
v -17.55785256 208.57256426 -103.26913361
v -19.32371873 210.07611024 -102.46835185
v -17.16769906 125.75812227 -50.35243971
v -22.73421368 154.14360168 -56.13804096
v -14.82910593 203.68791483 -100.74594049
v -14.82769867 200.68642121 -101.97810566
v -17.80373948 123.13997153 -55.49680917
v -13.2741803 118.95744852 -54.46785717
v -14.39698074 116.73458163 -52.43639659
v -15.69880408 118.65845044 -54.652018
v -12.34714102 119.78964529 -52.85886041
v -14.39698074 116.73458163 -52.43639659
v -13.09061759 120.31105425 -51.21168635
v -14.46911018 121.80774961 -50.24014398
v -14.39698074 116.73458163 -52.43639659
v -13.09061759 120.31105425 -51.21168635
v -16.36408496 119.99285772 -51.20681747
v -16.99807326 119.33753395 -52.85195697
v -14.39698074 116.73458163 -52.43639659
v -16.36408496 119.99285772 -51.20681747
v -15.69880408 118.65845044 -54.652018
v -13.09061759 120.31105425 -51.21168635
v -12.17577016 123.76894993 -51.59814814
v -16.36408496 119.99285772 -51.20681747
v -18.33059594 124.57003514 -51.58561806
v -26.30853292 208.36013694 -105.87284617
v -27.75904674 207.74735023 -103.1861041
v -22.6334491 208.7791856 -107.93686127
v -22.6334491 208.7791856 -107.93686127
v -25.90775742 205.51183569 -107.26450512
v -21.9760691 210.8650186 -104.81264555
v -18.63146924 207.30813983 -106.73992847
v -18.63146924 207.30813983 -106.73992847
v -25.90775742 205.51183569 -107.26450512
v -19.77508085 209.9566784 -105.40762704
v -20.09370363 204.69250104 -107.93297609
v -14.20080049 186.66840083 -90.41751347
v -23.89132993 169.43120154 -70.73456012
v -15.44809007 169.55304159 -60.03984648
v -29.17478665 195.16357655 -48.68886764
v -17.58769392 130.26231979 -38.35042712
v -27.55463056 186.02650163 -50.78923592
v -12.83902363 129.43136374 -43.95163532
v -27.12478269 196.64824944 -46.50272781
v -13.16398676 144.32029146 -37.33793731
v -12.85779587 133.02593693 -38.73671247
v -13.80705909 124.59925595 -44.00568712
v -17.58769392 130.26231979 -38.35042712
v -18.34611095 128.89603626 -43.94345423
v -16.9543955 183.22622749 -51.34716478
v -14.89079024 121.96621856 -42.51526977
v -16.23605515 124.34513197 -44.19932526
v -12.84189198 125.04118829 -42.26960855
v -14.89079024 121.96621856 -42.51526977
v -13.80705909 124.59925595 -44.00568712
v -13.54688974 125.16810334 -40.53044296
v -14.89894377 126.39810945 -39.21011453
v -14.89079024 121.96621856 -42.51526977
v -13.54688974 125.16810334 -40.53044296
v -16.82035765 124.84990022 -40.52558177
v -17.49282752 124.58908794 -42.26269522
v -16.23605515 124.34513197 -44.19932526
v -14.89079024 121.96621856 -42.51526977
v -17.49282752 124.58908794 -42.26269522
v -13.54688974 125.16810334 -40.53044296
v -12.63070041 128.62425024 -40.13169597
v -17.58769392 130.26231979 -38.35042712
v -16.82035765 124.84990022 -40.52558177
v -16.02768084 178.27370459 -47.99932335
v -27.83883536 214.47263334 -76.18095643
v -24.11645622 216.34642988 -77.03798077
v -25.92659118 212.55778969 -77.88913346
v -20.40434424 214.2436312 -76.96519405
v -22.7438349 212.45967479 -78.22492896
v -24.11645622 216.34642988 -77.03798077
v -25.92659118 212.55778969 -77.88913346
v -20.45638097 216.72312303 -74.94840883
v -20.40434424 214.2436312 -76.96519405
v -17.66530518 207.66503302 -74.36853315
v -10.73616891 226.70816352 171.66873663
v -16.46927894 225.81363382 167.18030779
v -25.76237361 175.60397321 -45.25295645
v 4.87576973 237.84432377 158.79352551
v 10.14589319 3.71675573 -162.06222841
v 5.79614129 -1.91753557 -160.49279424
v 12.93064565 34.96002254 -169.4347415
v 6.26461133 105.97734024 -185.65652757
v 14.66168958 139.06267132 -175.34336556
v -10.55010806 194.82838867 -216.53136086
v -10.55010806 194.82838867 -216.53136086
v -15.03258174 194.73677967 -215.53910373
v -31.99811734 39.6650839 -195.29949052
v -22.70198624 35.38430827 -203.79929029
v -19.70317332 54.35416678 -214.27773736
v -28.4808289 9.13516309 -183.02050584
v 4.56019052 187.13871291 -145.88952365
v 8.0476788 188.02819287 -145.99839576
v 10.8373715 188.02847411 -145.92357045
v -1.42134769 225.63575293 184.33882246
v -1.41757577 224.25220094 184.54273353
v -22.99827084 161.98372776 -160.83322602
v 8.70073487 237.23907658 155.22106954
v 9.23432112 244.18366198 145.34906627
v -2.19691205 248.74778237 174.87121072
v -2.19691205 248.74778237 174.87121072
v -2.19691205 248.74778237 174.87121072
v 1.31326114 249.88562895 169.53402311
v -4.16842686 249.75588485 172.97765733
v 3.47264351 247.71915461 151.44078124
v 4.24964054 246.12723135 150.06202361
v 2.915024 226.12490168 173.68634847
v 6.3902276 225.13354948 171.89748404
v 3.21186722 226.82904049 171.09832763
v 10.63529745 201.2916161 -122.7342819
v 9.45508721 197.53798604 -116.64608114
v 18.80898624 202.97373565 -122.02823144
v 9.84315125 258.36150508 103.10519186
v 8.46444059 201.64373625 -122.77586037
v -14.17843814 201.0201172 -123.21067144
v -17.96721552 201.66799253 -122.67215604
v 2.40234065 261.03479893 -15.32760536
v -23.29468726 266.84274043 -82.05709415
v -24.41636168 257.24113334 -33.09962856
v -23.7565846 267.93265879 -115.11774561
v 9.85188812 183.53541627 -8.08655964
v 3.097676 184.94889206 -28.18408702
v 6.92550235 199.30892952 -44.02496808
v 5.65036749 201.8266772 -45.06525698
v 5.65036749 201.8266772 -45.06525698
v 3.097676 184.94889206 -28.18408702
v 8.03135855 182.73546786 -16.07975552
v 6.65969738 206.07972496 -37.46476437
v 4.25543106 207.29501233 -37.28576529
v 7.87340938 202.77816614 -34.7495872
v -17.58424443 185.89305426 -13.71794917
v 6.12250014 189.08755114 -18.91064975
v -0.10545395 206.87105484 -38.00252145
v 12.02938908 185.10052589 7.3397013
v -2.17534108 205.30772083 -37.88930111
v 6.72683824 184.62268728 -26.52028099
v 9.66126988 187.99556286 -0.68013753
v 7.80092071 187.46064201 -13.21046393
v 0.02331107 192.15608414 -26.90890432
v 1.73153181 187.9214526 -21.59476212
v -16.31678633 185.49727523 -25.94141925
v 3.07710981 187.96309516 -18.91553048
v 16.84928195 189.83500532 39.98624635
v 16.402681 188.40111763 42.94111699
v 13.47338294 188.37220791 43.35175979
v 13.15996955 188.65357574 40.40791012
v 16.79574678 192.32388152 44.74081716
v 16.79574678 192.32388152 44.74081716
v 17.62872767 162.98341458 55.71460352
v 16.87335146 159.64486885 57.06800713
v 16.87335146 159.64486885 57.06800713
v 16.87335146 159.64486885 57.06800713
v 16.17663851 161.23113968 56.46271632
v 17.62872767 162.98341458 55.71460352
v 8.43756425 190.93465564 12.41715237
v 10.73459874 215.27512973 -18.42208137
v 9.60933533 218.01865413 -18.96186616
v 5.12019777 191.9085346 3.82309945
v 9.60933533 218.01865413 -18.96186616
v 3.52188165 195.29474534 7.63132853
v 4.95879362 196.84971696 6.71653302
v 7.3835668 217.4435232 -7.48503169
v 9.98098353 204.51202407 -4.15844726
v 7.79231347 192.22249515 4.30717233
v 9.519385 220.19950051 -10.47028221
v 7.10841196 221.41908986 -10.32877213
v 9.519385 220.19950051 -10.47028221
v 9.07736945 195.43140079 -0.80249008
v 4.62716441 221.26258862 -10.17277838
v 2.33279558 220.19950051 -10.47028221
v 1.52500419 216.30448034 -8.53717348
v 2.33279558 220.19950051 -10.47028221
v 0.99250002 220.28503863 -12.79449955
v 8.36091642 188.51861526 27.88682916
v -0.16876413 218.37719943 -14.37107425
v 8.01161958 196.70268334 -5.39579028
v 7.17770052 193.40848868 20.60721484
v 7.14929827 196.08690153 8.21436646
v 7.59284852 219.48603087 -19.14167258
v 3.85372014 219.50333986 -18.90946606
v 5.92608589 221.73695142 -16.49300057
v 7.59284852 219.48603087 -19.14167258
v 2.23885417 220.54428567 -16.57327676
v 3.06102904 221.73190285 -13.90907748
v 5.78675187 222.27785802 -12.68538292
v 8.60527195 221.81686573 -13.72093982
v 9.64236362 220.65716524 -16.32332626
v 0.54572604 218.50120918 -16.93648657
v 3.81023023 217.67207497 -19.93397229
v 1.16544182 215.48341723 -18.54032192
v 7.59284852 219.48603087 -19.14167258
v 0.99250002 220.28503863 -12.79449955
v -0.16876413 218.37719943 -14.37107425
v 4.62716441 221.26258862 -10.17277838
v 2.33279558 220.19950051 -10.47028221
v 10.38027597 220.74620205 -13.29114341
v 7.10841196 221.41908986 -10.32877213
v 9.519385 220.19950051 -10.47028221
v 7.10841196 221.41908986 -10.32877213
v 9.64236362 220.65716524 -16.32332626
v 10.38027597 220.74620205 -13.29114341
v 3.71220217 192.68436212 20.1254512
v 11.30645014 218.50120918 -16.93648767
v 9.60933533 218.01865413 -18.96186616
v 4.11006428 195.4055226 -3.5519534
v 5.12019777 191.9085346 3.82309945
v 8.40813705 184.77399781 61.01430444
v 4.56519448 187.66961655 63.55781092
v 7.53882779 182.66511127 63.41924341
v 4.58093084 182.64152513 63.39514534
v 7.66748048 185.99733407 66.1871203
v 6.06220223 152.91147181 69.18830272
v 6.16210773 151.4174446 70.01393886
v 6.06220223 152.91147181 69.18830272
v 9.85188921 190.38785347 44.84253561
v 6.16210773 151.4174446 70.01393886
v 5.30870346 161.22074981 70.38298407
v 3.09766721 191.80132926 24.74501358
v 6.92550784 206.16135134 8.90414804
v 5.65036639 208.67912099 7.86383937
v 5.65036639 208.67912099 7.86383937
v 3.09766721 191.80132926 24.74501358
v 8.03134867 189.58790067 36.84931776
v 6.65970397 212.93215557 15.46432923
v 4.2554404 214.14744734 15.64333765
v 7.87342037 209.63057917 18.17951134
v -7.16480618 190.65919657 -34.33760439
v -9.23539639 186.24590383 -27.34437531
v -10.50401566 189.38773055 -36.58881268
v 6.12251772 195.93997955 34.01845209
v -0.10544242 213.72349863 14.92658259
v 12.0293803 191.9529521 60.26872185
v -2.17534863 212.16014705 15.03980073
v 6.72682726 191.47512228 26.40880465
v 8.46449003 194.25743321 43.44969791
v 7.62815193 194.5508453 38.13535175
v -7.16480618 190.65919657 -34.33760439
v 9.66126329 194.84799127 52.2488962
v -15.31579674 199.2560623 -43.88484858
v 0.02329459 199.00851475 26.02017143
v 1.73152741 194.77389859 31.33432489
v 3.07711914 194.81553236 34.01357466
v 16.89413187 196.76041344 92.83125759
v 12.44044494 199.68836921 93.75802231
v 13.3351332 199.25895059 98.75286247
v 15.20191225 199.51465473 88.07427787
v 16.87258027 194.25146847 100.21391672
v 13.3351332 199.25895059 98.75286247
v 16.87258027 194.25146847 100.21391672
v 14.87138765 194.08016738 100.25973121
v 20.60634272 180.58692872 128.03386299
v 16.09399143 198.04573367 103.26422086
v 17.88242098 197.53592125 102.25043199
v 23.12138811 175.76814389 138.95199655
v 23.30614441 178.09254411 135.48503728
v 23.12138811 175.76814389 138.95199655
v 22.18022734 177.88954308 136.69879986
v 23.12138811 175.76814389 138.95199655
v 13.48367977 196.62260697 102.95698382
v 16.87258027 194.25146847 100.21391672
v 17.77362811 196.28100154 98.52844854
v 9.85188043 185.46667284 76.88659522
v 21.67104786 182.76751459 128.87242641
v 1.57953355 192.84433087 63.19681354
v 6.92551333 213.5517901 49.47135716
v 5.65035651 216.27590957 49.44971063
v 5.65035651 216.27590957 49.44971063
v 6.07637039 189.61650065 77.27021269
v 6.07637039 189.61650065 77.27021269
v 5.05753684 214.15268388 60.94927352
v 8.03135745 187.71855624 69.17558009
v 6.65969188 217.37287872 58.08988967
v 4.25542008 218.43268437 58.71100815
v 7.87343575 213.29476755 59.37091129
v 1.98172235 217.46683686 59.67999347
v 9.66127318 186.82834288 85.42444968
v 7.80090863 191.02521356 73.60573197
v 9.85188043 185.46667284 76.88659522
v 12.02936272 181.14047325 91.77616522
v -2.20411368 217.74515933 55.85231923
v 6.72680968 193.37856809 60.20173565
v -15.31579674 199.2560623 -43.88484858
v -15.31579674 199.2560623 -43.88484858
v -16.840502 200.8005101 -42.29550743
v -15.16129266 202.49970527 -44.26941092
v 0.02330503 200.50925864 62.6627965
v 1.73153345 194.59259303 66.00423016
v 3.0771164 193.62775205 68.5040672
v -2.34308819 212.73115942 50.49011174
v 1.83689991 215.80389213 48.56269591
v 16.14127137 172.60356958 123.41107667
v 1.67991803 201.21273455 63.9569913
v 6.30855714 183.80336983 78.33886042
v 12.6073419 175.68198485 126.38782994
v 16.14127137 172.60356958 123.41107667
v 14.76589925 172.02754363 123.32711141
v 12.23700098 173.83597885 128.44212519
v 13.66903588 170.88826202 133.52574722
v -3.32151578 213.35681754 51.77604537
v -2.34308819 212.73115942 50.49011174
v 13.25496887 172.01082799 123.87827357
v 11.78768109 173.21267116 124.07975859
v 15.96814666 170.45945014 133.84030539
v 10.39761569 136.93463596 158.87084562
v 10.39761569 136.93463596 158.87084562
v 10.39761569 136.93463596 158.87084562
v 13.66903588 170.88826202 133.52574722
v 1.83689991 215.80389213 48.56269591
v 2.55160623 217.40309659 49.54954784
v 5.65035651 216.27590957 49.44971063
v 4.59307985 213.16478817 48.20374752
v -4.11551188 211.0695441 53.72443923
v -2.24868182 216.28515975 51.14305298
v -2.24868182 216.28515975 51.14305298
v -4.24517649 213.64626328 56.67812277
v 2.24631781 219.49161011 52.83722972
v 5.611452 218.43406299 51.54569788
v 2.61665378 219.50465288 56.69115516
v 5.26743485 219.33312303 55.22909108
v -2.24868182 216.28515975 51.14305298
v -0.53989299 212.7438937 48.84260143
v -7.37447212 218.12582385 51.64267906
v -0.69756203 217.93541211 51.37985013
v 2.61665378 219.50465288 56.69115516
v -0.10543226 218.30801493 57.88766607
v -2.20411368 217.74515933 55.85231923
v -0.84818955 218.98629785 54.56956674
v 7.10980604 218.31286575 55.27403565
v 5.26743485 219.33312303 55.22909108
v 4.25542008 218.43268437 58.71100815
v 5.611452 218.43406299 51.54569788
v 7.10980604 218.31286575 55.27403565
v -3.32151269 206.84373939 11.11411363
v -2.34308696 205.78198703 10.15610108
v 7.58986702 216.59545983 51.27484532
v 2.55159909 209.76164477 7.53425716
v -4.11551232 205.45263848 13.77735098
v -2.24869555 209.32191234 9.43047338
v -4.24517316 208.94806801 15.5510021
v -1.27946198 213.06414515 12.11374768
v -1.27946198 213.06414515 12.11374768
v 2.55159909 209.76164477 7.53425716
v 2.24631781 212.92945657 9.80045118
v 5.61143113 211.46514687 8.99897512
v 2.61666696 214.38492549 13.3690181
v 5.26741288 213.67833405 12.07762683
v 5.61143113 211.46514687 8.99897512
v 4.2554404 214.14744734 15.64333765
v 1.9817284 213.61481154 16.90351236
v -2.17534863 212.16014705 15.03980073
v 7.10980384 212.74914769 12.50137343
v 6.65970397 212.93215557 15.46432923
v 5.61143113 211.46514687 8.99897512
v -3.32151276 199.99132196 -41.8149992
v -2.3430735 198.92953884 -42.77301394
v 7.58985493 209.65896461 9.43643193
v -2.17534108 205.30772083 -37.88930111
v -2.83549015 205.33197244 -39.54792393
v -4.11551155 198.60020348 -39.15175636
v -2.24869404 202.46945097 -43.49862517
v 3.41432686 203.23634861 -45.33897293
v 2.24631781 206.07702157 -43.12863748
v 3.41432686 203.23634861 -45.33897293
v 2.61667081 207.53249928 -39.56009197
v 5.26742606 206.82588587 -40.85146402
v 5.9737833 205.04861733 -43.20249259
v -0.69754362 204.08827115 -43.89712361
v 4.25543106 207.29501233 -37.28576529
v 1.98171192 206.76237654 -36.02558233
v 7.10980055 205.89671269 -40.42771632
v 6.65969738 206.07972496 -37.46476437
v 5.9737833 205.04861733 -43.20249259
v -16.31678633 185.49727523 -25.94141925
v 7.58985823 202.80651642 -43.49266222
v 7.58985823 202.80651642 -43.49266222
v -15.5915459 205.77182812 -40.11529491
v -16.31678633 185.49727523 -25.94141925
v -13.46178737 187.78606687 -14.50602332
v -12.87163227 188.86245123 -18.82353587
v -7.92399385 206.73664791 -37.80908868
v -15.29158222 190.51709495 -22.84680671
v -7.92399385 206.73664791 -37.80908868
v -15.42356246 187.99555633 -0.31802924
v -9.23539639 186.24590383 -27.34437531
v -21.93366017 193.10267978 35.53274234
v -19.9528415 192.33910177 35.95324157
v -8.37177493 192.71809145 -39.60845709
v -20.83527859 189.04571219 40.66921861
v -23.94289647 192.33911266 35.36999697
v -25.13983123 186.72504724 45.1220106
v -25.39736951 189.10235889 43.1705715
v -24.66071062 192.63332693 44.95301551
v -16.98977252 194.64037758 7.54908143
v -24.84003342 192.73685714 41.54538779
v -25.03298061 159.84244146 57.44296857
v -25.73232572 162.50965138 55.6542881
v -25.03298061 159.84244146 57.44296857
v -25.73232572 162.50965138 55.6542881
v -25.03298061 159.84244146 57.44296857
v -25.74164593 163.74099407 56.42438046
v -26.04665311 166.15643688 54.66590612
v -26.15526143 188.93266647 45.52460276
v -10.82688274 197.35515952 -4.4317949
v -13.16985803 195.14291992 -3.69608919
v -17.50364507 197.3551771 -4.43181467
v -16.43415789 217.36561109 -19.97961972
v -19.10410723 215.18603631 -18.28048979
v -18.99307438 218.42495998 -17.85217824
v -11.72725551 193.73740186 1.39919713
v -19.10410723 215.18603631 -18.28048979
v -17.50364507 197.3551771 -4.43181467
v -11.72725551 193.73740186 1.39919713
v -15.12958814 192.93973531 0.99866344
v -18.81888955 220.53839356 -12.98876725
v -15.38846008 196.08690593 8.21437086
v -17.0465089 193.89048673 2.22968864
v -10.82688274 197.35515952 -4.4317949
v -14.75843319 187.24577845 27.01084854
v -10.72691791 220.85511394 -11.01749624
v -8.50052375 218.41644492 -11.70619148
v -9.43817461 220.48272277 -13.0967318
v -13.02466263 196.81932632 6.6951462
v -9.45200222 215.08561444 -18.50587752
v -9.55449099 218.26132679 -18.19690503
v -9.45200222 215.08561444 -18.50587752
v -14.16526088 221.73695142 -16.49300277
v -15.75844726 183.88332034 60.62412143
v -16.72462339 184.78549323 61.38601416
v -16.58175749 188.32322947 29.11922336
v -12.86298219 188.92129375 56.54903248
v -12.41549964 185.99205658 66.18520441
v -12.86298219 188.92129375 56.54903248
v -13.33415744 154.24508097 69.19520148
v -15.23552805 182.46050831 63.24305154
v -15.75844726 183.88332034 60.62412143
v -14.16528066 187.84621054 63.64360426
v -11.93064673 187.27720094 62.50745308
v -12.46989882 182.8218103 63.54752916
v -15.23552805 182.46050831 63.24305154
v -16.17598573 187.20178251 63.20451319
v -15.31578356 206.1084973 9.04423239
v -13.80497401 155.01970037 70.50518042
v -14.20041819 151.29524592 69.75611057
v -15.02232995 154.41064084 70.01624975
v -14.20041819 151.29524592 69.75611057
v -13.80497401 155.01970037 70.50518042
v -14.20041819 151.29524592 69.75611057
v -13.33415744 154.24508097 69.19520148
v -15.1810591 155.03621433 69.39637897
v -14.88642125 157.56384201 68.39005104
v -12.83827166 159.29850875 69.76768373
v -17.59340425 192.69929909 39.19340429
v -16.31679292 192.34971902 26.98768561
v -7.16478695 197.51166014 18.59148317
v -7.16478695 197.51166014 18.59148317
v -13.60808519 194.49930971 39.28263367
v -11.98076536 192.69929482 40.01381981
v -15.31578356 206.1084973 9.04423239
v -15.31578356 206.1084973 9.04423239
v -16.840502 207.65294949 10.63358892
v -15.16129046 209.35214027 8.65968213
v -17.59340425 192.69929909 39.19340429
v -12.21226606 190.39464877 28.87123784
v -15.591547 212.62426312 12.81380033
v -16.37400608 190.32012084 33.60411904
v -16.31679292 192.34971902 26.98768561
v -16.31679292 192.34971902 26.98768561
v -12.87165534 195.71489722 34.10556377
v -7.92401033 213.5890917 15.12002195
v -16.30629835 196.7456824 29.61415971
v -9.23540847 193.09832126 25.58473724
v -8.3717461 199.57057698 13.32060466
v -23.92226326 199.17497033 88.16436887
v -20.88032186 199.61583792 95.14010227
v -22.7351936 199.87621991 98.9528096
v -21.71621174 196.9139458 102.73361519
v -25.14699605 195.85973314 96.61353931
v -26.12197937 197.65359484 101.81613932
v -23.97305641 198.09338933 103.25211908
v -25.20129142 199.5302118 96.76897218
v -25.17633647 194.2922669 100.18777092
v -17.59340425 189.72558716 72.51434954
v -21.43871477 195.6746781 97.05991619
v -25.20129142 199.5302118 96.76897218
v -31.17706465 176.02661817 139.10762331
v -30.56568147 177.52242497 134.39018328
v -31.5248323 177.3452601 136.58734415
v -31.17706465 176.02661817 139.10762331
v -31.5248323 177.3452601 136.58734415
v -31.17706465 176.02661817 139.10762331
v -30.56568147 177.52242497 134.39018328
v -28.94532544 181.87023727 130.465413
v -30.33964118 180.13218104 129.34327967
v -27.90595535 189.76197224 117.09330046
v -15.31579893 213.45027852 49.58146832
v -15.16129815 216.60189727 50.43970905
v -12.36899747 215.67815941 48.5543117
v -15.93160493 186.68516037 70.60567179
v -7.16480288 201.90349627 55.21415347
v -11.22143543 189.37269508 67.99037991
v -15.31579893 213.45027852 49.58146832
v -15.31579893 213.45027852 49.58146832
v -16.8405009 214.28709811 51.63356601
v -15.02738774 186.31437154 85.88144312
v -11.85116571 189.77796227 72.6739048
v -18.41399664 186.45037573 85.38670312
v -16.00133401 191.31189663 73.07946759
v -16.00133401 191.31189663 73.07946759
v -15.72071162 199.01102434 55.89019194
v -24.45622852 172.73262323 123.29531449
v -24.45622852 172.73262323 123.29531449
v -22.14113585 177.88441907 121.26364031
v -20.34606329 177.89059714 119.79835081
v -22.14113585 177.88441907 121.26364031
v -24.39794757 176.14572213 125.44257366
v -22.72656109 175.85577433 127.23103403
v -24.18105611 170.74741748 133.59051851
v -24.39794757 176.14572213 125.44257366
v -18.78305773 136.71243625 158.86130134
v -18.78305773 136.71243625 158.86130134
v -18.589536 140.63819496 154.80739287
v -18.78305773 136.71243625 158.86130134
v -18.49690298 140.29879865 156.5718079
v -18.78305773 136.71243625 158.86130134
v -20.01620331 140.3317094 156.56618325
v -19.4056056 145.16192383 153.33526519
v -6.13287982 215.10604575 50.36519158
v -5.3931639 216.08015477 51.34311449
v -10.85582657 219.50465727 56.69115516
v -12.54471205 218.26269278 58.89685864
v -7.56001059 218.96912077 54.88857181
v -6.13287927 207.93726171 9.15082784
v -5.39317365 209.20673027 9.69274869
v -7.56001059 218.96912077 54.88857181
v -7.92400264 218.11094156 58.01665496
v -7.56001059 218.96912077 54.88857181
v -6.13287982 215.10604575 50.36519158
v -10.79074331 209.76164916 7.53425716
v -7.92401033 213.5890917 15.12002195
v -6.13288078 201.08482231 -43.7782729
v -5.39317516 202.35428648 -43.23635096
v -7.5416201 210.94072373 9.03198922
v -5.49719327 205.12220854 -39.02416044
v -4.50619246 201.42673577 -36.73704757
v -3.87252014 202.32210393 -37.3908519
v -2.83549015 205.33197244 -39.54792393
v -5.49719327 205.12220854 -39.02416044
v -4.12272806 199.60788477 -36.98765253
v -11.65350074 203.236353 -45.33897293
v -7.92399385 206.73664791 -37.80908868
v -5.49719327 205.12220854 -39.02416044
v 4.09416863 221.39225408 150.9856114
v 5.59278083 222.67429876 150.16530991
v -7.37450205 204.36326343 -43.72473717
v 6.54672007 221.66746665 154.71176076
v 5.59278083 222.67429876 150.16530991
v 4.30426053 227.62889306 184.22947558
v 5.95240197 229.80397631 151.82382227
v 6.46944387 229.6887245 155.62813664
v 5.95240197 229.80397631 151.82382227
v 3.96493919 230.66157148 151.14434782
v 8.27582064 292.07499691 290.68394894
v -10.40980346 220.69233794 152.34958714
v -12.67032228 221.01780691 152.0863187
v -0.08995186 221.73279553 151.93828504
v 9.47468667 282.79947868 287.18503657
v 9.66490063 321.17584652 283.74042938
v 9.15214972 283.75305728 285.22931331
v -17.34884658 282.79186788 287.4718933
v -17.24748988 311.07124885 289.71706992
v 8.2786099 283.01061371 287.42464627
v 9.47468667 282.79947868 287.18503657
v 8.27582064 292.07499691 290.68394894
v -18.2383639 320.9425293 283.39848635
v -16.83888382 283.87911955 285.16923508
v -15.78351866 301.6330121 290.0088849
v -16.17289547 301.46634719 291.5655397
v 10.07368246 300.98188082 290.61683848
v 8.63540553 301.40979279 289.23106729
v -15.92438627 251.22088083 259.43321736
v 7.86775947 257.96365009 268.17399747
v 9.19866727 250.50003903 259.38997804
v -16.97291618 275.29900895 280.29010582
v -18.2308772 274.51014427 281.01329426
v -16.97291618 275.29900895 280.29010582
v -18.23069374 283.15786484 285.99092506
v -16.83888382 283.87911955 285.16923508
v 9.15036126 275.20936623 280.32838855
v 9.08707415 266.99628084 273.96347494
v 2.51237325 223.48072714 148.69453626
v 5.59278083 222.67429876 150.16530991
v 4.09416863 221.39225408 150.9856114
v -13.90877392 222.74477376 150.1289255
v -13.20234802 228.12299144 184.02443973
v -16.16804422 226.10758044 152.26043569
v -3.89620562 224.48551747 153.65671812
v 0.03952421 222.71946725 150.07617691
v -0.33061649 229.70316861 156.86499536
v -4.12031749 225.44822804 156.08292477
v -3.41118679 225.22627889 156.64649634
v -3.34804607 227.25372894 154.12013542
v 2.16918936 226.67050535 148.17968767
v 5.04670995 225.32495928 148.59480403
v 2.16918936 226.67050535 148.17968767
v 2.56550799 229.56179556 149.53888189
v 4.75795436 228.40575584 149.17371979
v 4.75795436 228.40575584 149.17371979
v 6.7566796 228.15970875 150.57270885
v -13.97255868 228.40001262 149.56598582
v 5.04670995 225.32495928 148.59480403
v 4.75795436 228.40575584 149.17371979
v 6.79126895 224.24836796 150.25036479
v 6.72943305 226.09158937 149.87650158
v -15.22963536 227.77343747 183.65630699
v -15.15226028 227.13905551 174.64193978
v -14.50075648 227.88086556 167.89024271
v -6.70282178 223.0214537 151.97255999
v 9.15036126 275.20936623 280.32838855
v -8.3635044 221.34179954 152.55145894
v 8.29917719 244.87705677 250.10482031
v -15.7962499 274.6577034 282.03325272
v -15.59855034 283.60055062 286.63339969
v -17.34884658 282.79186788 287.4718933
v -17.35016156 273.88961469 282.42402483
v -15.81506499 246.32038355 248.62149657
v -16.0761022 245.14763719 250.09712153
v -16.24411201 241.76650489 238.23211602
v -5.21295263 227.33518528 154.70251433
v -5.21295263 227.33518528 154.70251433
v -4.88921234 225.64574972 156.58575014
v -5.21295263 227.33518528 154.70251433
v -13.28588714 225.32490655 148.59480403
v -10.40836325 226.67050096 148.17968767
v -10.75147683 223.48070956 148.69455384
v -13.97255868 228.40001262 149.56598582
v -10.40836325 226.67050096 148.17968767
v -15.08760546 225.89920466 149.9226764
v -17.50917633 343.46348569 259.87535191
v 9.33240631 362.16882609 238.62371209
v -17.00530181 360.96485385 238.0853286
v -16.30986209 361.51642023 237.76380993
v 8.98246461 350.45138103 251.15408003
v 8.13446527 361.95419331 238.84163184
v -17.77844617 361.62089807 238.45950779
v -15.82451702 343.73371466 260.38592872
v -16.48499828 343.57207639 259.64595439
v 8.70785246 366.17190022 232.46687308
v 8.70785246 366.17190022 232.46687308
v 8.70785246 366.17190022 232.46687308
v 7.90027144 361.5863592 238.13962387
v 8.70785246 366.17190022 232.46687308
v -16.73597155 365.96482556 232.73045789
v -17.77844617 361.62089807 238.45950779
v -16.86920525 363.64367717 236.77578852
v -16.73597155 365.96482556 232.73045789
v -16.86920525 363.64367717 236.77578852
v -17.77844617 361.62089807 238.45950779
v -16.86920525 363.64367717 236.77578852
v -16.36636777 354.47614587 249.20528161
v 7.38712944 249.90405365 140.14092828
v 13.50947732 243.41971946 133.56860572
v 14.07997419 239.63380809 132.72701931
v 14.07997419 239.63380809 132.72701931
v 13.50947732 243.41971946 133.56860572
v 7.56409034 228.04388738 137.75218163
v -22.00330357 245.42129246 135.31412509
v -23.87525136 241.89556484 135.1637368
v 13.27355325 247.48762022 143.5694818
v 13.27355325 247.48762022 143.5694818
v 11.72870914 235.96119228 150.04606534
v 9.93950949 233.35089265 149.73771236
v 9.93950949 233.35089265 149.73771236
v 7.39940918 249.45762468 143.83863817
v 4.92181599 248.76977512 144.95650068
v -0.87489891 238.01498592 147.85663804
v 1.64406094 239.65027177 149.97283894
v -0.69075533 245.50985563 144.04984411
v 0.56855802 230.08389735 142.24823871
v 1.0453689 229.71795676 139.10183173
v 0.25797728 244.4753243 134.74181794
v -17.16022773 228.74198431 136.48637346
v -17.16022773 228.74198431 136.48637346
v -14.43567762 228.85254359 135.96387938
v -21.65105049 233.39427889 133.79011278
v -19.17587194 243.86894354 132.11038211
v -21.67570663 236.7234514 132.36252542
v -23.87525136 241.89556484 135.1637368
v -21.90331457 231.15259592 136.48698826
v -22.04993207 242.41204725 133.2247645
v -24.40596927 244.47535136 139.00468122
v -21.98753809 229.98554046 140.03481914
v -22.19528292 232.53488845 146.649749
v -23.7565868 231.86645176 142.07206409
v -20.95201627 229.69251038 143.58634105
v -21.91472315 246.9009438 144.0600737
v -22.98207583 244.62647078 145.85756897
v -19.68848993 232.40125957 148.49306717
v -20.90803751 239.30983154 149.99215612
v -15.25051025 249.42204885 144.00743016
v -7.3643225 239.48031057 147.85672569
v -23.18876164 258.15219943 57.35720313
v -24.41115888 254.2845296 8.55038538
v -10.88768489 234.72377983 149.77462385
v -10.88768489 234.72377983 149.77462385
v -9.47411959 239.47955506 149.69455981
v -7.08894987 233.41984649 145.14608876
v -8.18028829 246.87363754 141.74904901
v -9.43867555 229.98681005 137.91135868
v -9.58431313 248.03895753 139.77406132
v -9.23866791 246.43004573 136.0814491
v -11.43473678 244.76525667 132.68754052
v -9.43867555 229.98681005 137.91135868
v -10.0576542 238.74445537 131.58143812
vn -0.84258 -0.01271 0.53843
vn 0.88918 0.06478 0.45294
vn 0.91155 -0.02999 0.4101
vn 0.71966 0.16975 0.67326
vn 0.69605 0.00402 0.71799
vn 0.74775 0.03112 0.66325
vn 0.85419 0.00791 0.51991
vn 0.77658 -0.09442 0.6229
vn 0.91424 -0.03435 0.40371
vn 0.04949 0.02427 -0.99848
vn 0.01674 -0.00571 -0.99984
vn -0.19621 -0.1701 -0.9657
vn -0.32915 -0.10371 -0.93857
vn -0.99743 -0.00321 0.0716
vn 0.19199 -0.0364 -0.98072
vn 0.21232 -0.01791 -0.97704
vn 0.45009 -0.04777 -0.8917
vn -0.87518 -0.03955 0.48217
vn -0.89429 -0.05559 0.44402
vn -0.66972 -0.05837 0.74032
vn -0.58452 -0.02129 0.8111
vn -0.00838 0.03832 -0.99923
vn -0.04621 0.02788 -0.99854
vn -0.2196 -0.09688 -0.97077
vn -0.06356 0.02427 -0.99768
vn -0.39551 -0.12217 -0.9103
vn 0.21874 -0.12946 -0.96716
vn 0.30641 -0.13422 -0.94239
vn 0.83892 -0.12942 0.52865
vn 0.89605 -0.1468 0.41898
vn 0.47581 -0.17898 -0.86114
vn -0.9887 -0.1453 -0.03692
vn -0.97367 -0.22041 -0.05813
vn -0.961 -0.21146 0.1782
vn -0.05987 -0.99809 -0.01531
vn -0.05539 -0.58434 0.80961
vn -0.54202 -0.10989 -0.83315
vn -0.216 -0.01521 -0.97628
vn 0.98257 -0.05815 0.17654
vn 0.99917 -0.03816 0.01429
vn 0.99987 -0.01588 -0.00144
vn -0.86664 0.13099 -0.48143
vn -0.99866 0.00128 0.05172
vn -0.03699 -0.01866 0.99914
vn -0.55252 -0.03375 0.83282
vn -0.27167 -0.13107 0.95342
vn -0.9849 -0.00062 0.1731
vn -0.97714 -0.00215 0.21259
vn -0.91407 0.00817 0.40549
vn -0.94649 -0.02312 0.3219
vn -0.67036 -0.12209 0.73192
vn -0.78983 -0.11732 0.60201
vn -0.8913 -0.14179 0.43068
vn 0.67072 -0.12233 0.73156
vn 0.92017 -0.21992 0.32391
vn 0.98893 -0.12489 -0.0801
vn 0.96847 -0.22424 0.10859
vn 0.97398 -0.2028 0.10117
vn -0.99683 0.01887 -0.07733
vn -0.94833 0.03742 -0.31506
vn -0.99863 0.01864 -0.04895
vn -0.11117 -0.92705 -0.35808
vn 0.11378 -0.97258 -0.20286
vn 0.09513 -0.89866 -0.42821
vn -0.00912 -0.91187 -0.41038
vn 0.00618 -0.92859 -0.37107
vn 0.8881 -0.38954 0.24401
vn 0.8369 -0.49429 -0.2351
vn 0.87032 -0.33391 -0.362
vn 0.8937 -0.35 0.28071
vn -0.12353 -0.93744 -0.32549
vn 0.17695 -0.16651 -0.97003
vn 0.2374 -0.10012 -0.96624
vn -0.00268 -0.16616 -0.98609
vn 0.82869 -0.1038 -0.54999
vn 0.66396 -0.06205 0.74519
vn 0.91477 -0.10657 0.38966
vn -0.93469 -0.09861 -0.34151
vn -0.79878 -0.10992 -0.59149
vn -0.97218 -0.03625 -0.2314
vn -0.98305 -0.06241 -0.17239
vn -0.17019 -0.25518 0.9518
vn -0.56322 -0.29903 0.7703
vn -0.43615 -0.32229 0.84018
vn 0.82773 -0.16055 -0.53767
vn 0.9047 -0.18005 -0.38613
vn 0.95522 -0.20666 0.21176
vn -0.84615 -0.15854 -0.50882
vn -0.82171 -0.56608 0.06594
vn -0.86477 -0.08169 -0.49549
vn -0.9715 -0.1739 -0.1611
vn 0.99786 0.01294 -0.06411
vn 0.91525 0.16459 -0.36774
vn 0.99994 0.01076 0.00328
vn 0.93797 -0.13491 -0.3194
vn 0.92955 -0.03297 0.36722
vn 0.96636 -0.00087 0.25719
vn 0.96788 -0.07688 -0.23938
vn 0.8919 -0.11015 -0.43861
vn 0.71852 -0.11871 -0.6853
vn 0.96598 0.0376 -0.25586
vn -0.89164 -0.45264 -0.00931
vn -0.95904 -0.19404 0.20639
vn -0.95708 -0.2105 0.19924
vn -0.96716 -0.2137 -0.13763
vn -0.97279 -0.21305 -0.0911
vn -0.70613 -0.46425 -0.53465
vn -0.95953 -0.28121 -0.01482
vn 0.5566 0.2331 0.79741
vn 0.01269 0.01977 0.99972
vn -0.73979 -0.25398 -0.62306
vn -0.90002 -0.2826 -0.33181
vn -0.61586 -0.29709 0.72969
vn -0.92442 -0.25794 0.28091
vn 0.72883 -0.23169 -0.64431
vn 0.9043 -0.42689 0.00108
vn 0.9186 -0.25227 0.3042
vn 0.64946 -0.23628 0.72276
vn 0.24516 -0.05411 -0.96797
vn 0.70397 -0.27303 -0.65565
vn 0.27924 -0.059 -0.95841
vn 0.01331 0.03907 -0.99915
vn -0.00573 -0.01018 -0.99993
vn -0.93389 -0.12665 -0.33438
vn -0.99788 -0.02487 -0.06016
vn -0.82548 -0.26206 -0.4999
vn -0.82997 -0.22178 -0.51182
vn -0.84619 0.40684 0.34415
vn -0.9086 0.37834 0.17693
vn -0.74537 0.46091 0.48165
vn 0.29732 -0.32133 -0.89908
vn 0.24121 -0.53822 -0.80755
vn 0.01961 -0.48878 -0.87219
vn -0.87765 0.1861 0.4417
vn -0.7047 0.37683 0.60116
vn 0.7181 0.55884 0.41476
vn 0.69993 0.60031 0.38695
vn 0.80391 0.40572 0.43488
vn 0.55931 0.71272 0.42331
vn 0.9819 -0.0608 -0.17936
vn 0.84863 0.27485 0.45198
vn 0.87164 0.16003 0.46329
vn 0.90238 0.25232 0.34933
vn 0.6449 0.49718 0.58044
vn 0.68783 0.32842 0.64733
vn 0.23935 0.35686 0.90297
vn 0.01175 0.55913 0.829
vn -0.02783 -0.46794 -0.88332
vn -0.13181 -0.64936 -0.74897
vn -0.49047 0.62566 0.60662
vn 0.99998 0.00507 -0.00234
vn 0.99875 -0.01337 -0.04819
vn 0.99995 -0.0034 -0.00949
vn -0.01016 0.64827 0.76134
vn -0.19423 0.64485 0.73922
vn -0.74541 0.64539 0.16683
vn -0.58335 0.7416 0.33126
vn -0.84105 0.53223 0.0968
vn -0.90426 0.42108 0.07072
vn 0.24094 0.83992 0.4863
vn -0.00918 0.73489 0.67812
vn 0.4118 0.74493 0.52488
vn -0.94054 -0.30518 -0.14913
vn -0.99781 -0.05208 -0.04069
vn -0.98928 -0.11801 -0.08605
vn -0.20622 -0.37592 -0.90342
vn -0.00854 -0.48715 -0.87327
vn -0.11852 -0.49293 -0.86196
vn -0.26025 -0.4054 -0.87631
vn -0.99978 -0.01796 -0.01075
vn 0.97858 -0.16479 -0.12338
vn -0.28955 -0.67883 -0.6748
vn 0.9499 -0.28136 -0.13611
vn 0.98928 -0.11801 -0.08605
vn 0.99809 -0.04789 -0.03894
vn 0.81442 0.56336 0.13907
vn 0.80372 0.56907 0.17378
vn 0.92996 0.36435 0.04928
vn -0.48816 -0.55072 0.67705
vn -0.47589 -0.72375 -0.4997
vn -0.02479 -0.995 -0.09672
vn -0.97961 0.1525 0.1308
vn -0.9704 0.22308 0.0925
vn 0.99976 0.01839 0.01193
vn 0.98654 0.16206 0.02197
vn -0.99976 0.01839 0.01193
vn -0.9929 0.11631 0.02498
vn -0.8726 -0.4884 0.00573
vn 0.94891 -0.25404 -0.18717
vn 0.95944 -0.2351 -0.15559
vn 0.90643 -0.41927 -0.05101
vn 0.81666 -0.5741 -0.05887
vn 0.74991 0.65882 0.05992
vn 0.82541 0.5645 0.00708
vn 0.77867 0.62058 0.09254
vn 0.6287 0.77718 -0.02689
vn 0.26495 0.9634 -0.04063
vn 0.42444 0.89649 0.12714
vn 0.02371 0.99739 0.06813
vn -0.76792 0.63587 0.07727
vn -0.82975 0.55714 0.03339
vn -0.64773 0.74979 0.13511
vn -0.65886 0.74662 -0.092
vn -0.88827 0.45124 0.08572
vn -0.60501 -0.36963 -0.70522
vn -0.48597 -0.37455 -0.78965
vn -0.28013 -0.45981 -0.84268
vn -0.34614 -0.54038 -0.76693
vn 0.02303 -0.80285 -0.59574
vn 0.09956 -0.64748 -0.75555
vn -0.1515 -0.23837 -0.95929
vn -0.00575 -0.0848 -0.99638
vn -0.15587 -0.09037 -0.98364
vn -0.33501 -0.12631 -0.93371
vn -0.25613 -0.79067 -0.55609
vn 0.00396 -0.91224 0.40963
vn 0.53148 -0.37529 -0.7594
vn 0.38092 -0.52462 -0.76136
vn 0.55352 -0.33571 -0.76218
vn -0.62113 -0.62465 -0.4733
vn -0.54318 -0.69821 -0.46632
vn 0.21683 -0.2692 -0.93836
vn 0.01579 -0.12349 -0.99222
vn 0.35829 -0.08897 -0.92936
vn -0.06559 -0.92496 0.37436
vn -0.12611 -0.97999 -0.15398
vn -0.24543 -0.96659 -0.07397
vn 0.00187 -0.66792 0.74423
vn 0.37472 -0.06684 -0.92472
vn 0.35707 0.04912 -0.93279
vn -0.72153 -0.6606 -0.20738
vn -0.32788 -0.94469 0.00799
vn 0.1056 -0.95093 -0.29084
vn -0.71619 -0.68553 0.13086
vn -0.9287 -0.18607 -0.32076
vn -0.51103 -0.85956 0.00068
vn -0.05659 -0.96902 -0.2404
vn 0.56292 -0.68148 -0.46765
vn 0.46827 -0.69373 -0.54723
vn -0.9726 -0.22336 0.0645
vn 0.33731 -0.92394 -0.18044
vn -0.77274 -0.60818 0.18164
vn -0.96518 0.2509 -0.07404
vn -0.65383 -0.73415 0.18311
vn -0.90993 -0.40501 0.08945
vn 0.60549 -0.71462 -0.35028
vn 0.5099 -0.77869 -0.36556
vn 0.41023 -0.86512 -0.28859
vn 0.38777 -0.78223 -0.4876
vn 0.53973 -0.7188 -0.4382
vn -0.873 0.46583 -0.14449
vn -0.98562 0.01359 -0.16841
vn 0.00166 -0.97214 -0.23441
vn 0.16053 -0.97266 -0.16783
vn 0.24288 -0.93858 -0.2451
vn 0.53567 -0.84442 -0.00253
vn -0.31835 -0.32854 -0.88922
vn -0.61734 0.40389 -0.67511
vn -0.34309 -0.58961 -0.73119
vn -0.72117 -0.39582 -0.56854
vn -0.48694 0.6964 -0.52718
vn -0.86612 0.49964 -0.01406
vn -0.98272 0.17617 0.05674
vn 0.71835 -0.66339 -0.20949
vn 0.96892 0.24364 -0.04281
vn 0.73504 -0.372 -0.56686
vn 0.33179 -0.13396 -0.93379
vn 0.78532 -0.619 -0.01041
vn 0.70213 0.64193 -0.30811
vn 0.6888 0.69447 -0.20802
vn 0.79934 0.58582 -0.13368
vn 0.70525 0.60612 -0.36774
vn 0.60584 0.67657 -0.41859
vn 0.90209 -0.42094 0.09507
vn 0.96732 -0.25331 -0.01133
vn 0.55235 -0.78999 0.26614
vn -0.98881 0.07029 0.13158
vn -0.99807 0.02197 0.05813
vn -0.96253 0.08848 0.25632
vn 0.00226 -0.14379 0.98961
vn -0.1392 -0.15597 0.9779
vn 0.65832 -0.7207 0.21727
vn 0.94574 0.30901 -0.10044
vn 0.42174 -0.88753 0.18554
vn 0.86677 -0.48473 0.11726
vn 0.95129 -0.30681 -0.03029
vn 0.99239 0.06913 -0.10186
vn 0.21859 0.84486 -0.4883
vn 0.40156 0.86862 -0.29026
vn 0.17585 0.81538 -0.55157
vn 0.54568 0.31548 -0.77634
vn 0.36089 0.54432 -0.75728
vn -0.78291 -0.6188 0.06435
vn -0.72728 -0.65474 0.20587
vn -0.72372 -0.68977 0.02123
vn 0.7798 0.22996 -0.58226
vn 0.86942 0.19758 -0.45285
vn 0.75515 0.30009 -0.58284
vn -0.93327 -0.35061 0.07794
vn -0.9356 -0.33653 0.10673
vn 0.96782 -0.24835 0.0405
vn 0.95864 -0.2071 0.19526
vn 0.97439 -0.22454 -0.01185
vn 0.98604 0.07163 -0.15031
vn -0.05807 -0.99711 0.049
vn -0.12539 -0.99203 -0.01256
vn 0.77749 -0.45085 0.43845
vn 0.89234 0.23388 0.38604
vn 0.9289 -0.09274 0.35852
vn 0.99136 -0.08203 0.10236
vn 0.20332 0.95942 -0.19538
vn 0.48166 -0.56776 0.66757
vn 0.47183 -0.71903 0.51027
vn 0.85218 -0.17271 0.49392
vn 0.74568 -0.13341 0.65281
vn 0.76125 0.10236 0.64033
vn 0.96724 -0.14131 -0.21091
vn 0.08558 -0.62743 0.77396
vn -0.12941 -0.77403 0.61978
vn 0.51918 -0.41148 0.74909
vn -0.3578 -0.564 0.74424
vn -0.53623 -0.65862 0.5279
vn 0.03568 -0.28693 0.95729
vn -0.99849 -0.05105 0.02027
vn -0.40688 -0.39763 0.8224
vn -0.89697 -0.2641 0.35454
vn -0.55521 -0.11704 0.82343
vn -0.7593 -0.17559 0.6266
vn 0.72143 -0.69001 -0.05849
vn 0.74141 -0.67105 -0.00136
vn 0.53665 -0.83725 -0.10496
vn -0.96861 0.10014 -0.22752
vn -0.82425 -0.12818 0.55153
vn -0.95043 -0.08439 0.29926
vn 0.79945 0.55816 -0.22213
vn -0.45233 0.54676 -0.7046
vn -0.99632 0.07494 0.04151
vn 0.21145 0.91917 -0.33229
vn 0.77502 -0.56072 -0.29145
vn -0.74731 -0.65297 -0.12314
vn -0.98846 -0.04386 -0.14497
vn -0.90454 0.35114 -0.24188
vn -0.53758 0.80287 -0.25768
vn -0.66429 0.34288 -0.66419
vn -0.65262 0.45956 -0.60241
vn -0.88912 0.29137 -0.35294
vn -0.10549 0.59396 -0.79754
vn -0.60162 0.4434 -0.66442
vn 0.97983 0.10517 -0.16992
vn -0.2207 0.51662 -0.82728
vn -0.40744 0.90343 -0.13346
vn -0.88647 0.46215 -0.0243
vn -0.83444 0.52538 -0.16643
vn -0.09532 0.79568 -0.59817
vn -0.27508 0.93179 -0.23684
vn 0.88296 0.37014 -0.28874
vn 0.84106 0.28154 -0.46191
vn 0.60743 -0.78597 0.11524
vn -0.52953 -0.73864 0.41715
vn -0.34425 -0.8884 0.30371
vn 0.53896 0.65729 -0.52678
vn 0.46607 0.60638 -0.64427
vn 0.32853 0.83504 -0.44133
vn 0.96185 -0.26935 -0.04801
vn 0.88242 -0.45833 0.10619
vn 0.89622 -0.44023 0.05473
vn 0.13116 0.93396 -0.33243
vn -0.001 -0.85838 0.51302
vn -0.08726 -0.9232 0.37428
vn -0.92615 -0.32126 0.19756
vn -0.60626 0.66068 -0.44267
vn 0.48414 -0.81206 0.32584
vn 0.28432 -0.91016 0.30127
vn 0.53376 0.20641 -0.82006
vn -0.77221 -0.61099 0.17431
vn -0.71615 -0.62034 0.31985
vn -0.68368 -0.71792 0.13106
vn 0.70791 0.23834 -0.66487
vn 0.43408 0.28376 -0.85502
vn -0.66136 0.71612 -0.2231
vn 0.94762 -0.03474 -0.31752
vn 0.96322 -0.01967 -0.26801
vn 0.79353 0.20617 -0.57254
vn -0.88897 -0.4319 0.15231
vn -0.90753 -0.37433 0.19044
vn 0.97199 -0.22038 0.0817
vn 0.96205 -0.14825 0.2291
vn 0.97815 -0.20629 0.02602
vn 0.98491 0.06053 -0.16211
vn -0.04094 -0.97353 0.22488
vn -0.17157 -0.97497 0.14144
vn 0.81686 -0.28874 0.49937
vn 0.9209 -0.03446 0.38827
vn 0.98045 -0.0741 0.18227
vn 0.18741 0.91093 -0.36754
vn 0.85357 -0.06727 0.51661
vn 0.70411 0.01922 0.70983
vn 0.9698 -0.15977 -0.1843
vn 0.09557 -0.47797 0.87316
vn -0.06987 -0.6611 0.74704
vn 0.6192 -0.27774 0.73447
vn -0.34897 -0.42937 0.83298
vn -0.52547 -0.56386 0.63714
vn -0.99745 -0.06357 0.03252
vn -0.99741 -0.00483 0.07176
vn -0.4139 -0.24955 0.87545
vn -0.89274 -0.21252 0.39731
vn -0.60503 -0.00087 0.7962
vn -0.75696 -0.07488 0.64915
vn -0.62604 0.27572 0.72942
vn 0.73329 -0.67696 0.06331
vn 0.75288 -0.64783 0.11615
vn 0.55114 -0.83325 0.04398
vn -0.96803 0.04431 -0.24689
vn -0.82262 -0.04264 0.56699
vn -0.7845 0.34134 0.51773
vn -0.94922 -0.04639 0.31119
vn 0.78999 0.52367 -0.31889
vn -0.83842 0.17699 -0.51549
vn -0.89578 0.16895 -0.41113
vn -0.99752 0.06397 0.02937
vn 0.19737 0.83373 -0.51569
vn 0.72749 -0.66072 -0.18495
vn -0.98738 -0.08581 -0.13313
vn -0.91118 0.26566 -0.31492
vn -0.54752 0.74253 -0.38584
vn -0.66925 0.20839 -0.71321
vn -0.49687 0.38866 -0.77593
vn -0.89356 0.20895 -0.39735
vn -0.79814 0.52194 0.30093
vn -0.60833 0.30833 -0.73135
vn 0.97809 0.09024 -0.18762
vn 0.14943 0.25214 -0.95608
vn 0.0932 0.43197 -0.89706
vn -0.18935 0.3454 -0.91915
vn -0.30581 0.89984 -0.31107
vn -0.85282 0.50151 -0.14556
vn -0.83207 0.38132 -0.40282
vn -0.76224 0.55894 -0.32645
vn -0.87355 0.46667 -0.13832
vn 0.87682 0.32828 -0.35131
vn 0.62169 -0.75019 0.22521
vn -0.51724 -0.6621 0.5423
vn -0.32927 -0.82637 0.45683
vn -0.96342 0.24345 -0.11202
vn 0.5287 0.56498 -0.63346
vn 0.36504 0.51348 -0.77659
vn 0.31465 0.74922 -0.58281
vn 0.96662 -0.25621 -0.00058
vn 0.87662 -0.42685 0.22212
vn 0.14727 0.86001 -0.48856
vn 0.02731 -0.75039 0.66043
vn -0.0718 -0.8437 0.53199
vn -0.92073 -0.29707 0.25299
vn -0.49569 0.61017 -0.61805
vn 0.44189 -0.71378 0.54337
vn 0.33061 -0.83103 0.4473
vn 0.53418 0.43349 -0.72577
vn 0.06615 0.6222 -0.78006
vn -0.75709 -0.6532 -0.01234
vn -0.7357 -0.6667 0.11939
vn -0.64446 -0.75993 -0.08475
vn 0.71796 0.40788 -0.56406
vn 0.4848 0.79694 -0.36036
vn 0.50733 0.51398 -0.6917
vn 0.96347 0.03084 -0.26604
vn 0.93716 0.06373 -0.34304
vn 0.96769 0.02345 -0.25105
vn 0.75287 0.63625 -0.16843
vn 0.80213 0.34669 -0.48621
vn -0.90153 -0.4324 0.01623
vn -0.9478 -0.31877 0.00815
vn -0.9191 -0.38746 0.07156
vn 0.95695 -0.2885 0.03183
vn 0.96513 -0.21671 0.14687
vn 0.9637 -0.26551 -0.02808
vn 0.89695 0.43044 0.10098
vn 0.97575 0.11628 -0.18544
vn -0.15494 -0.98598 -0.06201
vn -0.1379 -0.9803 -0.14144
vn 0.80547 -0.45074 0.38476
vn 0.88326 0.18333 0.43155
vn 0.91752 -0.17793 0.35567
vn 0.97592 -0.15562 0.15286
vn 0.13236 0.98915 -0.06374
vn 0.16956 0.97585 -0.13775
vn 0.84861 -0.24615 0.46827
vn 0.74327 -0.22664 0.62943
vn 0.76122 0.03595 0.64749
vn 0.95784 -0.2528 -0.13654
vn 0.87521 -0.45256 -0.17089
vn 0.94816 -0.19197 -0.25327
vn 0.04254 -0.74428 0.66651
vn -0.09283 -0.8545 0.51109
vn 0.62534 -0.49127 0.6063
vn 0.4455 -0.11429 0.88795
vn 0.78892 0.58706 -0.18158
vn -0.36609 -0.65134 0.66463
vn -0.32432 -0.63739 0.69896
vn -0.48033 -0.74228 0.46723
vn 0.15337 -0.41424 0.89715
vn 0.04516 -0.58091 0.81272
vn -0.99971 -0.01441 0.01916
vn -0.99653 0.0446 0.07032
vn -0.44917 -0.48174 0.75244
vn -0.909 -0.28447 0.30461
vn -0.6088 -0.22463 0.76086
vn -0.7621 -0.24599 0.59891
vn -0.62279 0.01059 0.78231
vn 0.77417 -0.61247 -0.15978
vn 0.69548 -0.71581 -0.06268
vn 0.52637 -0.82274 -0.21454
vn -0.99896 0.03177 -0.03281
vn -0.96505 0.14578 -0.21778
vn -0.82637 -0.1884 0.53068
vn -0.79811 0.17286 0.57718
vn -0.94317 -0.11835 0.31054
vn 0.83461 0.53101 -0.14648
vn -0.83023 0.34984 -0.43396
vn -0.88834 0.31221 -0.33673
vn -0.86004 0.43222 0.27112
vn -0.99084 0.13445 -0.01267
vn 0.15217 0.96031 -0.23378
vn 0.57138 0.77406 -0.2727
vn 0.76817 -0.5278 -0.36241
vn -0.70136 -0.68584 -0.19419
vn -0.90796 -0.36945 -0.19775
vn -0.98706 0.04279 -0.15456
vn -0.89978 0.39106 -0.19356
vn -0.52713 0.83632 -0.15069
vn -0.66723 0.41602 -0.61785
vn -0.48145 0.6229 -0.61661
vn -0.76878 0.63921 -0.01969
vn -0.84896 0.36501 -0.38213
vn -0.54317 0.79792 -0.26133
vn 0.96808 0.20065 -0.15018
vn 0.11104 0.68403 -0.72095
vn -0.26531 0.87996 -0.39405
vn -0.32789 0.94425 -0.02964
vn -0.29529 0.95526 -0.01668
vn -0.78945 0.61334 0.02397
vn -0.82198 0.50268 -0.2677
vn -0.8144 0.57363 -0.08779
vn 0.98512 0.03576 -0.16813
vn 0.7433 0.61129 -0.27173
vn 0.62773 -0.77777 -0.0322
vn -0.48144 -0.81458 0.32354
vn -0.35575 -0.91593 0.18575
vn 0.54829 0.71472 -0.43423
vn 0.3839 0.71396 -0.58555
vn 0.42134 0.88273 -0.20799
vn 0.29075 0.89987 -0.32511
vn 0.86525 -0.4955 0.07632
vn 0.00188 -0.91593 0.40133
vn -0.09929 -0.96287 0.25104
vn -0.94955 -0.28226 0.13667
vn -0.47512 0.77928 -0.40863
vn -0.73572 0.64436 -0.2086
vn -0.74571 -0.61801 0.24896
vn 0.44095 -0.86852 0.22637
vn 0.40354 -0.86295 0.30411
vn 0.30374 -0.937 0.17253
vn 0.5535 0.4177 -0.72053
vn 0.17289 0.635 -0.75291
vn -0.747 -0.6585 0.09147
vn -0.72555 -0.65082 0.22366
vn -0.63269 -0.77354 0.03655
vn 0.81843 0.20744 -0.53586
vn 0.97618 -0.03483 -0.21417
vn 0.72953 0.62752 -0.27204
vn -0.89484 -0.43818 0.08523
vn -0.94282 -0.32795 0.05946
vn -0.91315 -0.38538 0.13284
vn 0.9566 -0.28854 0.04066
vn 0.9616 0.26676 -0.06454
vn 0.88496 0.46563 0.00642
vn -0.1398 -0.98573 0.09381
vn -0.12276 -0.99233 0.01444
vn 0.96728 -0.00701 0.25363
vn 0.92931 0.19832 0.31153
vn 0.11729 0.96877 -0.21845
vn 0.1585 0.95568 -0.2481
vn 0.49315 -0.63691 0.59257
vn 0.42247 -0.61565 0.6652
vn 0.49051 -0.5512 0.67497
vn 0.74404 -0.36492 0.55968
vn 0.79017 -0.3713 0.48761
vn 0.972 -0.21468 -0.0955
vn 0.88219 -0.46038 -0.09897
vn 0.95123 -0.21488 -0.22135
vn 0.02958 -0.64327 0.76507
vn -0.00534 -0.60846 0.79357
vn 0.53326 -0.24014 0.81115
vn -0.3866 -0.64389 0.66026
vn -0.50526 -0.67714 0.53497
vn 0.14685 -0.51825 0.84252
vn 0.13805 -0.58507 0.79915
vn -0.99939 -0.02646 0.02263
vn -0.99716 0.03989 0.06388
vn -0.54139 -0.50616 0.67133
vn -0.37191 -0.29911 0.87876
vn -0.96943 -0.19459 0.14945
vn -0.9245 -0.30622 0.22701
vn -0.65141 -0.37899 0.65729
vn 0.7836 -0.61809 -0.06275
vn 0.70502 -0.70751 0.0488
vn 0.53909 -0.8381 -0.08345
vn -0.97876 0.07293 -0.19158
vn -0.90235 -0.14649 0.40533
vn -0.87722 0.12722 0.46292
vn 0.82637 0.5147 -0.22846
vn -0.88433 0.27572 -0.37674
vn -0.98772 0.12805 0.08956
vn -0.90691 0.39469 0.1474
vn 0.1377 0.91389 -0.38189
vn 0.55975 0.73025 -0.39168
vn 0.7765 -0.56638 -0.27615
vn -0.69061 -0.71844 -0.08308
vn -0.90202 -0.40972 -0.13598
vn -0.98744 0.00293 -0.15795
vn -0.90547 0.34204 -0.25127
vn -0.5397 0.79415 -0.27938
vn -0.4906 0.51825 -0.70052
vn -0.91587 0.35574 -0.18611
vn -0.80583 0.58871 -0.06371
vn -0.75813 0.58029 -0.29748
vn -0.88034 0.34901 -0.32125
vn -0.62537 0.66349 -0.41072
vn 0.96614 0.18255 -0.18236
vn 0.18594 0.47085 -0.8624
vn 0.17676 0.47423 -0.86247
vn 0.03548 0.58233 -0.81218
vn -0.2793 0.76943 -0.57442
vn -0.33579 0.92798 -0.16154
vn -0.81018 0.58207 -0.06928
vn -0.8375 0.43584 -0.32961
vn -0.82298 0.54024 -0.1756
vn -0.27706 0.9259 -0.25681
vn 0.81706 0.45763 -0.35069
vn 0.90359 0.20968 -0.37358
vn 0.61038 -0.78452 0.10941
vn -0.44866 -0.72826 0.51801
vn -0.34189 -0.88072 0.32778
vn 0.53772 0.64595 -0.54186
vn 0.37702 0.63359 -0.67559
vn 0.62562 0.70488 -0.33428
vn 0.38197 0.79948 -0.46361
vn 0.96276 -0.26738 -0.03999
vn 0.87833 -0.45196 0.15579
vn 0.04097 0.92965 -0.36616
vn -0.09529 -0.91132 0.40052
vn -0.9241 -0.32105 0.20727
vn -0.48657 0.69811 -0.52525
vn -0.74528 0.59231 -0.30613
vn 0.45395 -0.81537 0.3593
vn 0.41638 -0.79824 0.43525
vn 0.31785 -0.89355 0.31709
vn 0.55361 0.45594 -0.69687
vn -0.76178 -0.64498 -0.06074
vn -0.74054 -0.66839 0.06963
vn -0.6499 -0.74685 -0.1409
vn 0.78555 0.3281 -0.52465
vn 0.78851 0.32643 -0.52124
vn 0.49068 0.81799 -0.3002
vn 0.97435 0.03712 -0.22195
vn 0.75751 0.64155 -0.12079
vn 0.76228 0.39737 -0.51091
vn -0.90464 -0.42588 -0.01581
vn -0.95008 -0.31164 -0.01542
vn -0.92191 -0.38505 0.04271
vn 0.95482 -0.297 0.01015
vn 0.96561 -0.25449 -0.05312
vn 0.9 0.41525 0.13255
vn 0.97143 0.13897 -0.1924
vn -0.16204 -0.97749 -0.1351
vn -0.14492 -0.96605 -0.21389
vn 0.80205 -0.48391 0.35007
vn 0.8844 0.14436 0.44384
vn 0.91608 -0.2105 0.34131
vn 0.97338 -0.17504 0.14793
vn 0.13952 0.99017 0.00994
vn 0.18052 0.98333 -0.02202
vn 0.41641 -0.68909 0.59308
vn 0.84663 -0.2864 0.44855
vn 0.74137 -0.27817 0.61073
vn 0.76122 -0.01779 0.64825
vn 0.96725 -0.20868 -0.14451
vn 0.87198 -0.44492 -0.20419
vn 0.94684 -0.17946 -0.26699
vn 0.05254 -0.78883 0.61236
vn -0.07469 -0.70441 0.70585
vn -0.08157 -0.90127 0.4255
vn 0.62263 -0.53859 0.56767
vn 0.44433 -0.18319 0.87693
vn -0.32497 -0.7698 0.54937
vn -0.45118 -0.66938 0.59023
vn -0.35081 -0.66186 0.66248
vn -0.48586 -0.77146 0.41084
vn 0.14061 -0.47649 0.86786
vn -0.9998 -0.00857 0.0182
vn -0.99621 0.04646 0.0736
vn -0.45292 -0.53308 0.71462
vn -0.91115 -0.29975 0.28277
vn -0.61069 -0.27616 0.74216
vn -0.76408 -0.28431 0.57909
vn -0.623 -0.04308 0.78104
vn 0.76979 -0.60448 -0.20499
vn 0.6889 -0.71538 -0.11682
vn 0.5205 -0.8083 -0.27519
vn -0.99869 0.04135 -0.0302
vn -0.96389 0.16854 -0.20618
vn -0.82791 -0.22134 0.51534
vn -0.79706 0.13525 0.58857
vn -0.94411 -0.13428 0.30103
vn 0.83832 0.53481 -0.10583
vn -0.82752 0.38712 -0.40662
vn -0.88593 0.34278 -0.31245
vn -0.857 0.41708 0.30264
vn -0.98984 0.14218 -0.00249
vn 0.15919 0.9739 -0.16178
vn 0.57705 0.78803 -0.2145
vn 0.76448 -0.50494 -0.40076
vn -0.70622 -0.66442 -0.24452
vn -0.91053 -0.34716 -0.22452
vn -0.98666 0.06129 -0.1508
vn -0.89686 0.41085 -0.16382
vn -0.52102 0.84899 -0.08803
vn -0.65584 0.48392 -0.5794
vn -0.47657 0.66816 -0.57135
vn -0.76414 0.64444 0.028
vn -0.88237 0.37463 -0.28474
vn -0.53729 0.81904 -0.20121
vn -0.5912 0.58111 -0.55928
vn 0.9705 0.19791 -0.13767
vn 0.11558 0.73206 -0.67136
vn -0.2588 0.90871 -0.32751
vn -0.20852 0.67838 -0.7045
vn -0.31452 0.94754 0.05697
vn -0.79678 0.6004 0.06828
vn -0.81823 0.52712 -0.22947
vn -0.8102 0.58444 -0.04478
vn -0.25557 0.96611 -0.03636
vn 0.8281 0.5076 -0.23789
vn 0.8699 0.34354 -0.35392
vn 0.59239 -0.80212 -0.07533
vn -0.48744 -0.83287 0.26217
vn -0.36243 -0.92461 0.11722
vn 0.5536 0.74104 -0.37999
vn 0.38927 0.75272 -0.53093
vn 0.64218 0.74867 -0.16462
vn 0.40108 0.87591 -0.26817
vn 0.95669 -0.27247 -0.10251
vn 0.86162 -0.50605 0.03915
vn 0.06279 0.98778 -0.14263
vn -0.00489 -0.94322 0.33214
vn -0.10634 -0.97812 0.17879
vn -0.95162 -0.28476 0.11546
vn -0.46932 0.81091 -0.34951
vn -0.73097 0.66338 -0.16002
vn -0.75025 -0.62939 0.20245
vn 0.43458 -0.8861 0.16112
vn 0.39718 -0.88606 0.23906
vn 0.2969 -0.94941 0.10236
vn 0.98596 0.00914 -0.16675
vn -0.20055 0.40813 -0.89062
vn -0.02501 0.45283 -0.89124
vn 0.3977 -0.44623 -0.80169
vn 0.4005 0.53467 -0.74413
vn 0.5587 0.67276 -0.48502
vn 0.98272 0.17618 0.05676
vn 0.99189 0.12613 -0.0154
vn -0.02932 0.6597 -0.75095
vn -0.0392 -0.23536 -0.97112
vn 0.96895 0.23033 0.08994
vn -0.20509 -0.59956 -0.77361
vn -0.02976 -0.64464 -0.76391
vn -0.21516 -0.60258 -0.7685
vn 0.98619 0.07804 0.14611
vn 0.95828 0.10499 0.26584
vn -0.0277 0.13767 -0.99009
vn -0.11145 -0.05871 -0.99203
vn 0.99021 -0.00262 0.13955
vn 0.96116 0.02914 0.27444
vn 0.95583 -0.03529 -0.29178
vn 0.99998 -0.00062 -0.00653
vn -0.9423 -0.10228 -0.31875
vn -0.287 -0.81757 -0.49921
vn -0.60539 -0.79096 -0.08878
vn 0.92472 -0.17253 -0.3393
vn 0.96969 -0.20227 -0.13707
vn -0.7904 -0.35312 -0.50057
vn -0.03105 -0.37742 -0.92552
vn -0.06657 -0.91525 -0.39734
vn -0.95925 -0.08536 -0.26936
vn 0.004 0.09232 0.99572
vn -0.02973 0.05942 0.99779
vn -0.02818 -0.81097 -0.58441
vn -0.14607 -0.92772 -0.3435
vn 0.91077 -0.27221 0.31049
vn 0.96204 -0.26328 0.07187
vn 0.96843 -0.05339 -0.24351
vn 0.98974 -0.10932 -0.09203
vn 0.967 -0.1114 -0.22911
vn 0.55486 -0.79324 0.25082
vn -0.51655 -0.1777 0.83761
vn 0.55153 -0.60933 0.56967
vn 0.72832 -0.6828 0.05777
vn 0.65579 -0.7484 -0.09919
vn 0.26409 -0.85207 -0.45192
vn 0.01825 -0.82398 -0.56632
vn -0.2995 -0.09911 0.94894
vn -0.01876 -0.06331 0.99782
vn 0.01643 -0.02308 0.9996
vn -0.22009 0.02569 0.97514
vn -0.38657 -0.91309 0.12973
vn -0.53573 0.43051 -0.7264
vn -0.31445 0.42523 -0.8487
vn -0.13464 0.67991 -0.72083
vn -0.1357 0.6801 -0.72045
vn -0.13175 0.54999 -0.82472
vn 0.77404 -0.6253 0.09932
vn 0.692 -0.70032 0.17519
vn -0.72059 0.23803 -0.65123
vn -0.52289 0.43243 -0.73456
vn -0.51139 0.60082 -0.61441
vn -0.51242 0.60083 -0.61354
vn -0.52078 0.45445 -0.72268
vn -0.95776 0.02312 -0.28665
vn -0.80415 0.45643 -0.38081
vn -0.80419 0.45642 -0.38073
vn -0.82252 0.29627 -0.48547
vn 0.91999 -0.39064 -0.03187
vn -0.98618 -0.14832 0.07382
vn -0.94133 0.31275 -0.12681
vn -0.00337 -0.99949 -0.03166
vn -0.772 -0.55793 0.30452
vn -0.92273 0.03268 0.38406
vn -0.94369 -0.15726 0.29107
vn -0.92727 0.2377 0.28926
vn -0.34024 0.91539 -0.21519
vn -0.16359 0.96001 -0.22721
vn -0.4463 -0.72619 0.52294
vn -0.77393 -0.09559 0.62601
vn -0.78305 -0.09563 0.61456
vn -0.82837 -0.27802 0.48631
vn -0.79533 -0.28664 0.53413
vn -0.05048 -0.75888 0.64927
vn -0.146 -0.60852 0.77999
vn -0.47525 -0.21126 0.85411
vn -0.47703 -0.21161 0.85303
vn -0.54508 -0.40568 0.7337
vn -0.47893 -0.40521 0.77874
vn -0.43606 0.87633 -0.2047
vn 0.35911 -0.56397 0.74362
vn 0.3612 -0.68977 0.62749
vn -0.08944 -0.25156 0.9637
vn -0.08908 -0.25142 0.96377
vn -0.14704 -0.4671 0.87189
vn -0.08172 -0.4495 0.88954
vn 0.99822 0.01189 0.05845
vn 0.7176 -0.52857 0.45349
vn 0.31005 -0.20927 0.9274
vn 0.31225 -0.20785 0.92698
vn 0.32922 -0.40623 0.8524
vn 0.24307 -0.96064 0.13448
vn 0.26851 -0.94135 0.20433
vn 0.91601 -0.25216 0.31199
vn 0.65392 -0.09155 0.751
vn 0.65609 -0.0891 0.74941
vn 0.68308 -0.28019 0.67445
vn -0.75042 -0.6593 0.04678
vn 0.9645 0.1106 -0.2398
vn 0.99988 0.01457 -0.00601
vn 0.84729 0.04718 0.52904
vn 0.9116 -0.11301 0.39525
vn -0.81863 0.53127 -0.21817
vn -0.78732 0.57728 -0.21649
vn 0.44849 0.54854 -0.70566
vn 0.94285 0.33225 0.02536
vn 0.8998 0.36534 0.23852
vn 0.48833 -0.87176 -0.03964
vn 0.66309 0.46824 -0.58401
vn 0.65868 0.35199 -0.66501
vn 0.88727 0.43306 -0.15881
vn 0.9016 0.28619 -0.32437
vn -0.1256 0.92795 -0.35091
vn -0.43279 0.84641 -0.31029
vn -0.64555 0.75871 -0.08728
vn -0.78887 0.60295 0.11893
vn -0.72791 0.46438 0.50448
vn -0.66045 0.28794 0.69346
vn -0.40551 0.21314 0.88889
vn -0.09148 0.21873 0.97149
vn 0.23565 0.20263 0.95048
vn 0.49222 0.34226 0.80036
vn 0.68418 0.42836 0.59025
vn 0.71957 0.64621 0.25421
vn 0.66071 0.74909 -0.04821
vn 0.2095 0.90614 -0.36744
vn 0.24182 0.63502 -0.73367
vn 0.26061 0.44691 -0.85578
vn -0.99061 0.01363 -0.13602
vn 0.04875 0.59208 -0.80441
vn -0.21958 0.41751 -0.88174
vn 0.15759 0.69181 -0.70467
vn 0.20865 0.53053 -0.82159
vn 0.32807 0.78073 -0.53181
vn 0.24887 0.9583 -0.14047
vn 0.17259 0.97171 -0.16121
vn 0.80582 0.58826 -0.06783
vn 0.7524 0.6197 -0.22331
vn 0.22218 0.89214 -0.39334
vn -0.99106 -0.02774 -0.13048
vn -0.79359 0.5059 -0.33805
vn -0.76438 -0.60606 0.22001
vn 0.9848 0.1731 -0.01419
vn -0.2939 0.86745 -0.40143
vn -0.43608 0.67566 -0.59441
vn 0.01821 0.80086 -0.59858
vn -0.19338 -0.94465 0.26502
vn 0.11494 -0.81411 0.56922
vn 0.59416 0.66997 -0.44509
vn 0.62346 -0.65117 0.43275
vn -0.34053 0.39472 -0.85337
vn -0.30816 0.27357 -0.91115
vn -0.12382 0.54374 -0.83007
vn -0.12487 0.54402 -0.82973
vn -0.12329 0.39745 -0.9093
vn 0.75345 -0.58736 0.2955
vn -0.71721 0.13131 -0.68438
vn -0.59282 0.24578 -0.76691
vn -0.50174 0.49123 -0.712
vn -0.50277 0.49141 -0.71115
vn -0.51379 0.32819 -0.79266
vn 0.66338 0.7141 -0.22359
vn -0.95795 -0.01127 -0.28672
vn -0.79664 0.39554 -0.45706
vn -0.79669 0.39555 -0.45698
vn -0.81791 0.21972 -0.53174
vn 0.91308 -0.40586 0.03945
vn -0.9885 -0.11593 0.09714
vn -0.93596 0.30148 -0.18187
vn -0.02066 -0.9891 0.14581
vn -0.92154 0.11602 0.37055
vn -0.94589 -0.08699 0.31262
vn -0.92266 0.30107 0.24093
vn -0.33726 0.86425 -0.37326
vn -0.32433 0.86979 -0.37186
vn -0.77467 0.03008 0.63165
vn -0.7838 0.02817 0.62037
vn -0.83242 -0.17324 0.52636
vn -0.79947 -0.17382 0.57501
vn -0.28251 -0.66128 0.69491
vn -0.06304 -0.62958 0.77437
vn -0.15547 -0.45819 0.87515
vn -0.47773 -0.04849 0.87717
vn -0.47953 -0.049 0.87616
vn -0.55106 -0.25992 0.79295
vn -0.48485 -0.25263 0.83732
vn 0.35029 -0.42948 0.83238
vn 0.34867 -0.60258 0.71786
vn -0.09253 -0.07537 0.99285
vn -0.09217 -0.07523 0.9929
vn -0.15396 -0.30274 0.94056
vn -0.08833 -0.28342 0.95492
vn 0.99712 0.06532 0.03859
vn 0.70896 -0.45218 0.54121
vn 0.30758 -0.04705 0.95036
vn 0.3098 -0.04577 0.9497
vn 0.32326 -0.25448 0.91145
vn 0.3257 -0.89411 0.30739
vn 0.44796 -0.8261 0.34189
vn 0.91193 -0.20864 0.35335
vn 0.6532 0.03165 0.75652
vn 0.65541 0.03374 0.75452
vn 0.67901 -0.16804 0.71464
vn -0.80296 -0.59516 0.03228
vn -0.66438 -0.72165 0.19446
vn 0.99997 -0.00392 -0.00669
vn 0.84865 0.12554 0.51385
vn 0.91002 -0.05689 0.41065
vn -0.79967 0.51285 -0.31228
vn 0.8972 0.11335 -0.42683
vn 0.94847 0.31524 -0.03217
vn 0.90626 0.38628 0.17169
vn 0.47319 -0.87326 0.11622
vn 0.66887 0.40136 -0.62572
vn 0.6638 0.2173 -0.71565
vn 0.8944 0.38277 -0.23139
vn 0.90598 0.20869 -0.3683
vn -0.11004 0.85317 -0.50989
vn -0.41853 0.78541 -0.45602
vn -0.63248 0.74226 -0.22141
vn -0.77821 0.62795 0.00887
vn -0.71916 0.55881 0.41296
vn -0.65451 0.41749 0.63033
vn -0.40064 0.3741 0.83638
vn -0.08646 0.38883 0.91724
vn 0.24032 0.36365 0.9
vn 0.49906 0.47006 0.728
vn 0.69222 0.51428 0.50631
vn 0.73093 0.66855 0.13707
vn 0.67346 0.71725 -0.17889
vn 0.22463 0.82303 -0.5217
vn 0.25719 0.43764 -0.86158
vn 0.26718 0.28377 -0.92092
vn -0.99083 -0.0034 -0.13507
vn -0.21348 0.25849 -0.94213
vn 0.16859 0.55329 -0.81575
vn 0.21671 0.37301 -0.90217
vn 0.34081 0.66848 -0.66105
vn 0.23392 0.91655 -0.32436
vn 0.19661 0.92183 -0.33402
vn 0.26083 0.68251 -0.68275
vn -0.96137 0.14804 -0.23205
vn -0.68674 0.55679 -0.4673
vn -0.82691 0.46601 -0.31474
vn -0.64834 0.42094 -0.6344
vn -0.74931 -0.57572 0.32722
vn 0.31965 -0.80157 0.50529
vn -0.36919 0.60887 -0.70212
vn -0.17636 0.87937 -0.44228
vn -0.25873 -0.69396 0.67192
vn 0.17315 -0.88019 0.44192
vn 0.11818 -0.79189 0.59911
vn 0.95959 -0.20559 0.19216
vn 0.78637 -0.51865 0.33559
vn 0.51386 0.74879 -0.41864
vn 0.6813 -0.55388 0.47859
vn -0.49674 -0.72042 0.48398
vn -0.36876 -0.84917 0.37805
vn -0.2394 -0.97022 -0.03702
vn -0.46887 -0.88325 -0.00424
vn -0.35494 0.61969 -0.7
vn -0.32175 0.53177 -0.78339
vn -0.14396 0.76615 -0.62633
vn -0.14502 0.76628 -0.62593
vn -0.13953 0.6509 -0.74623
vn 0.80149 -0.598 0.00096
vn 0.63914 -0.76404 0.08797
vn -0.80656 0.3178 -0.49846
vn -0.73479 0.33352 -0.59063
vn -0.51956 0.66913 -0.53134
vn -0.52059 0.66901 -0.53048
vn -0.52722 0.53798 -0.65774
vn 0.57364 0.8191 -0.00348
vn 0.52914 0.84852 0.004
vn -0.95698 0.04849 -0.28606
vn -0.81024 0.49188 -0.31869
vn -0.81028 0.49186 -0.31863
vn -0.82669 0.34648 -0.44332
vn -0.98415 -0.16913 0.05327
vn -0.94534 0.31464 -0.08564
vn 0.02495 -0.98682 -0.15991
vn -0.92268 -0.02925 0.38446
vn -0.94133 -0.20572 0.26754
vn -0.9299 0.18629 0.31715
vn -0.18921 0.97894 -0.07666
vn -0.23457 0.96901 -0.07751
vn -0.55913 -0.74386 0.36612
vn -0.77202 -0.18602 0.60777
vn -0.78116 -0.18468 0.59639
vn -0.8243 -0.34939 0.44548
vn -0.7911 -0.36374 0.4918
vn -0.88903 -0.40077 -0.22138
vn -0.22781 -0.8502 0.47462
vn -0.04058 -0.83652 0.54643
vn -0.10709 -0.61092 0.78442
vn -0.21968 -0.7042 0.67516
vn -0.47167 -0.32659 0.81906
vn -0.47345 -0.32682 0.81794
vn -0.53917 -0.50456 0.67433
vn -0.47298 -0.50912 0.71909
vn -0.23543 0.96877 -0.07786
vn -0.58843 0.80003 -0.11706
vn 0.36697 -0.65133 0.66415
vn 0.36994 -0.77997 0.50477
vn 0.32369 -0.6366 0.69997
vn -0.08526 -0.37592 0.92272
vn -0.08491 -0.37578 0.92281
vn -0.131 -0.57928 0.80453
vn -0.07544 -0.55777 0.82656
vn 0.99805 0.01682 0.06013
vn 0.72469 -0.57395 0.38132
vn 0.31361 -0.32421 0.89249
vn 0.3158 -0.32272 0.89226
vn 0.33325 -0.48673 0.80749
vn 0.91944 -0.27899 0.27711
vn 0.65579 -0.1802 0.73312
vn 0.65792 -0.17753 0.73186
vn 0.68725 -0.35689 0.6327
vn -0.71229 -0.68882 -0.13478
vn 0.95487 0.16992 -0.24361
vn 0.99961 0.02788 -0.00343
vn 0.84716 -0.01133 0.53122
vn 0.91335 -0.15192 0.37776
vn -0.81109 0.56629 -0.14648
vn 0.82803 0.35255 -0.43598
vn 0.9386 0.33804 0.06898
vn 0.89535 0.34257 0.2846
vn 0.67559 0.5712 -0.46616
vn 0.66994 0.43633 -0.60066
vn 0.88156 0.46124 -0.10056
vn 0.89758 0.33735 -0.28381
vn -0.13989 0.95129 -0.27473
vn -0.42898 0.89022 -0.15328
vn -0.67965 0.73308 -0.02585
vn -0.74034 0.63646 0.21638
vn -0.78192 0.34896 0.51655
vn -0.63772 0.23689 0.73294
vn -0.41054 0.07748 0.90854
vn -0.09293 0.13651 0.98627
vn 0.2355 0.07451 0.96901
vn 0.50664 0.20884 0.83648
vn 0.61498 0.39915 0.68006
vn 0.73516 0.59057 0.33281
vn 0.63462 0.76824 0.08408
vn 0.1662 0.96565 -0.19974
vn 0.30689 0.69773 -0.6473
vn -0.99104 0.01199 -0.13302
vn 0.14812 0.77955 -0.60858
vn 0.20109 0.63551 -0.74544
vn 0.31764 0.84738 -0.42551
vn 0.21022 0.97743 -0.02099
vn 0.16013 0.98653 -0.0333
vn 0.82244 0.56872 0.01231
vn 0.69939 0.70079 -0.14052
vn 0.79033 0.54368 -0.28247
vn 0.25996 0.9355 -0.23927
vn 0.23369 0.96527 -0.11677
vn 0.23985 0.8431 -0.4813
vn -0.97319 0.08491 -0.21374
vn -0.80028 0.53169 -0.27724
vn -0.78282 -0.61121 0.11668
vn 0.46371 -0.83014 0.30958
vn 0.29542 -0.84856 0.43895
vn 0.98252 0.18593 0.00908
vn -0.32031 0.89857 -0.29996
vn -0.96093 -0.27156 -0.05355
vn -0.8345 -0.55096 0.00746
vn -0.09397 -0.91487 0.39267
vn -0.16776 -0.9389 0.30054
vn 0.12686 -0.9813 0.14474
vn 0.78005 0.59833 -0.18312
vn 0.71422 -0.64742 0.26598
vn -0.53222 -0.81631 0.22447
vn -0.30972 -0.94584 0.09725
vn -0.26492 -0.95774 0.112
vn -0.24418 -0.95229 0.18311
vn -0.66033 0.39589 -0.63815
vn -0.03793 0.79991 -0.59891
vn 0.78312 -0.59162 0.19158
vn -0.87418 0.14237 -0.46426
vn -0.52533 0.62967 -0.57231
vn 0.58609 0.79955 -0.13123
vn 0.47791 0.86959 -0.12412
vn -0.97558 -0.02943 -0.21766
vn -0.82432 0.43448 -0.36294
vn 0.90996 -0.41428 0.0185
vn -0.96464 -0.26276 0.02067
vn -0.9883 0.14303 -0.05299
vn -0.983 0.10883 -0.14786
vn -0.00603 -0.99997 -0.00446
vn -0.77999 -0.49787 0.37914
vn -0.96331 -0.11053 0.24456
vn -0.14181 0.96498 -0.22068
vn -0.14501 0.96454 -0.22053
vn -0.46069 -0.59056 0.66257
vn -0.3585 -0.58243 0.72956
vn -0.72924 -0.39069 0.56176
vn -0.24458 -0.77441 0.5835
vn -0.08392 -0.60412 0.79246
vn -0.52578 -0.48339 0.69993
vn -0.55887 0.79317 -0.24195
vn 0.31998 -0.66417 0.67564
vn 0.45044 -0.51714 0.72779
vn 0.03035 -0.58412 0.8111
vn 0.99824 0.00901 0.05868
vn 0.69951 -0.4814 0.52815
vn 0.76152 -0.40208 0.50835
vn 0.33339 -0.49557 0.80203
vn 0.41846 -0.87953 0.22654
vn 0.90178 -0.25555 0.34855
vn -0.77944 -0.62429 -0.05227
vn -0.61693 -0.78002 0.10472
vn 0.99886 -0.04632 -0.01153
vn -0.80248 0.54857 -0.23475
vn 0.91793 0.19907 -0.3432
vn 0.8118 0.28009 -0.51238
vn 0.93627 0.21567 -0.2773
vn 0.64746 0.39974 -0.64885
vn -0.17389 0.92386 -0.34095
vn -0.69427 0.70972 -0.1195
vn -0.85104 0.37581 0.36675
vn -0.44702 -0.01822 0.89434
vn 0.60958 0.12541 0.78274
vn 0.78943 0.58624 0.18201
vn 0.46928 0.86046 -0.19845
vn 0.27193 0.49313 -0.82636
vn 0.42383 0.61032 -0.66924
vn 0.68058 0.58141 -0.44584
vn 0.48829 0.73036 -0.47765
vn 0.60596 0.74137 -0.28841
vn -0.99079 0.00788 -0.13517
vn 0.27235 0.77986 -0.56359
vn 0.23603 0.79109 -0.56433
vn 0.38934 0.90465 -0.17325
vn 0.18787 0.96602 -0.17748
vn 0.83104 0.551 -0.07596
vn 0.76255 0.60233 -0.23604
vn 0.80263 0.47776 -0.35711
vn 0.35858 0.8315 -0.42429
vn 0.32691 0.90756 -0.26356
vn 0.28735 0.72978 -0.62037
vn -0.99145 -0.03801 -0.12483
vn -0.96515 0.02609 -0.26041
vn -0.71732 0.59645 -0.36013
vn -0.90606 0.24021 -0.34837
vn -0.56326 -0.79194 0.23572
vn -0.75386 -0.57896 0.31064
vn 0.29421 -0.90377 0.31088
vn 0.3239 -0.75649 0.56816
vn 0.96098 0.26757 -0.07012
vn -0.37037 0.78274 -0.50014
vn -0.60029 0.56884 -0.56221
vn -0.86902 -0.48012 0.11952
vn -0.19774 0.88155 -0.42868
vn -0.21388 0.73754 -0.64053
vn -0.23906 -0.79362 0.55948
vn -0.11522 -0.95098 0.287
vn 0.10403 -0.87513 0.47258
vn 0.93908 -0.28779 0.18791
vn 0.81074 -0.52771 0.25342
vn 0.31988 0.85376 -0.41082
vn 0.6988 -0.60006 0.38935
vn 0.66089 -0.61286 0.43317
vn -0.53546 -0.7639 0.36019
vn -0.24237 -0.96365 -0.1124
vn -0.22233 -0.97409 -0.04137
vn -0.36107 0.67221 -0.64635
vn -0.32477 0.58268 -0.74499
vn -0.14972 0.80953 -0.56767
vn -0.15078 0.80962 -0.56726
vn -0.1445 0.70354 -0.69581
vn 0.79669 -0.60213 0.05215
vn -0.72667 0.35121 -0.59043
vn -0.60714 0.49267 -0.62342
vn -0.52458 0.703 -0.48021
vn -0.52561 0.70281 -0.47937
vn -0.53134 0.58156 -0.61601
vn 0.56771 0.82122 0.0575
vn 0.45802 0.88531 0.08028
vn -0.95906 0.06176 -0.27638
vn -0.81389 0.50833 -0.28138
vn -0.81393 0.50831 -0.28131
vn -0.82934 0.37249 -0.41647
vn 0.91903 -0.38694 -0.07521
vn -0.98289 -0.17973 0.0404
vn -0.94762 0.3133 -0.06216
vn 0.03194 -0.97214 -0.23223
vn -0.92229 -0.06442 0.38108
vn -0.93972 -0.23184 0.25136
vn -0.9311 0.15548 0.32997
vn -0.16396 0.98644 0.00685
vn -0.16714 0.98591 0.00689
vn -0.5536 -0.77304 0.30973
vn -0.77043 -0.23625 0.59213
vn -0.77958 -0.23415 0.58089
vn -0.82159 -0.38749 0.41815
vn -0.78826 -0.405 0.46327
vn -0.22148 -0.88475 0.41008
vn -0.03433 -0.87509 0.48273
vn -0.10238 -0.66829 0.73682
vn -0.21434 -0.754 0.62092
vn -0.46899 -0.38997 0.79245
vn -0.47077 -0.39013 0.79131
vn -0.53525 -0.55717 0.63488
vn -0.46901 -0.56457 0.67919
vn -0.57714 0.81483 -0.05431
vn 0.37191 -0.69623 0.61396
vn 0.3761 -0.80179 0.46442
vn 0.32855 -0.68451 0.65077
vn -0.0822 -0.44407 0.89222
vn -0.08185 -0.44394 0.89231
vn -0.12651 -0.63841 0.75923
vn -0.0711 -0.61819 0.7828
vn 0.99796 0.01763 0.06144
vn 0.72896 -0.59546 0.33772
vn 0.31628 -0.38737 0.86597
vn 0.31846 -0.38585 0.86585
vn 0.33706 -0.54297 0.76913
vn 0.43865 -0.89846 0.01913
vn 0.92154 -0.29216 0.25575
vn 0.65736 -0.22944 0.7178
vn 0.65947 -0.22668 0.71675
vn 0.69005 -0.39796 0.60453
vn -0.76547 -0.61283 -0.19621
vn -0.60292 -0.79389 -0.07897
vn 0.98099 0.11489 -0.1564
vn 0.99938 0.03528 -0.00119
vn 0.84742 -0.04465 0.52904
vn 0.91457 -0.17297 0.36557
vn -0.81521 0.56974 -0.10411
vn 0.82529 0.38996 -0.40844
vn 0.93616 0.33875 0.09406
vn 0.89296 0.32693 0.30942
vn 0.64913 0.63009 -0.42616
vn 0.65005 0.49289 -0.57836
vn 0.87817 0.47379 -0.06586
vn 0.89501 0.36399 -0.2578
vn -0.14472 0.97726 -0.155
vn -0.45014 0.88309 -0.13235
vn -0.6606 0.74767 0.06777
vn -0.80034 0.5504 0.23774
vn -0.73576 0.33753 0.58714
vn -0.66439 0.12771 0.73639
vn -0.40756 0.01978 0.91297
vn -0.09352 0.01466 0.99551
vn 0.23382 0.00966 0.97223
vn 0.48724 0.18197 0.8541
vn 0.67697 0.31279 0.66624
vn 0.70727 0.59511 0.3816
vn 0.64568 0.75617 0.10634
vn 0.19071 0.96591 -0.17504
vn 0.23462 0.73683 -0.63406
vn 0.24974 0.61672 -0.74651
vn -0.99111 0.01656 -0.13197
vn -0.22985 0.58372 -0.77875
vn 0.14225 0.82368 -0.54893
vn 0.19621 0.6906 -0.69611
vn 0.31136 0.87893 -0.36129
vn 0.36854 0.92874 0.04033
vn 0.16575 0.98491 0.04987
vn 0.81831 0.57216 0.05468
vn 0.7573 0.64928 -0.0702
vn 0.25311 0.95255 -0.16904
vn 0.22701 0.97267 -0.04888
vn 0.23076 0.89714 -0.37669
vn -0.96788 0.18851 -0.16633
vn -0.71891 0.65521 -0.23207
vn -0.66795 0.60352 -0.43544
vn -0.77834 -0.62383 0.0708
vn 0.33409 -0.93878 0.08413
vn 0.46629 -0.84277 0.2689
vn 0.29718 -0.87834 0.37444
vn 0.99476 0.10082 -0.01695
vn -0.39594 0.81123 -0.43027
vn -0.25762 0.93147 -0.25689
vn -0.88574 -0.46341 -0.0268
vn -0.2925 0.91367 -0.28222
vn -0.29348 0.94974 -0.1089
vn -0.08721 -0.94218 0.32357
vn -0.14132 -0.95646 0.25538
vn -0.11324 -0.99256 0.04474
vn 0.1334 -0.97591 0.17261
vn 0.95256 -0.28147 0.11577
vn 0.8244 -0.55052 0.13151
vn 0.43861 0.86951 -0.22708
vn 0.59794 -0.78379 0.16776
vn 0.66281 -0.69067 0.28924
vn -0.3823 -0.91909 0.09552
vn -0.52622 -0.83456 0.16309
vn 0.13137 -0.23665 0.96267
vn -0.02892 -0.3649 0.9306
vn 0.42852 -0.31535 0.84671
vn -0.36906 -0.12494 0.92097
vn -0.243 -0.10154 0.9647
vn 0.2005 -0.82407 -0.52982
vn 0.22372 -0.95437 -0.19783
vn 0.87106 -0.46291 -0.16422
vn 0.75443 -0.65618 0.01605
vn 0.01549 -0.82285 -0.56805
vn -0.56785 -0.79 0.23117
vn 0.01467 -0.91036 0.41357
vn 0.00659 -0.93856 0.34505
vn 0.03131 -0.9246 -0.37964
vn 0.00337 -0.90308 -0.42946
vn -0.66919 -0.73484 -0.11045
vn 0.02871 -0.79541 -0.6054
vn 0.02817 -0.69963 -0.71395
vn 0.15583 0.14966 -0.97638
vn 0.1393 -0.0129 -0.99017
vn 0.0293 0.26205 -0.96461
vn 0.15674 -0.45662 -0.87575
vn 0.1426 -0.60912 -0.78015
vn 0.03881 -0.3284 -0.94374
vn -0.9877 0.15631 -0.00359
vn -0.9231 -0.38047 -0.05586
vn -0.95944 -0.2351 -0.15559
vn -0.94891 -0.25404 -0.18717
vn 0.3727 -0.60824 -0.70081
vn 0.02014 -0.40081 -0.91594
vn -0.20348 0.86156 -0.46509
vn -0.38328 0.85243 -0.35562
vn -0.45536 0.85874 0.23496
vn 0.33099 -0.45312 -0.82772
vn 0.16728 -0.38019 -0.90966
vn 0.10826 -0.15825 -0.98145
vn -0.69741 0.66828 -0.25889
vn -0.54571 0.7459 -0.38188
vn -0.67473 0.62794 -0.38786
vn -0.93678 -0.26345 -0.23029
vn 0.32723 -0.14541 -0.93369
vn -0.00051 0.99283 -0.11952
vn -0.61444 -0.68203 -0.39661
vn -0.54572 -0.76967 -0.33136
vn -0.41843 -0.72961 -0.5409
vn -0.27619 -0.83327 -0.47893
vn -0.33934 -0.85647 -0.38898
vn 0.56884 -0.43271 0.69942
vn 0.37009 -0.62473 0.68756
vn 0.31682 -0.9162 0.24534
vn 0.70227 -0.56316 0.4355
vn 0.03383 -0.49185 0.87002
vn 0.3184 -0.09589 0.94309
vn -0.21192 -0.16078 0.96397
vn -0.4541 -0.14494 0.87908
vn -0.01348 0.99559 0.09285
vn -0.25983 0.9552 -0.14172
vn -0.44062 0.89289 0.09273
vn -0.26347 0.95006 0.16721
vn 0.1716 0.40782 -0.89679
vn 0.0188 0.99972 0.01432
vn 0.12855 -0.15914 0.97885
vn -0.1962 -0.27359 -0.94162
vn -0.01246 -0.4525 -0.89168
vn -0.44073 -0.44963 -0.77691
vn 0.01198 -0.17244 0.98495
vn 0.12245 -0.1617 0.97921
vn -0.00957 -0.20504 -0.97871
vn -0.47596 -0.18 -0.86085
vn 0.30156 -0.0992 0.94827
vn -0.8959 -0.1227 0.42699
vn -0.79781 -0.10097 0.59439
vn 0.27766 0.07958 0.95738
vn -0.87668 -0.05366 0.47807
vn -0.76503 -0.0786 0.63918
vn 0.23036 -0.22276 0.94727
vn -0.83233 -0.12247 -0.54057
vn -0.83008 -0.0249 0.55709
vn -0.72389 -0.0885 0.68422
vn -0.89499 0.08503 0.43791
vn -0.93734 -0.02106 0.34779
vn -0.57279 0.08783 -0.81498
vn -0.56266 0.01106 -0.82661
vn -0.32791 0.24811 -0.91155
vn -0.3232 0.0447 -0.94528
vn 0.99156 0.03794 -0.12394
vn 0.07682 0.98286 -0.16758
vn 0.1114 0.06107 -0.9919
vn -0.6992 0.30972 -0.64435
vn 0.47321 0.70458 -0.52881
vn -0.11953 -0.00742 -0.9928
vn -0.37238 -0.15577 -0.91491
vn -0.93173 -0.35614 0.07108
vn -0.88005 -0.45712 0.12862
vn 0.73216 0.56888 -0.37458
vn 0.84959 0.3734 -0.37252
vn -0.55114 -0.31562 0.77241
vn -0.55648 -0.04049 0.82987
vn -0.0585 -0.70908 0.7027
vn 0.17 -0.63682 0.75203
vn 0.97918 0.2007 -0.03027
vn 0.88515 0.46369 -0.03867
vn -0.9075 -0.15464 -0.39056
vn 0.14075 0.60419 -0.78432
vn 0.06122 0.31897 -0.94579
vn 0.83537 0.2061 0.50959
vn 0.92386 -0.0896 0.3721
vn 0.88768 -0.28456 0.362
vn 0.70192 -0.06281 0.70948
vn 0.68442 0.13222 0.717
vn 0.59285 -0.05475 0.80345
vn 0.42065 0.42233 -0.80292
vn 0.48693 0.54669 -0.6812
vn -0.95071 -0.2235 -0.21496
vn -0.94905 -0.30931 -0.06016
vn -0.93604 -0.30755 -0.17098
vn 0.09371 -0.66226 0.7434
vn -0.97346 -0.20772 -0.09607
vn -0.28724 -0.56221 0.77551
vn -0.3229 -0.6758 0.66259
vn -0.26136 -0.79864 0.54209
vn 0.52248 0.21575 -0.8249
vn 0.56362 0.01013 -0.82598
vn 0.64751 -0.60382 0.46489
vn -0.62567 -0.55965 0.54345
vn -0.55999 -0.31918 0.76455
vn 0.82375 0.25158 -0.50807
vn -0.2534 0.45205 -0.85524
vn -0.19355 0.5203 -0.83176
vn -0.17929 0.21223 -0.96063
vn 0.01365 0.87183 -0.48962
vn -0.03839 0.66695 -0.74411
vn 0.98087 0.12789 -0.14676
vn 0.94952 0.09692 -0.29836
vn -0.89293 -0.00801 -0.45012
vn 0.0307 0.02407 -0.99924
vn -0.18141 -0.06606 -0.98119
vn -0.96391 -0.16707 0.2073
vn -0.66729 0.73292 -0.13244
vn 0.45578 -0.35088 0.81802
vn 0.64828 -0.45049 0.61384
vn -0.48114 0.61684 -0.6229
vn -0.2311 0.83168 -0.50488
vn -0.37974 0.59899 -0.70499
vn -0.60766 -0.68986 0.3935
vn -0.67542 -0.14853 -0.72232
vn -0.66275 -0.01641 -0.74866
vn 0.98238 0.1585 -0.09903
vn -0.96338 -0.11014 0.24446
vn -0.5289 0.03654 0.8479
vn 0.24688 -0.10046 -0.96383
vn 0.01171 -0.15051 -0.98854
vn -0.43124 -0.18442 -0.88319
vn -0.67394 -0.20451 -0.70991
vn 0.74366 0.20147 0.63747
vn 0.95558 0.16845 0.24185
vn -0.96127 -0.17007 -0.21689
vn -0.80392 -0.15 0.57551
vn -0.77373 -0.57036 0.27573
vn -0.73619 -0.25461 0.62706
vn 0.66603 0.24176 -0.70566
vn 0.71214 0.4948 -0.49803
vn 0.17018 0.64478 -0.74518
vn 0.17129 -0.66171 0.72993
vn 0.09997 -0.15962 0.9821
vn -0.09813 0.74633 -0.6583
vn 0.56362 0.15609 0.81115
vn 0.66037 -0.68676 0.30376
vn 0.88375 -0.27458 0.37893
vn 0.80039 0.01976 0.59915
vn -0.92385 0.28752 -0.25265
vn 0.0607 0.88597 -0.45975
vn -0.94258 -0.32413 -0.08051
vn -0.87584 0.38781 -0.28723
vn -0.87046 -0.49098 0.03508
vn 0.66065 0.69624 -0.2807
vn -0.62087 -0.76651 0.16428
vn -0.21348 -0.91299 0.34768
vn 0.19605 -0.93624 0.29159
vn 0.26941 -0.91736 0.29303
vn 0.20465 -0.92019 0.33371
vn -0.49891 0.78574 -0.36564
vn 0.72886 -0.6511 0.21175
vn 0.98663 -0.07125 -0.14656
vn 0.27399 0.92568 -0.26086
vn 0.07285 0.89734 -0.43529
vn 0.12545 0.99205 -0.01024
vn 0.2575 0.80198 -0.53899
vn 0.16256 0.28462 -0.94476
vn -0.48896 0.64336 -0.58907
vn -0.11742 0.24098 -0.9634
vn -0.391 0.13381 -0.91061
vn -0.82943 -0.50766 0.2331
vn -0.80708 -0.43787 0.39609
vn 0.80644 0.5374 -0.24667
vn 0.89481 0.33244 -0.29798
vn -0.53457 -0.41334 0.73715
vn -0.55649 -0.17025 0.81322
vn -0.16044 -0.84802 0.50509
vn 0.07612 -0.82327 0.56253
vn 0.99795 0.06258 -0.01375
vn 0.94217 0.33169 0.04787
vn -0.91071 0.07822 -0.40557
vn 0.26507 0.48128 -0.83553
vn 0.85425 -0.04571 0.51785
vn 0.90118 -0.30898 0.30398
vn 0.83747 -0.48725 0.24744
vn 0.68436 -0.33443 0.64793
vn 0.69635 -0.15009 0.70183
vn 0.57869 -0.33811 0.74216
vn 0.42663 0.60637 -0.67105
vn 0.51338 0.52645 -0.67771
vn 0.63853 0.57335 -0.51337
vn -0.98091 -0.03579 -0.19114
vn -0.99097 -0.03068 -0.13051
vn -0.36554 -0.69376 0.62055
vn -0.40911 -0.85128 0.32857
vn 0.54819 0.34157 -0.76342
vn 0.55915 0.13921 -0.81729
vn 0.55339 -0.78604 0.27551
vn 0.8515 0.25376 -0.45886
vn -0.18108 0.56964 -0.8017
vn -0.96545 0.24829 0.07915
vn -0.98797 0.05831 -0.14321
vn 0.98905 0.0222 -0.14588
vn 0.95356 0.03517 -0.29916
vn -0.78667 0.43615 -0.43694
vn -0.74118 0.33644 -0.58091
vn -0.80341 0.54262 -0.24513
vn -0.89298 0.3381 -0.29712
vn -0.957 -0.16562 0.23815
vn -0.55579 0.7457 -0.36746
vn -0.50687 0.85955 0.06518
vn 0.40024 -0.60613 0.68732
vn 0.5763 -0.67694 0.45786
vn -0.29486 0.85339 -0.42987
vn -0.18646 0.98245 0.00459
vn -0.72377 -0.63691 0.26553
vn -0.78024 -0.59381 0.19648
vn -0.6898 0.13456 -0.71139
vn 0.99497 0.03926 -0.09211
vn -0.96918 -0.03229 0.24421
vn -0.51805 -0.10491 0.84889
vn 0.22975 0.11243 -0.96673
vn -0.01018 0.10366 -0.99456
vn -0.45338 0.10661 -0.88492
vn -0.69644 0.07762 -0.7134
vn 0.76499 -0.07201 0.64001
vn 0.96989 -0.03348 0.24121
vn -0.97576 0.02643 -0.21725
vn -0.81716 -0.1763 0.54878
vn -0.84809 -0.50738 0.15267
vn -0.76527 -0.29895 0.57008
vn 0.694 0.3163 -0.64678
vn 0.77622 0.49974 -0.38438
vn 0.26165 0.78156 -0.56631
vn 0.07379 -0.8417 0.53487
vn 0.07584 -0.4146 0.90684
vn 0.01085 0.89442 -0.4471
vn 0.58027 -0.13408 0.80331
vn 0.55409 -0.82662 0.09838
vn 0.83474 -0.4822 0.26587
vn 0.79484 -0.24426 0.55549
vn -0.87255 0.46833 -0.13899
vn 0.20779 0.95985 -0.18844
vn 0.72588 -0.68478 -0.06462
vn -0.07565 -0.99713 -0.00213
vn -0.94566 -0.31211 -0.09121
vn -0.3957 0.89136 -0.22114
vn -0.91345 -0.40282 -0.05776
vn 0.7544 0.64499 -0.12191
vn -0.73063 -0.68266 -0.01264
vn -0.34331 -0.932 0.1163
vn 0.0604 -0.99698 0.04877
vn 0.0309 -0.99842 0.04684
vn 0.0694 -0.9939 0.08572
vn -0.38043 0.91391 -0.14159
vn 0.71578 -0.69819 0.01359
vn 0.99156 0.03794 -0.12394
vn 0.07682 0.98286 -0.16759
vn 0.1114 0.06107 -0.9919
vn -0.6992 0.30972 -0.64435
vn 0.47321 0.70458 -0.52881
vn -0.11954 -0.00742 -0.9928
vn -0.37238 -0.15577 -0.91491
vn -0.93173 -0.35614 0.07107
vn -0.88005 -0.45712 0.12862
vn 0.73217 0.56888 -0.37458
vn 0.84959 0.3734 -0.37252
vn -0.55114 -0.31562 0.77242
vn -0.55648 -0.04049 0.82987
vn -0.0585 -0.70908 0.7027
vn 0.17001 -0.63682 0.75203
vn 0.97918 0.2007 -0.03027
vn 0.88515 0.46369 -0.03867
vn -0.90749 -0.15463 -0.39057
vn 0.14075 0.60419 -0.78431
vn 0.06122 0.31897 -0.94579
vn 0.83537 0.2061 0.50959
vn 0.92386 -0.0896 0.3721
vn 0.88768 -0.28456 0.362
vn 0.70192 -0.06281 0.70948
vn 0.75198 0.08223 0.65403
vn 0.59276 -0.05435 0.80355
vn 0.42065 0.42233 -0.80292
vn 0.48693 0.54669 -0.6812
vn -0.95071 -0.2235 -0.21496
vn -0.94905 -0.30932 -0.06016
vn -0.93604 -0.30755 -0.17098
vn 0.09371 -0.66226 0.74339
vn -0.97346 -0.20772 -0.09607
vn -0.28724 -0.56221 0.77551
vn -0.3229 -0.6758 0.66259
vn -0.26136 -0.79864 0.54209
vn 0.52248 0.21575 -0.8249
vn 0.56362 0.01013 -0.82598
vn 0.64751 -0.60382 0.4649
vn -0.62567 -0.55965 0.54345
vn -0.55999 -0.31917 0.76455
vn 0.82375 0.25158 -0.50807
vn -0.2534 0.45205 -0.85524
vn -0.19355 0.5203 -0.83176
vn -0.17929 0.21223 -0.96063
vn 0.98102 0.12778 -0.14584
vn 0.95231 0.0997 -0.28838
vn -0.89293 -0.00802 -0.45011
vn 0.93348 -0.2756 0.22948
vn -0.96391 -0.16707 0.2073
vn -0.6673 0.73292 -0.13244
vn 0.45578 -0.35088 0.81801
vn 0.64827 -0.45049 0.61384
vn -0.48114 0.61684 -0.6229
vn -0.2311 0.83168 -0.50488
vn -0.37974 0.59899 -0.70499
vn -0.60765 -0.68986 0.3935
vn -0.67542 -0.14853 -0.72232
vn -0.66275 -0.01641 -0.74866
vn 0.98244 0.15977 -0.09638
vn -0.53444 0.03493 0.84448
vn -0.31757 -0.18472 -0.93007
vn -0.43756 -0.18751 -0.87942
vn 0.74417 0.19819 0.63792
vn -0.78951 -0.20154 -0.5797
vn 0.97898 0.15809 0.12884
vn -0.97543 -0.16347 -0.14769
vn -0.76255 -0.18976 0.61847
vn 0.71909 0.11134 -0.68594
vn -0.73571 -0.37829 0.5618
vn -0.30291 0.00603 0.953
vn 0.26208 0.14279 -0.95442
vn -0.19435 -0.37992 0.90437
vn 0.19966 -0.03226 0.97933
vn -0.19024 -0.07757 -0.97867
vn -0.56831 0.10737 -0.81578
vn 0.66769 -0.10624 0.73682
vn 0.78404 0.07365 0.61632
vn -0.93814 -0.05782 -0.34138
vn -0.94037 -0.21471 -0.26382
vn -0.04343 0.39501 -0.91765
vn 0.7898 0.32828 -0.51812
vn -0.37632 0.30017 -0.87652
vn 0.97188 0.20714 -0.11197
vn -0.9265 -0.34405 0.15239
vn -0.18205 -0.5263 0.83058
vn 0.05605 0.44564 -0.89346
vn 0.06976 -0.52438 0.84862
vn 0.4479 -0.38414 0.80736
vn 0.94152 -0.0422 0.3343
vn 0.99156 0.0816 -0.10071
vn 0.07682 0.97409 0.21271
vn 0.1114 0.42811 -0.89683
vn -0.6992 0.52851 -0.48146
vn 0.47322 0.85135 -0.22643
vn -0.16422 0.35001 -0.92224
vn -0.93173 -0.35684 -0.06748
vn -0.88005 -0.47203 -0.05193
vn 0.73216 0.66776 -0.13427
vn 0.84959 0.48573 -0.20556
vn -0.55114 -0.58194 0.59799
vn -0.55649 -0.34834 0.75431
vn -0.05849 -0.92065 0.38599
vn 0.17 -0.87213 0.4588
vn 0.97918 0.19743 0.0471
vn 0.88515 0.44442 0.13781
vn -0.90738 0.0031 -0.42031
vn 0.14075 0.85395 -0.50095
vn 0.06122 0.64997 -0.75749
vn 0.83537 0.00025 0.54969
vn 0.92385 -0.22244 0.31147
vn 0.88768 -0.39942 0.22908
vn 0.70193 -0.32395 0.63432
vn 0.68442 -0.14593 0.71433
vn 0.59285 -0.35168 0.72447
vn 0.42066 0.6923 -0.58631
vn 0.48693 0.76202 -0.42688
vn -0.95071 -0.12673 -0.28302
vn -0.94905 -0.26427 -0.17163
vn -0.93604 -0.22114 -0.27373
vn -0.97346 -0.15662 -0.16687
vn -0.28724 -0.81174 0.50851
vn -0.3251 -0.87408 0.36096
vn -0.26152 -0.94333 0.20432
vn 0.52248 0.50899 -0.68407
vn 0.56362 0.31873 -0.76207
vn 0.64751 -0.73399 0.20492
vn -0.62567 -0.72245 0.2943
vn -0.6648 -0.50503 0.55044
vn 0.82375 0.42355 -0.37687
vn -0.2534 0.73945 -0.6237
vn -0.19354 0.79394 -0.57636
vn -0.17929 0.55656 -0.81123
vn -0.23352 -0.41858 0.87765
vn 0.0993 -0.64925 0.75406
vn -0.1043 -0.78948 0.60485
vn -0.89293 0.16115 -0.42036
vn 0.73104 -0.13479 0.66889
vn 0.60961 -0.26921 0.74559
vn -0.95947 0.24171 0.14491
vn -0.8235 0.53279 0.19489
vn -0.95446 -0.24337 0.17255
vn -0.6673 0.72918 0.15169
vn 0.45577 -0.63171 0.62707
vn 0.64827 -0.6476 0.40045
vn -0.48114 0.80524 -0.34654
vn -0.2311 0.96024 -0.15666
vn -0.37974 0.81943 -0.42935
vn -0.60767 -0.78702 0.10649
vn -0.71882 0.1135 -0.68587
vn -0.66275 0.26517 -0.70032
vn 0.68752 0.27115 -0.67364
vn -0.52178 -0.28336 0.80465
vn -0.06981 0.22087 -0.9728
vn -0.63849 0.09132 -0.7642
vn 0.74416 -0.05515 0.66572
vn -0.98474 -0.11951 -0.12653
vn 0.85661 0.28509 -0.43004
vn 0.32736 0.58971 -0.73829
vn 0.14938 -0.26536 0.95251
vn -0.10193 -0.36493 0.92544
vn -0.10892 -0.41145 0.9049
vn 0.26103 -0.63829 0.72419
vn -0.4918 0.5474 -0.67711
vn -0.60872 0.25179 -0.75237
vn 0.7759 -0.19476 0.60005
vn -0.87973 0.28902 -0.37756
vn 0.9178 -0.2699 0.29119
vn -0.0139 -0.82698 0.56206
vn -0.61088 -0.62424 0.48699
vn 0.90274 0.22348 -0.36759
vn 0.96417 0.04433 -0.26157
vn -0.95116 0.26636 -0.15605
vn 0.71413 0.45948 -0.52811
vn 0.1794 -0.81037 0.55778
vn -0.60913 0.62123 -0.49299
vn 0.75021 -0.56982 0.33539
vn 0.81438 -0.52186 0.25388
vn -0.95281 0.26242 -0.15258
vn -0.8658 0.352 -0.35565
vn -0.25122 0.90794 -0.33545
vn -0.86462 -0.49189 0.10237
vn -0.31921 -0.94532 0.0669
vn -0.00695 0.69638 0.71764
vn -0.05549 -0.66336 0.74624
vn -0.8658 0.19318 -0.4616
vn -0.25123 0.71623 -0.65107
vn -0.86181 -0.43871 0.25458
vn -0.70794 -0.48314 0.51517
vn -0.27907 -0.85924 0.42874
vn -0.0808 0.99494 -0.05974
vn 0.02654 0.22762 0.97339
vn -0.8658 0.19318 -0.4616
vn -0.25122 0.71623 -0.65108
vn -0.84171 -0.51737 0.15445
vn -0.00695 0.91446 0.40461
vn -0.31317 -0.13838 0.93956
vn 0.8443 -0.16334 -0.51037
vn 0.04396 0.47595 -0.87837
vn -0.13326 0.39294 -0.90986
vn 0.14715 0.23339 -0.96119
vn -0.1504 0.60233 -0.78395
vn -0.95598 0.07348 0.28407
vn -0.99773 -0.06098 0.02847
vn -0.72962 0.08201 -0.67892
vn -0.85208 0.08331 -0.51674
vn -0.99736 -0.06911 0.02235
vn -0.99196 -0.00968 0.12618
vn -0.71193 -0.36803 0.59808
vn -0.75167 -0.09602 0.65251
vn -0.68468 0.13123 0.71693
vn -0.67083 -0.0698 0.73832
vn -0.54856 0.51534 -0.65841
vn -0.47718 -0.52505 0.70472
vn -0.47901 -0.52495 0.70354
vn -0.04982 -0.65666 0.75254
vn -0.09651 -0.67064 0.73548
vn 0.35753 -0.45189 0.81729
vn 0.24451 -0.64296 0.72582
vn -0.4854 0.18189 -0.85516
vn -0.66431 -0.35779 0.65625
vn -0.80817 -0.44503 0.38577
vn 0.76014 -0.4318 0.48553
vn 0.48356 -0.70755 0.51531
vn -0.84952 0.34486 -0.39923
vn 0.06534 0.03775 0.99715
vn -0.98028 0.12655 -0.15176
vn 0.74291 0.57841 -0.33695
vn 0.56539 0.79723 -0.21155
vn -0.68867 -0.36959 0.6238
vn -0.4835 -0.68562 0.5442
vn 0.19497 0.84872 -0.49159
vn 0.21531 0.65088 -0.72801
vn 0.39783 0.88066 -0.25723
vn 0.65736 -0.56185 0.5022
vn 0.47904 -0.73284 0.48318
vn 0.63124 -0.68353 0.3665
vn 0.53723 -0.04176 -0.8424
vn 0.40398 -0.14692 -0.90289
vn -0.97821 0.10543 -0.17885
vn -0.92661 0.31332 -0.20791
vn 0.77022 -0.01984 0.63747
vn -0.58238 -0.02434 -0.81255
vn -0.58728 -0.02884 -0.80887
vn 0.1904 -0.1723 -0.96647
vn 0.65849 -0.19654 -0.72648
vn -0.73659 0.20192 0.6455
vn 0.97568 -0.15721 -0.15273
vn 0.9809 -0.19178 -0.03243
vn 0.91713 -0.16948 0.36076
vn 0.83779 -0.36686 0.40438
vn -0.76927 0.23538 -0.59399
vn 0.43134 -0.79825 0.42041
vn -0.35749 0.7025 -0.61538
vn 0.33219 -0.18434 0.92502
vn -0.32666 0.15277 -0.93271
vn -0.12847 0.91989 -0.37054
vn 0.00256 -0.55977 0.82864
vn 0.3414 0.65967 -0.66954
vn -0.36345 -0.04739 0.93041
vn 0.36393 0.08076 -0.92792
vn 0.89376 0.2836 -0.34752
vn 0.97607 -0.21735 -0.00715
vn 0.48269 0.7526 -0.44788
vn 0.91786 0.29916 -0.26083
vn 0.26331 -0.94612 0.18849
vn 0.84628 -0.52666 0.0802
vn 0.58825 -0.78228 0.20494
vn 0.49355 -0.82347 0.27983
vn -0.15723 0.91119 -0.3808
vn -0.05158 -0.9514 0.30361
vn -8E-05 0.91338 -0.4071
vn -0.35864 -0.85501 0.37463
vn 0.67291 0.66127 -0.33152
vn -0.75689 -0.62032 0.20569
vn -0.93721 -0.31025 0.15929
vn -0.11245 0.96029 -0.25535
vn -0.18547 0.83444 -0.51895
vn 0.5673 0.60695 -0.55659
vn 0.09848 0.15777 -0.98255
vn -0.0286 0.27992 -0.9596
vn 0.9413 -0.33503 0.04138
vn 0.765 -0.6117 0.20149
vn 0.82317 -0.42167 0.38025
vn 0.74285 -0.1955 0.64028
vn 0.64212 -0.36056 0.67652
vn -0.17052 -0.65489 0.73624
vn 0.14958 -0.81078 0.56591
vn -0.02552 -0.92356 0.38261
vn -0.98392 0.06063 0.16802
vn -0.89022 0.3475 0.29455
vn 0.81675 0.10518 -0.56732
vn 0.75616 0.13059 -0.64122
vn -0.09557 0.62173 -0.77738
vn -0.27035 0.74377 -0.61133
vn -0.95632 -0.13355 0.26004
vn -0.97846 -0.20504 -0.0238
vn -0.86177 0.08853 -0.49952
vn -0.97687 -0.21143 -0.032
vn -0.98013 -0.17994 0.08348
vn -0.65048 -0.60254 0.46241
vn -0.7293 -0.35937 0.58222
vn -0.69568 -0.14448 0.70367
vn -0.65367 -0.347 0.67253
vn -0.61739 0.58276 -0.52841
vn -0.39608 -0.74681 0.53422
vn -0.39779 -0.74669 0.53312
vn -0.0219 -0.82455 0.56536
vn 0.00193 -0.81831 0.57478
vn 0.40048 -0.59712 0.69503
vn 0.576 -0.68512 0.44591
vn 0.37571 -0.76488 0.52327
vn 0.40166 -0.74778 0.52867
vn -0.55171 0.24287 -0.7979
vn -0.41936 0.14579 -0.89604
vn -0.60558 -0.60113 0.52146
vn -0.73516 -0.63667 0.23279
vn 0.66938 -0.59669 0.4426
vn -0.89049 0.31201 -0.33119
vn 0.96501 -0.10364 0.24088
vn 0.96375 -0.26372 0.04042
vn 0.85496 -0.15774 0.49413
vn 0.09434 -0.1825 0.97867
vn 0.23588 0.75607 -0.61051
vn 0.98363 0.09647 0.15223
vn -0.98903 0.02042 -0.14631
vn 0.8532 0.37157 -0.36604
vn -0.06033 0.89035 0.45126
vn -0.4652 0.7737 0.43008
vn -0.71131 0.36302 0.60188
vn -0.61341 0.20199 0.7635
vn -0.48815 -0.16319 0.85737
vn -0.27171 -0.25122 0.92901
vn 0.0019 -0.36499 0.93101
vn 0.27592 -0.25245 0.92744
vn 0.504 -0.16039 0.84868
vn 0.65897 0.16679 0.73344
vn 0.71567 0.39494 0.57605
vn 0.43198 0.79565 0.42465
vn 0.07626 0.91481 0.39662
vn -0.62797 -0.60764 0.48623
vn -0.3792 -0.86144 0.33782
vn 0.07052 0.96389 -0.2568
vn 0.13855 0.84161 -0.52202
vn 0.26456 0.96422 -0.01707
vn 0.87367 -0.44892 0.18753
vn 0.73785 -0.63676 0.22386
vn 0.37999 0.3444 -0.85849
vn -0.98646 0.08397 -0.14089
vn 0.76752 -0.07536 0.63658
vn 0.18992 -0.12102 0.97431
vn 0.1899 0.11616 -0.97491
vn -0.39321 -0.11293 0.91249
vn 0.71606 0.082 -0.69321
vn -0.81174 -0.06759 0.5801
vn 0.99079 0.01728 -0.1343
vn 0.93841 -0.15013 0.31119
vn 0.39397 -0.34905 0.85026
vn 0.24519 -0.80087 0.54634
vn 0.29177 -0.92122 0.25735
vn -0.20598 0.43507 -0.87652
vn -0.43322 -0.72514 0.53525
vn -0.35704 -0.38778 0.84979
vn 0.52633 0.37529 -0.76298
vn -0.53983 -0.81778 0.19952
vn 0.85039 0.45682 -0.26105
vn -0.96717 -0.17465 0.18463
vn -0.90511 -0.16433 0.39214
vn 0.98441 0.10071 -0.14418
vn -0.20485 0.95144 -0.22976
vn -0.97915 -0.19564 -0.05458
vn -0.99145 -0.12683 -0.03082
vn 0.93046 -0.36639 -0.00324
vn -0.71193 0.68889 -0.13633
vn 0.75286 -0.65753 0.02921
vn -0.44829 0.88272 -0.14089
vn 0.46236 -0.87987 0.10978
vn -0.42969 0.88964 -0.15463
vn -0.18877 -0.98023 0.05932
vn 0.32616 0.93424 -0.14429
vn -0.5824 -0.81234 0.03022
vn -0.8344 -0.55004 0.03519
vn 0.01365 0.87183 -0.48962
vn -0.08572 0.69621 -0.7127
vn -0.00236 0.17528 -0.98452
vn -0.17047 -0.06846 -0.98298
vn 0.47136 0.26504 -0.84117
vn 0.9548 -0.2925 0.05296
vn 0.6103 -0.26232 0.74748
vn 0.1054 -0.45864 0.88235
vn -0.1043 -0.78948 0.60485
vn -0.95947 0.24171 0.14491
vn -0.8235 0.53279 0.19489
vn 0.8443 -0.16334 -0.51037
vn -0.03786 0.39086 -0.91967
vn -0.18565 0.59861 -0.77923
vn -0.95598 0.07348 0.28407
vn -0.99773 -0.06099 0.02847
vn -0.85143 0.08361 -0.51776
vn -0.99721 -0.07183 0.0203
vn -0.85966 -0.18974 0.47433
vn -0.71193 -0.36803 0.59809
vn -0.75167 -0.09602 0.65251
vn -0.67054 -0.06845 0.73871
vn -0.54856 0.51534 -0.65841
vn -0.47718 -0.52504 0.70472
vn -0.47901 -0.52495 0.70354
vn -0.04981 -0.65666 0.75254
vn -0.0965 -0.67064 0.73548
vn 0.24451 -0.64296 0.72582
vn -0.45009 0.0916 -0.88827
vn -0.35376 0.16378 -0.92089
vn -0.80122 -0.46175 0.38057
vn -0.90845 -0.2405 0.34188
vn -0.79975 -0.46282 0.38235
vn 0.65882 -0.34697 0.66751
vn 0.49723 -0.70915 0.49986
vn -0.84953 0.34485 -0.39922
vn -0.07511 0.04323 0.99624
vn 0.31694 0.53739 -0.78151
vn -0.97991 0.12675 -0.15398
vn 0.74291 0.57841 -0.33695
vn 0.5654 0.79723 -0.21155
vn -0.52094 -0.54156 0.6598
vn -0.45448 -0.34035 0.82317
vn -0.4835 -0.68562 0.5442
vn 0.19497 0.84872 -0.49159
vn 0.23574 0.6555 -0.71746
vn 0.39783 0.88066 -0.25723
vn 0.4795 -0.73264 0.48303
vn 0.59435 -0.49366 0.63486
vn 0.56929 -0.71084 0.41305
vn 0.48314 -0.02342 -0.87523
vn 0.40398 -0.14692 -0.90289
vn 0.45922 0.03254 -0.88773
vn 0.81491 -0.03729 0.57838
vn -0.58211 -0.02409 -0.81275
vn -0.57838 -0.02068 -0.8155
vn 0.40795 0.06254 0.91086
vn -0.15981 0.15493 0.97491
vn 0.17798 -0.16252 -0.97052
vn 0.6585 -0.1975 -0.72621
vn -0.73991 0.20174 0.64175
vn 0.97692 -0.15889 -0.14278
vn 0.94001 -0.17998 -0.28981
vn 0.97822 -0.20309 -0.04295
vn -0.90011 0.17727 -0.39796
vn 0.69103 -0.32113 0.64758
vn -0.35958 0.37723 -0.85346
vn 0.33742 -0.10023 0.936
vn -0.21871 0.12023 -0.96835
vn 0.30029 0.29439 -0.90728
vn -0.42082 -0.37706 0.82507
vn 0.49721 0.00623 -0.86761
vn 0.97768 -0.11775 -0.174
vn 0.72591 -0.50395 0.46807
vn -0.79555 -0.23033 0.5604
vn -0.8487 0.30506 -0.43202
vn -0.97611 0.19646 -0.0928
vn -0.65666 0.4204 -0.62615
vn 0.65697 -0.48457 0.57757
vn 0.24661 -0.52909 0.81194
vn -0.14082 -0.49505 0.85738
vn 0.30487 0.36111 -0.88128
vn 0.63141 0.23128 -0.74016
vn 0.87944 0.03191 -0.47493
vn -0.96091 -0.00031 0.27688
vn 0.01365 0.99175 -0.12747
vn -0.08572 0.91246 -0.40009
vn -0.14555 0.3008 -0.94252
vn 0.59847 0.52058 -0.60896
vn 0.66247 0.34343 -0.66573
vn 0.07606 0.39096 -0.91726
vn -0.06804 0.47333 -0.87825
vn 0.74931 -0.60012 0.27999
vn 0.72456 -0.34179 0.59849
vn 0.6211 -0.53224 0.57529
vn -0.23226 -0.70995 0.66485
vn 0.0993 -0.88441 0.45602
vn -0.1043 -0.95855 0.26515
vn -0.95947 0.16985 0.22489
vn -0.8235 0.42102 0.38024
vn 0.84687 0.03678 -0.53053
vn -0.06803 0.64315 -0.76271
vn -0.18565 0.84688 -0.49832
vn -0.95598 -0.03826 0.29091
vn -0.99773 -0.06721 0.00356
vn -0.72399 0.32622 -0.6078
vn -0.83433 0.27905 -0.47542
vn -0.99711 -0.07532 -0.00994
vn -0.71193 -0.56524 0.41673
vn -0.75166 -0.33341 0.56907
vn -0.65846 -0.34525 0.66876
vn -0.47045 0.66915 -0.57526
vn -0.54817 0.73248 -0.40371
vn -0.47717 -0.75076 0.45679
vn -0.47902 -0.75023 0.45574
vn 0.3019 -0.33097 0.89404
vn 0.41094 -0.3054 0.85899
vn -0.04982 -0.89071 0.45184
vn -0.09651 -0.89728 0.43079
vn 0.35765 -0.72457 0.58914
vn 0.2445 -0.868 0.43219
vn -0.50594 0.48402 -0.71397
vn -0.76425 -0.60981 0.20989
vn -0.7439 -0.47118 0.47392
vn -0.79975 -0.57233 0.18118
vn 0.65946 -0.57066 0.48935
vn 0.49724 -0.84475 0.19789
vn -0.73107 0.46624 -0.49816
vn -0.84426 0.46172 -0.2721
vn -0.10697 -0.35042 0.93046
vn 0.00261 -0.57381 0.81898
vn 0.31694 0.79097 -0.52337
vn 0.89909 0.20157 -0.3886
vn 0.73919 -0.34293 0.57965
vn 0.74291 0.6625 -0.0958
vn 0.5654 0.81844 0.10242
vn -0.09094 -0.35039 0.93218
vn -0.51815 -0.7365 0.43485
vn -0.48349 -0.83954 0.24781
vn 0.19497 0.97106 -0.13795
vn 0.23575 0.87649 -0.41975
vn 0.39783 0.9129 0.09132
vn 0.77969 -0.58908 0.21228
vn 0.4795 -0.86022 0.17349
vn 0.63137 -0.77201 0.07337
vn 0.55231 0.26816 -0.78933
vn 0.40491 0.20027 -0.89215
vn -0.97921 0.12022 -0.1634
vn -0.71859 0.26679 -0.64223
vn 0.3338 -0.27619 0.90127
vn -0.28328 0.27265 -0.91947
vn -0.33003 -0.18864 0.92493
vn 0.556 0.12658 -0.82149
vn -0.79155 -0.03376 0.61017
vn -0.9727 0.08676 0.21524
vn 0.97476 -0.08821 -0.20509
vn 0.99876 0.02363 -0.04383
vn -0.83106 0.28292 -0.47885
vn 0.65358 -0.32203 0.68493
vn 0.30228 -0.48122 0.82283
vn 0.38277 -0.59991 0.70256
vn 0.3094 0.65068 -0.69346
vn 0.28011 0.38318 -0.88018
vn -0.31546 -0.62789 0.7115
vn 0.78844 0.35368 -0.50327
vn 0.8805 0.12686 -0.45675
vn -0.92025 -0.25595 0.29603
vn -0.8629 0.29903 -0.40741
vn -0.66664 0.49914 -0.55359
vn 0.71926 -0.51293 0.46858
vn -0.44503 0.6271 -0.63929
vn -0.08382 0.73506 -0.6728
vn -0.02763 -0.7884 0.61454
vn 0.29257 0.72885 -0.61901
vn 0.4832 0.6735 -0.55939
vn -0.54757 -0.70549 0.44994
vn -0.71151 -0.59628 0.37177
vn 0.91158 0.34677 -0.22084
vn -0.97586 -0.21691 0.0253
vn 0.82934 0.49016 -0.2682
vn 0.89708 0.27784 -0.34359
vn 0.85086 -0.51954 -0.07819
vn 0.75584 -0.63732 0.15013
vn 0.79653 -0.46976 0.3806
vn 0.83811 -0.54547 -0.00613
vn 0.9194 -0.38188 -0.09416
vn 0.0347 0.87906 0.47544
vn -0.2775 0.72168 0.63417
vn -0.63333 0.37286 0.67814
vn -0.4819 -0.21133 0.85036
vn -0.0151 -0.48178 0.87616
vn 0.00529 -0.1645 0.98636
vn 0.38757 0.78099 0.48974
vn 0.21413 0.83845 0.50114
vn 0.82935 0.35404 -0.43225
vn 0.89708 0.12894 -0.42264
vn 0.85086 -0.51101 0.12208
vn 0.75583 -0.53471 0.3779
vn 0.79648 -0.29472 0.52799
vn 0.84023 -0.50686 0.19263
vn 0.90717 -0.415 0.0694
vn 0.0347 0.99315 0.11162
vn -0.2775 0.90667 0.31772
vn -0.63333 0.59969 0.48914
vn -0.4819 0.12253 0.86762
vn -0.0151 -0.11857 0.99283
vn -0.03398 -0.47832 0.87753
vn 0.00515 0.89878 0.43837
vn 0.4007 0.90348 0.1522
vn 0.21413 0.96512 0.15065
vn 0.82935 0.35404 -0.43225
vn 0.89708 0.12894 -0.42264
vn 0.85946 -0.49867 0.11249
vn 0.82547 -0.52069 0.21792
vn 0.90991 -0.40901 0.06904
vn 0.04325 0.99059 0.12986
vn -0.32825 0.91501 0.23453
vn -0.63503 0.59948 0.4872
vn -0.4819 0.12253 0.86762
vn -0.0151 -0.11857 0.99283
vn 0.0053 0.21688 0.97618
vn 0.38757 0.90757 0.1616
vn 0.19025 0.96209 0.19542
vn 0.9677 0.0136 -0.25174
vn 0.9935 -0.05451 0.09991
vn 0.10075 0.02687 -0.99455
vn 0.47052 -0.1433 -0.87068
vn -0.5564 -0.23993 -0.79552
vn 0.44166 0.09176 -0.89248
vn 0.59362 -0.00444 -0.80473
vn -0.31555 -0.21787 -0.92356
vn -0.87906 -0.15678 0.45019
vn -0.84979 -0.28255 0.445
vn 0.86148 4E-05 -0.50779
vn -0.49292 0.08975 0.86543
vn 0.07319 -0.1767 0.98154
vn 0.21843 0.04581 0.97478
vn 0.88514 0.46093 -0.06378
vn -0.77606 -0.19923 -0.59836
vn -0.79854 -0.18507 -0.57278
vn 0.99737 0.04086 0.05979
vn 0.91557 0.18908 0.35493
vn 0.87356 -0.0841 0.47939
vn 0.4605 0.15871 0.87336
vn 0.90288 0.14301 0.40541
vn 0.46296 -0.09776 -0.88097
vn -0.35036 0.20794 0.91324
vn 0.05019 -0.03833 0.998
vn -0.3648 -0.21602 0.90568
vn -0.18332 -0.04025 0.98223
vn -0.34896 0.26011 0.90032
vn -0.40209 -0.11069 0.90889
vn 0.48677 -0.14132 -0.86202
vn 0.65721 -0.16687 -0.735
vn 0.41111 -0.12997 0.90227
vn 0.79606 0.0352 0.60419
vn -0.60859 0.25229 0.75231
vn -0.98855 0.02874 -0.14814
vn 0.1812 0.16447 0.9696
vn 0.10531 0.97769 -0.18173
vn 0.02536 0.92949 0.36796
vn -0.93011 -0.23958 -0.27839
vn -0.83072 -0.26551 -0.4893
vn -0.94404 -0.0634 -0.32368
vn -0.96065 -0.02089 -0.27698
vn -0.92161 0.04554 0.38544
vn -0.57717 -0.13606 -0.80521
vn 0.1071 0.26422 0.9585
vn 0.20504 0.04726 0.97761
vn -0.40972 0.44918 -0.79396
vn -0.20348 0.17036 -0.96414
vn -0.53828 -0.02733 0.84232
vn -0.85418 -0.17866 -0.48832
vn -0.99723 0.07433 0.00364
vn -0.21508 -0.96318 0.1613
vn 0.14542 0.98702 0.06817
vn 0.16607 -0.62332 0.76413
vn -0.71082 0.68181 -0.17281
vn 0.53192 0.84037 0.1041
vn -0.45877 -0.86546 0.20125
vn 0.54565 -0.83669 -0.04703
vn -0.86467 -0.49546 -0.08285
vn -0.76328 0.60409 0.2291
vn 0.40657 -0.89574 0.17984
vn -0.87392 0.47946 -0.07981
vn 0.99845 0.03645 0.04199
vn 0.99808 0.05339 -0.03148
vn 0.98974 -0.12194 0.0744
vn 0.79466 0.57663 0.18979
vn 0.99877 0.0334 -0.03655
vn 0.83221 -0.34373 0.43506
vn 0.6695 -0.56932 0.47712
vn -0.92089 0.38941 0.01791
vn -0.92862 0.34467 0.13736
vn -0.86193 0.45054 -0.23257
vn -0.36394 0.92442 0.11398
vn -0.05094 0.87957 -0.47304
vn -0.82298 -0.56711 -0.03303
vn -0.7687 -0.5517 0.32362
vn 0.52243 -0.79618 -0.30521
vn 0.34066 -0.83456 0.43297
vn 0.38443 -0.91406 -0.12927
vn 0.58455 0.70438 -0.40269
vn -0.24144 0.91856 0.31299
vn -0.40352 0.79241 -0.45746
vn 0.93143 -0.27967 -0.23285
vn 0.73637 -0.46806 -0.48854
vn -0.95097 -0.23928 -0.19595
vn -0.99147 0.10102 0.08236
vn 0.97949 -0.13264 -0.1517
vn -0.85513 -0.42804 -0.29247
vn 0.82713 -0.44224 -0.34682
vn 0.90113 -0.3197 -0.29285
vn 0.80821 0.34671 0.47602
vn 0.60009 0.5555 0.5756
vn 0.74583 0.56454 0.35359
vn -0.61957 0.54673 0.56322
vn 0.66693 0.46514 0.58211
vn 0.19413 -0.79319 -0.5772
vn 0.08853 -0.86974 -0.4855
vn -0.12136 -0.63198 -0.76543
vn -0.33762 -0.68426 -0.64638
vn -0.62448 -0.6825 -0.37975
vn 0.54033 -0.24111 -0.80617
vn 0.37323 -0.21353 -0.90283
vn -0.59484 0.28633 -0.75111
vn 0.93748 -0.1343 0.32108
vn -0.71845 0.28414 -0.6349
vn -0.77917 0.53526 -0.32618
vn 0.13194 -0.07206 0.98863
vn -0.09598 -0.17634 0.97964
vn 0.75096 0.03734 0.65929
vn -0.48443 -0.28363 -0.82757
vn 0.20756 -0.144 -0.96757
vn -0.72189 0.12895 -0.67988
vn -0.65353 -0.04415 0.75561
vn -0.12795 -0.39715 0.90879
vn -0.86625 -0.29936 0.4
vn -0.47502 0.75866 -0.44587
vn 0.83764 -0.17709 -0.51672
vn 0.95659 -0.14349 -0.25366
vn -0.23387 -0.1048 -0.9666
vn -0.97765 -0.04648 0.20503
vn -0.71634 0.10795 0.68935
vn -0.77809 0.41777 0.4691
vn -0.89704 0.12419 0.42414
vn -0.55969 0.22861 0.79654
vn -0.62019 -0.05344 -0.78263
vn -0.47187 0.06459 0.8793
vn -0.48699 0.05895 0.87142
vn 0.3241 0.2079 0.9229
vn -0.07531 0.01321 0.99707
vn -0.09806 0.00467 0.99517
vn 0.20841 0.02934 0.9776
vn 0.33055 -0.21144 0.9198
vn 0.35321 -0.02033 0.93532
vn 0.31915 -0.03896 0.9469
vn -0.52816 -0.12592 -0.83975
vn -0.84928 0.02401 0.52739
vn 0.65039 -0.00148 0.7596
vn 0.32162 0.16469 0.93244
vn -0.69842 -0.1105 -0.70711
vn -0.13709 0.17145 0.97561
vn 0.05133 -0.14907 -0.98749
vn -0.50455 -0.25432 -0.82508
vn -0.43428 -0.49702 -0.75125
vn -0.71355 -0.24886 -0.65492
vn 0.89293 -0.24849 -0.37541
vn 0.89608 0.06265 0.43945
vn 0.59344 0.41963 -0.68683
vn 0.66347 0.19358 -0.72273
vn 0.28015 -0.06786 -0.95756
vn 0.18714 0.52385 -0.831
vn 0.4878 -0.23812 0.83985
vn 0.40666 0.66981 0.62127
vn 0.10687 -0.43254 -0.89526
vn 0.09314 -0.30704 -0.94713
vn 0.19945 -0.35498 -0.91335
vn 0.95301 0.27696 0.12276
vn 0.036 -0.28435 -0.95805
vn -0.46415 -0.3644 -0.80733
vn -0.69775 0.51157 0.50145
vn -0.95869 0.24732 0.14052
vn -0.95315 0.11738 0.2788
vn -0.92686 0.20639 0.3136
vn 0.10821 -0.77932 -0.61721
vn -0.98347 0.05879 0.17124
vn -0.99885 -0.02902 0.03821
vn -0.37015 0.55411 0.74562
vn -0.93554 0.15117 0.31922
vn -0.64737 0.4024 0.64729
vn -0.79539 0.37807 0.47373
vn -0.77735 0.22854 0.58609
vn -0.29256 0.42306 0.85757
vn -0.48108 0.25777 0.83792
vn 0.42611 -0.29069 -0.8567
vn 0.30988 -0.33584 -0.88949
vn 0.14757 -0.50953 -0.8477
vn -0.56115 -0.57093 -0.59929
vn -0.55562 -0.28581 -0.78077
vn -0.65075 -0.39312 -0.6496
vn -0.79406 -0.13789 -0.59199
vn -0.38011 0.74301 0.55087
vn -0.44824 0.57507 0.68438
vn -0.98646 0.07899 0.14373
vn 0.34457 -0.56737 -0.74791
vn -0.12998 0.36265 0.92282
vn 0.09851 0.54018 0.83576
vn -0.87518 -0.28334 -0.39215
vn 0.5379 0.23001 0.81102
vn 0.99909 0.02267 0.03625
vn 0.83922 0.23426 0.49074
vn 0.85418 0.18269 0.48683
vn 0.58769 -0.33602 -0.73602
vn 0.91337 -0.18026 -0.36505
vn 0.89285 -0.11669 -0.43497
vn 0.83333 0.18703 0.52018
vn 0.89028 0.21035 0.40393
vn 0.98871 -0.06484 -0.13505
vn -0.04745 0.34875 0.93601
vn -0.24841 0.27545 0.92866
vn 0.24081 0.39796 0.88523
vn 0.2781 0.49621 0.82246
vn 0.73989 -0.05629 -0.67037
vn 0.69067 0.39231 -0.60751
vn 0.01736 0.13009 -0.99135
vn 0.94834 -0.29808 -0.10861
vn 0.4527 -0.82508 -0.3381
vn -0.02288 0.55755 0.82983
vn -0.00131 0.91205 0.41008
vn 0.06533 0.75331 -0.65441
vn -0.63402 0.53172 -0.5615
vn -0.56812 0.56072 -0.60236
vn 0.99936 0.03392 -0.01112
vn 0.99492 -0.04971 0.08756
vn 0.55649 -0.57427 0.60045
vn 0.65694 -0.51483 0.5508
vn 0.37223 -0.58662 0.71925
vn 0.55082 -0.62981 0.54767
vn -0.83991 -0.38178 0.38573
vn -0.71685 -0.40331 0.56874
vn 0.2873 0.60837 -0.73982
vn -0.06875 -0.67065 0.73858
vn -0.86631 -0.33179 0.3734
vn 0.12325 0.74326 -0.65755
vn 0.39948 0.7024 -0.58911
vn 0.42428 0.6098 -0.66943
vn 0.96522 0.17253 -0.19641
vn -0.53918 -0.52411 0.65924
vn -0.43292 -0.67694 0.59526
vn -0.96372 -0.17756 0.19927
vn -0.68754 0.56045 -0.46172
vn -0.13286 -0.67352 0.72713
vn 0.35786 -0.65295 0.66753
vn 0.96764 -0.16131 0.19407
vn 0.45155 0.61997 -0.64167
vn -0.07719 0.68666 -0.72287
vn -0.53038 -0.53372 0.65867
vn -0.49292 -0.67637 0.5473
vn 0.90031 0.32179 -0.29307
vn 0.97347 0.15396 -0.16929
vn 0.988 0.10227 -0.11578
vn -0.99582 -0.06122 0.06773
vn -0.94729 -0.17563 0.26794
vn -0.07203 0.64496 -0.76082
vn 0.98047 -0.07696 0.181
vn 0.13696 0.71049 0.69025
vn 0.09834 0.98491 -0.14244
vn 0.43724 0.88518 -0.15897
vn 0.11112 0.87587 0.46957
vn 0.24621 0.84535 -0.4741
vn 0.07121 0.92803 -0.36564
vn 0.29691 0.91207 0.28281
vn 0.16362 0.4925 0.8548
vn 0.31128 0.74764 -0.58663
vn -0.01484 0.99141 0.12993
vn 0.75632 0.52172 0.3947
vn 0.4625 0.8296 0.31282
vn 0.65765 0.52882 -0.53651
vn 0.49718 0.35325 0.79248
vn 0.42548 0.6231 0.65629
vn 0.29716 0.52821 -0.79542
vn 0.82399 0.55778 -0.09963
vn 0.9755 0.19589 -0.10018
vn 0.91011 0.21314 -0.35535
vn 0.32858 0.09971 0.9392
vn 0.7679 0.0564 -0.63808
vn 0.50822 0.3359 0.79302
vn 0.70472 0.06333 0.70666
vn 0.66759 0.2321 0.70743
vn 0.54897 0.12957 -0.82574
vn 0.53228 0.17301 -0.8287
vn 0.73138 -0.37766 -0.56785
vn 0.93971 -0.32273 0.11308
vn 0.55797 -0.30016 -0.77368
vn 0.92058 -0.09482 -0.37886
vn 0.93676 -0.19565 -0.29016
vn 0.90101 -0.32301 -0.28956
vn 0.85007 -0.32659 0.41319
vn 0.9293 0.0397 0.3672
vn 0.40442 -0.06998 0.91189
vn 0.66117 -0.69652 -0.27877
vn 0.594 -0.7575 -0.27084
vn 0.75382 -0.59543 0.27789
vn 0.17457 -0.2157 0.96073
vn 0.68641 -0.41774 -0.59526
vn 0.4267 -0.64006 -0.63895
vn 0.55149 -0.82626 0.11464
vn 0.45069 -0.42305 0.78607
vn 0.45736 -0.30537 -0.83521
vn 0.55517 -0.58882 0.58743
vn 0.12627 -0.53626 -0.83455
vn 0.2328 -0.95769 -0.1692
vn 0.38715 -0.81016 0.44017
vn 0.38294 -0.73421 0.56063
vn 0.03049 -0.87118 0.49002
vn 0.24606 -0.93544 0.25378
vn 0.07291 -0.78595 -0.61397
vn 0.1107 -0.99044 0.08229
vn -0.26148 -0.72147 -0.64118
vn -0.1536 -0.62368 0.76644
vn -0.2609 -0.4803 -0.8374
vn -0.16509 -0.86566 0.47263
vn 0.03341 -0.29468 -0.95501
vn -0.10405 -0.9314 -0.3488
vn -0.26695 -0.92846 -0.25825
vn -0.24489 -0.93421 -0.25937
vn -0.41364 -0.79404 -0.44542
vn -0.34744 -0.91277 0.2148
vn -0.21395 -0.34827 -0.91265
vn -0.65528 -0.71223 -0.25167
vn -0.75903 -0.58222 -0.29137
vn -0.58408 -0.76451 0.2727
vn -0.3927 -0.29392 0.87144
vn -0.55312 -0.54624 -0.62903
vn -0.84302 -0.52877 0.09855
vn -0.36769 -0.48388 0.79414
vn -0.77954 -0.4261 0.45909
vn -0.51312 -0.67472 0.53053
vn -0.6891 -0.13029 0.71286
vn -0.96225 -0.2087 -0.1747
vn -0.83084 -0.17704 0.5276
vn -0.29256 -0.15931 -0.94288
vn -0.90259 -0.16818 -0.3963
vn -0.85233 -0.30292 0.42635
vn -0.41157 -0.26751 0.87123
vn -0.69216 -0.28658 -0.66241
vn -0.81611 -0.32008 -0.48116
vn -0.98525 -0.08814 0.14666
vn -0.30674 -0.0084 0.95176
vn -0.76468 0.0848 -0.6388
vn -0.71101 0.32223 -0.625
vn -0.98518 0.03515 0.1679
vn -0.86835 0.48126 0.11985
vn -0.68238 0.01088 0.73092
vn -0.92833 0.33003 -0.17111
vn -0.78307 0.16108 0.60071
vn -0.72884 0.37265 0.57439
vn -0.89798 0.25008 -0.36207
vn -0.88618 0.07154 0.45778
vn -0.79626 0.43748 0.41782
vn -0.47449 0.7088 0.52197
vn -0.8121 0.52297 -0.25883
vn -0.47891 0.84331 0.24387
vn -0.69213 0.54402 -0.47435
vn -0.54529 0.67473 -0.4974
vn -0.77837 0.61626 0.11987
vn -0.51401 0.29026 0.80718
vn -0.52487 0.37893 -0.76219
vn -0.40404 0.54644 -0.73359
vn -0.67476 0.73602 -0.05453
vn -0.61869 0.7831 -0.06302
vn -0.12713 0.52121 -0.84391
vn -0.04633 0.69185 -0.72055
vn -0.28477 0.80363 0.52258
vn -0.1718 0.2465 -0.95379
vn -0.25914 0.9328 -0.25047
vn -0.2965 0.92393 0.24173
vn -0.09557 0.15309 -0.98358
vn -0.13591 0.40297 0.90507
vn -0.22764 0.43659 0.87038
vn -0.22803 0.80124 -0.55319
vn -0.09049 0.62733 0.77348
vn -0.36168 0.91729 -0.16662
vn -0.16212 0.95094 -0.26351
vn -0.15376 0.87619 0.45677
vn -0.24658 0.74885 -0.61516
vn -0.1214 0.83591 -0.53527
vn -0.15999 0.97501 0.15416
vn -0.08647 0.98685 0.13656
vn -0.77478 0.54899 -0.31356
vn -0.46409 0.84354 0.27031
vn -0.64996 0.75656 0.07191
vn -0.55381 0.38612 0.73771
vn -0.57548 0.23658 -0.78285
vn -0.44476 0.67678 0.58665
vn -0.93286 0.3457 -0.10128
vn -0.75913 0.0675 0.64743
vn -0.30885 0.13501 -0.94148
vn -0.86806 0.43411 -0.24088
vn -0.92047 0.24454 0.30486
vn -0.52277 0.16966 0.83542
vn -0.52604 0.27699 -0.80409
vn -0.79151 -0.34375 -0.50533
vn -0.99309 0.01256 0.11669
vn -0.53459 -0.19076 0.8233
vn -0.78844 -0.02903 0.61442
vn -0.43683 -0.14076 -0.88847
vn -0.55229 -0.09268 -0.82848
vn -0.96946 -0.06543 -0.23638
vn -0.91523 -0.29672 0.2726
vn -0.91169 -0.00045 0.41087
vn -0.44677 -0.08432 0.89067
vn -0.12104 -0.04416 0.99166
vn -0.64394 -0.7041 -0.2993
vn -0.65195 -0.6419 0.40364
vn -0.23321 -0.37057 0.89905
vn -0.68517 -0.71106 0.15793
vn -0.49311 -0.43484 0.75349
vn -0.32509 -0.45977 0.82639
vn -0.86562 -0.48226 -0.13461
vn -0.24796 -0.36216 -0.89853
vn -0.3641 -0.32147 -0.87412
vn -0.32764 -0.74312 0.58346
vn -0.15994 -0.47642 -0.86455
vn -0.3311 -0.85013 -0.40945
vn -0.19543 -0.9315 -0.3068
vn 0.00828 -0.12038 -0.99269
vn -0.1918 -0.36513 0.91098
vn -0.02928 -0.62515 0.77995
vn 0.19791 -0.42336 0.88408
vn 0.35593 -0.76127 -0.54202
vn 0.10872 -0.99048 0.08446
vn 0.36969 -0.91754 0.14643
vn 0.22612 -0.75426 0.61641
vn 0.06283 -0.88129 0.46837
vn 0.16494 -0.84338 0.51138
vn 0.29437 -0.70899 0.64084
vn 0.1269 -0.43524 -0.89133
vn 0.08704 -0.47768 -0.87421
vn 0.16297 -0.91042 -0.38022
vn -0.00678 -0.95454 0.29802
vn 0.28841 -0.38063 -0.8786
vn 0.6293 -0.69783 -0.34206
vn 0.69525 -0.55802 -0.45303
vn 0.78175 -0.56645 0.26076
vn 0.35938 -0.4962 0.79034
vn 0.56883 -0.66848 0.47913
vn 0.56621 -0.20106 0.79936
vn 0.53522 -0.11341 0.83706
vn 0.54845 -0.20457 -0.81078
vn 0.91004 -0.39968 -0.1099
vn 0.71366 -0.38243 0.58688
vn 0.45053 -0.06357 -0.89049
vn 0.91853 -0.26837 -0.29032
vn 0.92591 -0.24927 0.28382
vn 0.83281 -0.44103 0.33454
vn 0.43756 -0.05583 0.89745
vn 0.27847 -0.11237 0.95385
vn 0.7397 -0.28992 -0.60728
vn 0.42183 0.18131 0.88836
vn 0.81057 0.27643 -0.5163
vn 0.97395 0.19514 0.11551
vn 0.7294 -0.0543 -0.68193
vn 0.78934 0.28589 0.54333
vn 0.43431 0.16834 -0.88489
vn 0.48102 0.10813 -0.87001
vn 0.91313 0.30249 -0.27332
vn 0.95212 0.21244 -0.21984
vn 0.9205 0.07337 0.38379
vn 0.54914 0.62659 0.55302
vn 0.29645 0.39597 -0.86909
vn 0.39127 0.31393 -0.86507
vn 0.64623 0.67131 -0.36296
vn 0.64945 0.70021 0.2965
vn 0.51171 0.60876 -0.60627
vn 0.51916 0.69005 -0.50429
vn 0.86821 0.47306 0.14975
vn 0.43719 0.43505 0.78714
vn 0.67821 0.71782 -0.15736
vn 0.83634 0.54279 -0.07687
vn 0.20636 0.70963 0.67367
vn 0.17861 0.61845 -0.76526
vn 0.36632 0.91826 -0.15034
vn 0.09189 0.98838 -0.12111
vn 0.3303 0.83161 -0.44647
vn 0.20995 0.89339 0.3972
vn 0.07047 0.45643 0.88696
vn 0.13996 0.84636 -0.51389
vn 0.32842 0.9399 0.0934
vn -0.58016 0.05636 0.81255
vn -0.87732 0.00322 0.47989
vn -0.53213 -0.02649 0.84625
vn -0.74507 -0.02328 0.66658
vn 0.72221 -0.05806 0.68923
vn 0.8466 0.05041 0.52983
vn 0.83223 -0.04076 0.55292
vn 0.74802 0.08315 0.65845
vn 0.93406 0.02557 0.35619
vn 0.7635 -0.02161 0.64545
vn 0.51606 -0.03323 0.85591
vn 0.58462 0.05598 0.80937
vn 0.56745 0.04087 0.82239
vn 0.58193 -0.15962 0.79742
vn 0.76271 0.03203 0.64594
vn 0.80709 -0.09146 0.5833
vn -0.00946 -0.07894 -0.99683
vn 0.56957 -0.12435 0.81248
vn 0.10899 0.04458 -0.99304
vn 0.04713 0.02406 -0.9986
vn 0.17408 0.10349 -0.97928
vn 0.18745 -0.05806 -0.98056
vn 0.55452 -0.10507 -0.82551
vn -0.01366 -0.17364 -0.98471
vn -0.47763 -0.11392 -0.87114
vn -0.95409 -0.01719 0.29901
vn 0.0457 0.02707 -0.99859
vn -0.75626 -0.05332 0.6521
vn 0.29484 -0.08746 -0.95154
vn -0.07503 0.01146 -0.99712
vn -0.88081 -0.09372 0.46409
vn -0.61978 -0.08942 0.77967
vn -0.1057 0.02118 -0.99417
vn -0.15219 0.0555 -0.98679
vn -0.17517 -0.13903 -0.97467
vn 0.00475 -0.1414 -0.98994
vn 0.39161 -0.1237 -0.91178
vn 0.21812 -0.19837 -0.95555
vn -0.97439 -0.13645 0.17872
vn 0.00039 -0.20685 -0.97837
vn 0.46598 -0.18039 -0.86621
vn -0.96798 -0.2232 0.11493
vn -0.00767 -0.01339 -0.99988
vn 0.00526 -0.40655 0.91362
vn -0.19007 -0.02157 -0.98153
vn -0.01434 -0.00702 -0.99987
vn -0.42909 -0.047 -0.90204
vn -0.27966 -0.09027 -0.95585
vn -0.99504 -0.04378 -0.0893
vn 0.94206 -0.02447 0.33454
vn -0.99916 0.02302 -0.034
vn -0.34835 0.12318 0.92924
vn -0.99887 -0.02779 -0.03845
vn -0.99084 -0.06604 -0.11778
vn -0.85881 -0.18659 -0.47711
vn -0.34898 0.04356 0.93612
vn -0.34154 0.23809 0.90921
vn -0.03369 -0.09416 0.99499
vn -0.54119 -0.07732 0.83734
vn 0.78092 -0.12366 0.61227
vn -0.99989 -0.00073 0.01514
vn -0.92577 -0.25919 0.27525
vn -0.53798 -0.14366 0.83062
vn 0.96237 -0.24954 0.1076
vn 0.86113 -0.10167 -0.49811
vn 0.9562 -0.10001 -0.27511
vn 0.98312 -0.18185 0.02041
vn 0.74691 -0.1107 -0.65564
vn 0.912 -0.40999 -0.01237
vn 0.97354 -0.22083 -0.05873
vn 0.95305 -0.21657 0.21163
vn 0.87518 -0.32565 0.35779
vn -0.82602 0.04312 -0.56199
vn -0.10257 -0.93334 -0.34402
vn -0.85068 0.01608 -0.52543
vn 0.08595 -0.90998 -0.40565
vn 0.42715 -0.86159 -0.27423
vn 0.74178 -0.66704 -0.06941
vn 0.01328 -0.89974 -0.43623
vn 0.84031 -0.0575 0.53905
vn 0.89061 -0.44338 -0.1011
vn 0.73691 -0.28807 -0.61154
vn 0.57062 -0.28823 0.76897
vn -0.1223 -0.8408 -0.52735
vn -0.03125 -0.86106 -0.50755
vn 0.00213 -0.90008 -0.43572
vn -0.0191 -0.92318 -0.3839
vn 0.71616 -0.11668 -0.68811
vn 0.76578 -0.05763 0.64052
vn 0.00048 -0.24756 0.96887
vn 0.57614 -0.02231 0.81705
vn 0.61943 -0.0892 0.77997
vn 0.88391 -0.06112 0.46365
vn -0.84832 -0.11227 -0.51744
vn -0.78207 -0.10514 -0.61426
vn -0.68728 -0.12058 -0.71632
vn -0.89157 -0.06385 -0.44836
vn 0.67561 -0.16183 -0.71928
vn 0.9257 -0.17857 -0.33345
vn 0.97811 -0.12201 0.16854
vn 0.88114 -0.14672 -0.44952
vn -0.68362 -0.15974 -0.71214
vn 0.9605 -0.20864 0.18415
vn -0.91344 -0.18585 -0.36206
vn -0.78258 -0.155 -0.60294
vn -0.81367 -0.39326 0.42813
vn -0.6249 -0.53664 0.56703
vn -0.72605 -0.61305 0.31148
vn -0.65829 -0.75274 -0.00516
vn -0.63944 -0.74218 0.20072
vn -0.96186 -0.25208 0.10619
vn -0.87446 -0.12097 -0.46977
vn -0.78334 -0.08873 -0.61522
vn -0.99299 -0.11719 -0.01521
vn 0.99762 -0.0392 -0.05681
vn -0.90479 -0.28746 0.3142
vn -0.98549 -0.16854 0.01983
vn 0.93504 -0.04681 -0.35143
vn 0.99917 0.01483 -0.03783
vn 0.99851 -0.00373 0.05436
vn 0.9932 0.02448 -0.11383
vn 0.99976 -0.00114 0.02207
vn 0.92215 -0.09166 -0.37581
vn 0.81589 -0.07482 -0.57335
vn 0.99573 -0.03562 -0.08519
vn 0.93769 0.00023 0.34748
vn 0.85547 -0.07942 -0.51173
vn 0.80392 -0.11022 -0.58443
vn 0.94039 -0.0108 0.33993
vn 0.86841 0.01329 -0.49567
vn 0.99473 0.02709 -0.0989
vn 0.70397 0.07484 -0.70628
vn 0.8565 0.10079 -0.5062
vn -0.87013 -0.32079 0.37412
vn 0.95952 0.04388 -0.27821
vn -0.97707 -0.19096 0.09412
vn -0.73938 -0.31705 -0.59396
vn -0.91161 -0.36763 0.18388
vn -0.93864 -0.18704 -0.28977
vn -0.89002 -0.38569 0.24311
vn -0.86341 -0.44229 0.24269
vn -0.81488 -0.44783 0.36798
vn 0.35586 0.00335 0.93453
vn 0.36319 0.11983 0.92398
vn 0.32279 -0.10011 0.94116
vn 0.0171 -0.12325 0.99223
vn 0.3661 0.2368 0.89994
vn 0.52508 -0.1063 0.84439
vn 0.01462 0.2558 0.96662
vn 0.01474 0.13288 0.99102
vn -0.34427 -0.08725 -0.93481
vn -0.91675 -0.39834 -0.02973
vn -0.2306 -0.23187 -0.94502
vn -0.80917 -0.24857 -0.5324
vn 0.91659 -0.39723 -0.04551
vn 0.52152 -0.26062 0.81246
vn 0.00552 -0.21769 -0.976
vn -0.00319 0.02974 -0.99955
vn -0.58127 0.68277 0.44266
vn 0.00531 -0.21853 -0.97581
vn 0.21067 -0.15692 -0.96488
vn -0.9704 -0.10798 -0.21601
vn -0.74989 -0.26916 -0.60433
vn -0.77938 -0.30449 -0.54759
vn -0.73237 0.57007 0.37236
vn -0.6051 0.58621 0.53871
vn -0.87064 0.3715 0.32247
vn -0.73406 0.23346 0.63769
vn 0.41534 -0.27578 -0.86686
vn 0.40967 -0.42849 -0.80534
vn 0.0166 -0.26502 -0.9641
vn -0.77584 0.35391 0.52232
vn -0.82157 0.306 0.48103
vn -0.91302 0.23239 0.33524
vn -0.6816 0.34161 0.64709
vn 0.6471 0.53439 0.54377
vn -0.91964 0.16456 0.35662
vn -0.86585 0.1678 0.47132
vn 0.82271 0.42537 0.37711
vn 0.89317 0.33588 0.29905
vn 0.88994 0.40915 0.2015
vn 0.72575 -0.26257 -0.63588
vn 0.75415 0.57923 0.30944
vn 0.62413 0.58901 0.51336
vn 0.99491 0.02301 -0.09812
vn 0.91933 -0.13092 -0.37107
vn 0.79134 -0.2881 -0.53925
vn 0.85319 -0.25336 -0.45594
vn 0.70254 0.38135 0.60084
vn 0.94446 -0.16241 -0.2857
vn 0.99147 -0.0827 -0.10074
vn 0.88598 0.17235 0.4305
vn 0.78224 0.2047 0.58839
vn 0.86118 0.28676 0.41968
vn 0.33566 0.43564 0.83519
vn 0.30768 0.54129 0.78252
vn 0.01312 0.36882 0.92941
vn 0.27563 0.63275 0.72364
vn 0.56142 0.35384 0.74807
vn 0.01238 0.47253 0.88123
vn 0.02926 0.6757 0.7366
vn -0.25396 0.82253 0.50887
vn -0.12075 -0.4297 -0.89486
vn 0.00159 -0.54619 -0.83766
vn -0.0327 -0.63386 -0.77276
vn -0.21882 0.78343 0.58169
vn -0.29411 0.70133 0.64934
vn -0.31334 0.446 0.83839
vn -0.30561 0.53796 0.78562
vn -0.33242 0.3438 0.87824
vn -0.01352 0.57811 0.81585
vn -0.515 0.50663 0.69145
vn -0.74458 0.62206 0.24216
vn -0.63852 0.74988 0.17311
vn -0.90152 0.42691 0.0708
vn -0.87646 0.45508 0.15725
vn 0.01689 0.85398 0.52003
vn 0.27516 0.74645 0.60589
vn 0.33339 0.69125 0.64112
vn 0.41256 0.76237 0.49858
vn 0.03003 0.79596 0.6046
vn -0.85879 -0.42975 -0.27892
vn -0.98942 -0.11741 -0.08524
vn -0.86781 -0.44683 -0.21738
vn 0.82847 -0.44114 -0.34502
vn -0.80221 -0.55887 -0.21005
vn -0.07625 0.06061 -0.99525
vn 0.99996 -0.00468 -0.00774
vn 0.99969 0.02442 -0.00449
vn -0.99966 0.02552 -0.00486
vn 0.75455 -0.57772 -0.31127
vn 0.8069 -0.49409 -0.3237
vn 0.96313 -0.21633 -0.15997
vn -0.35317 -0.84449 0.40262
vn 0.99774 -0.04545 -0.04957
vn -0.34051 -0.65687 0.67273
vn -0.54931 -0.47381 0.68831
vn -0.20582 -0.5091 0.83574
vn -0.6562 -0.70184 0.27717
vn -0.7021 -0.71208 -0.00138
vn 0.86143 -0.45287 -0.22987
vn 0.9891 -0.11877 -0.08708
vn 0.78696 -0.5855 -0.19464
vn 0.8642 -0.42435 -0.27035
vn 0.57118 0.75726 0.31672
vn 0.60793 0.7692 0.19682
vn 0.71726 0.64378 0.26661
vn 0.85494 0.5106 0.09145
vn 0.24052 0.93909 0.24549
vn 0.23376 0.89383 0.38265
vn 0.01254 0.91709 0.39848
vn 0.00385 -0.22445 0.97448
vn -0.99623 0.08506 0.01686
vn -0.99849 0.05308 -0.01407
vn -0.41675 -0.90814 0.04011
vn 0.94817 -0.29492 -0.11834
vn -0.1978 -0.26351 0.94416
vn 0.99623 0.08506 0.01686
vn 0.99849 0.05308 -0.01407
vn -0.9833 0.13419 0.12294
vn 0.98887 0.14246 0.04297
vn 0.81635 -0.57681 -0.02937
vn 0.94742 -0.30869 -0.08434
vn -0.94817 -0.29492 -0.11834
vn 0.98601 0.16487 0.02436
vn -0.99219 0.11906 0.03712
vn -0.98971 -0.14308 -0.00303
vn -0.94742 -0.30869 -0.08435
vn 0.93806 -0.30377 -0.16663
vn 0.81077 0.58273 -0.05553
vn 0.83152 -0.53699 -0.14221
vn 0.9405 -0.3238 -0.103
vn 0.7717 0.63562 0.02152
vn 0.65274 0.74516 0.13666
vn 0.89759 0.43409 0.07682
vn 0.88524 0.46249 0.04952
vn 0.62538 0.77227 -0.11182
vn 0.43587 0.89685 0.07538
vn 0.25291 0.95283 0.16778
vn 0.26728 0.95126 -0.15381
vn 0.44723 0.89442 0.00058
vn 0.00397 0.98598 -0.1668
vn 0.0185 0.99958 -0.02252
vn -0.63935 0.76874 -0.01627
vn -0.82926 0.55686 0.04732
vn -0.63298 0.7726 0.04923
vn 0.11251 -0.98559 -0.12633
vn -0.72049 0.68533 -0.10589
vn -0.76684 0.63515 0.09243
vn -0.53721 -0.45505 -0.71016
vn -0.65092 -0.34933 -0.674
vn -0.42301 -0.30041 -0.85488
vn -0.39915 -0.44412 -0.80215
vn 0.32808 -0.77911 -0.53419
vn 0.01337 -0.89858 -0.4386
vn 0.1345 -0.71078 -0.69043
vn 0.56285 -0.4326 -0.70431
vn -0.08812 -0.2213 -0.97122
vn -0.30914 -0.12538 -0.94271
vn -0.00643 -0.30892 -0.95107
vn -0.05236 -0.97924 -0.19581
vn -0.12189 -0.67679 -0.72602
vn -0.32738 -0.75912 -0.56264
vn -0.03564 -0.98412 -0.17389
vn -0.00952 -0.88545 0.46463
vn 0.36647 -0.54345 -0.75522
vn 0.29365 -0.44712 -0.8449
vn 0.41346 -0.28351 -0.86526
vn -0.55431 -0.71822 -0.4206
vn -0.41795 -0.6186 -0.66532
vn -0.28278 -0.777 -0.56241
vn -0.34793 -0.82767 -0.44035
vn -0.37373 -0.78866 -0.48819
vn 0.1453 -0.24131 -0.95951
vn 0.00769 -0.28478 -0.95856
vn 0.12847 -0.04097 -0.99087
vn -0.20062 -0.97887 -0.03946
vn -0.20911 -0.96169 -0.17727
vn -0.36644 -0.9204 -0.13634
vn -0.02381 -0.95956 0.28049
vn -0.01402 -0.9385 0.34498
vn -0.09486 -0.95397 -0.28451
vn -0.34726 -0.93121 -0.11072
vn 0.57056 -0.00482 -0.82124
vn 0.53974 0.11507 -0.83393
vn 0.43779 0.20966 -0.87429
vn 0.34317 0.01155 -0.9392
vn 0.28042 0.14252 -0.94924
vn -0.99428 0.07942 -0.07146
vn 0.65269 0.0617 -0.75511
vn -0.99391 0.10881 0.01727
vn -0.39593 -0.89888 -0.18775
vn -0.96923 0.24125 -0.04887
vn -0.80501 -0.58048 -0.1225
vn -0.49761 -0.82586 -0.26523
vn 0.07923 -0.90979 0.40744
vn 0.31625 -0.94502 -0.08318
vn 0.01303 -0.99104 -0.13292
vn 0.12416 -0.9575 -0.26033
vn -0.37014 -0.13068 -0.91974
vn -0.75918 -0.50567 -0.4098
vn -0.02727 -0.05902 -0.99788
vn -0.25835 -0.48551 -0.83518
vn -0.19719 -0.97633 0.08887
vn -0.90402 -0.41112 -0.11715
vn -0.59495 -0.79534 0.11606
vn -0.74721 -0.3452 -0.56791
vn 0.56849 -0.7061 -0.42218
vn -0.2851 -0.94427 -0.16456
vn -0.51715 -0.8533 -0.06658
vn 0.00011 -0.97072 -0.24023
vn -0.02058 -0.95872 0.28361
vn 0.35325 -0.81726 -0.45531
vn 0.47084 -0.61466 -0.63285
vn 0.32988 -0.70959 -0.62262
vn -0.61647 -0.74765 0.24694
vn -0.98418 -0.09326 -0.15067
vn -0.98447 -0.1708 0.0406
vn -0.62743 -0.75292 0.1986
vn 0.01765 -0.99159 -0.12822
vn 0.1393 -0.97551 -0.17024
vn 0.15823 -0.96216 0.22186
vn 0.32444 -0.90949 -0.25994
vn -0.95602 0.25562 -0.14383
vn -0.94449 0.31285 -0.1003
vn -0.97471 0.13428 -0.17863
vn -0.9556 -0.29427 0.01526
vn -0.94576 -0.32475 -0.0091
vn -0.85432 -0.50347 0.12907
vn -0.54937 -0.81956 0.16283
vn -0.74619 -0.64257 0.17408
vn -0.56332 -0.78581 0.25528
vn -0.87764 -0.47274 0.0792
vn -0.93886 -0.33693 0.07079
vn -0.6961 -0.71011 0.10579
vn -0.99264 0.06728 -0.10072
vn 0.53654 -0.72291 -0.43534
vn 0.54495 -0.78579 -0.2925
vn 0.29994 -0.85586 -0.42136
vn 0.35494 -0.7743 -0.5239
vn -0.87292 0.47757 -0.09967
vn -0.99058 0.11784 -0.06974
vn 0.24528 -0.96759 0.06003
vn 0.13622 -0.97124 0.19527
vn -0.2826 0.40602 -0.86907
vn 0.01095 -0.9985 0.05373
vn 0.52399 -0.84882 -0.07032
vn 0.31455 -0.93735 -0.14978
vn -0.69618 0.2836 -0.65948
vn -0.9473 0.31213 0.07207
vn -0.03775 -0.71615 -0.69692
vn -0.93305 -0.21687 -0.28702
vn -0.87701 0.17822 -0.44619
vn -0.39701 0.74137 -0.54107
vn -0.14354 0.69774 -0.70183
vn -0.86235 0.5063 0.00493
vn -0.87592 0.48213 -0.01806
vn 0.80082 -0.58577 -0.12474
vn 0.3594 -0.91119 -0.2014
vn 0.40166 -0.8655 -0.2993
vn 0.99475 0.07041 -0.0743
vn 0.48108 -0.8764 -0.02189
vn 0.93045 -0.20453 -0.30403
vn 0.99389 0.10901 0.01737
vn 0.22892 -0.24983 -0.94084
vn 0.72039 -0.60507 -0.33901
vn -0.9656 0.04534 0.25604
vn 0.71617 -0.42137 -0.55637
vn 0.5816 -0.80008 0.14702
vn 0.64937 -0.74821 0.136
vn 0.03875 -0.03326 -0.9987
vn -0.99273 -0.00948 -0.12002
vn -0.99502 -0.00896 -0.09929
vn -0.94876 -0.03588 -0.31396
vn -1 -0.00015 9E-05
vn -0.99485 0.01127 0.10075
vn -0.94938 -0.01736 0.31366
vn 0.69232 0.66521 -0.27962
vn 0.94295 -0.33212 0.0233
vn 0.62666 0.75063 -0.2094
vn 0.80028 0.58448 -0.13392
vn 0.80447 0.56402 -0.18632
vn 0.67834 0.63505 -0.36955
vn 0.71685 -0.68856 0.10961
vn 0.91365 -0.39553 0.09375
vn 0.72968 -0.65291 0.20314
vn 0.6042 -0.76031 0.23849
vn 0.62754 -0.75193 0.20196
vn -0.98337 0.10277 0.14976
vn -0.07879 -0.15809 0.98428
vn 0.95238 0.26617 -0.14876
vn 0.66059 -0.7172 0.22192
vn 0.9841 -0.09677 -0.14891
vn 0.00642 0.9491 -0.3149
vn 0.96665 0.24535 -0.0734
vn 0.80649 -0.56915 0.16015
vn 0.96225 0.16788 -0.21424
vn 0.41155 0.83342 -0.36883
vn 0.27297 0.91985 -0.2817
vn -7E-05 0.82327 -0.56766
vn 0.35077 0.82378 -0.44536
vn 0.01195 0.87017 -0.49261
vn 0.01702 0.91074 -0.41263
vn 0.15025 0.68519 -0.7127
vn 0.58886 0.48997 -0.64279
vn 0.1869 0.50565 -0.84225
vn 0.48908 0.60587 -0.62747
vn 0.74528 0.26387 -0.61232
vn 0.83027 0.4358 -0.34747
vn 0.54061 0.46202 -0.70305
vn -0.48716 0.86368 -0.12934
vn 0.95747 0.01593 -0.28809
vn 0.693 0.4196 -0.58625
vn 0.95989 0.26964 -0.07689
vn 0.83564 0.28156 -0.47162
vn -0.01907 -0.98385 0.17799
vn 0.98747 0.06926 -0.14178
vn 0.11879 -0.9891 0.08703
vn 0.44021 -0.21563 0.87162
vn -0.05086 -0.99864 0.01164
vn 0.83549 -0.44938 0.31625
vn 0.86561 -0.31396 0.39007
vn 0.7413 -0.57203 0.35108
vn 0.96857 0.09726 0.22892
vn 0.10092 0.97399 -0.20288
vn 0.51124 -0.56861 0.64445
vn 0.47685 -0.71641 0.50929
vn 0.78531 -0.2905 0.54672
vn 0.95679 -0.28325 -0.06567
vn 0.00441 -0.60448 0.79661
vn 0.05071 -0.75882 0.64932
vn 0.08654 -0.45754 0.88497
vn 0.47163 -0.4086 0.78141
vn 0.44344 0.86978 -0.21642
vn -0.34551 -0.56347 0.75041
vn -0.35937 -0.7095 0.60618
vn 0.18003 -0.2189 0.959
vn -0.73298 -0.40841 0.544
vn -0.32817 -0.21366 0.92014
vn -0.71592 -0.52329 0.46219
vn -0.94752 -0.25121 0.19774
vn -0.3421 -0.39451 0.85284
vn -0.45415 -0.88128 0.13075
vn -0.4382 -0.88436 0.16087
vn -0.9547 0.23988 0.17608
vn -0.65651 -0.29353 0.69486
vn 0.70471 -0.70936 -0.01348
vn 0.60804 -0.78786 0.0978
vn -0.99517 0.02113 -0.09587
vn -0.915 0.1525 0.37353
vn 0.91153 0.36473 -0.18995
vn -0.87318 0.23232 -0.42846
vn 0.80787 0.42712 -0.4061
vn -0.99607 0.07231 0.05109
vn -0.13788 0.71405 -0.68638
vn 0.72634 0.17157 -0.66557
vn 0.67888 -0.43455 -0.59185
vn 0.12462 -0.88896 -0.44071
vn -0.72423 -0.5447 -0.42283
vn -0.80624 0.18995 -0.56026
vn -0.12047 0.89581 -0.42779
vn -0.85012 0.46756 -0.24227
vn 0.55065 -0.81244 -0.19166
vn 0.15279 -0.95351 -0.25976
vn -0.13306 -0.98595 -0.101
vn -0.81134 -0.55637 -0.17937
vn -0.8884 0.39416 -0.23534
vn -0.60436 0.38022 -0.70013
vn -0.67637 0.46111 -0.57437
vn -0.35339 0.87029 -0.3431
vn -0.91009 0.28344 -0.30233
vn 0.11025 0.99193 0.06255
vn -0.20953 0.96755 0.14125
vn -0.36558 0.83864 0.40377
vn -0.2525 0.6887 0.67966
vn 0.07556 0.61197 0.78727
vn 0.43859 0.72717 0.52808
vn 0.38606 0.89632 0.21812
vn 0.15204 0.94145 -0.30093
vn 0.08177 0.93013 -0.35801
vn -0.75795 0.64034 0.1244
vn -0.4186 0.88977 -0.18189
vn -0.66681 0.28318 0.68932
vn -0.70029 0.65425 0.28559
vn -0.07521 0.12712 0.98903
vn -0.49945 0.37816 0.77945
vn 0.57585 0.17855 0.79782
vn 0.11315 0.29896 0.94753
vn 0.8437 0.47176 0.25614
vn 0.63921 0.55007 0.53743
vn 0.57912 0.77005 -0.26765
vn 0.63592 0.77114 -0.03079
vn -0.26468 0.44048 -0.85786
vn -0.65386 0.58812 -0.47601
vn -0.28211 0.62898 -0.72443
vn 0.18751 0.43394 -0.88121
vn -0.66684 0.44671 -0.59646
vn 0.95096 -0.23145 -0.20521
vn -0.25663 0.67522 -0.69153
vn 0.1717 0.63184 -0.75584
vn -0.79725 0.58978 -0.12865
vn -0.30081 0.53588 -0.78889
vn -0.84954 0.52705 -0.02241
vn -0.73214 0.60078 -0.321
vn -0.23424 0.89226 -0.386
vn -0.31113 0.81325 -0.49175
vn 0.10991 0.53703 -0.83637
vn -0.22565 0.74636 -0.62612
vn 0.95067 0.2269 -0.21154
vn 0.95428 0.20595 -0.21665
vn -0.34139 -0.88774 0.30882
vn -0.985 0.1677 -0.04071
vn -0.99687 0.07822 -0.01154
vn -0.9928 0.10977 -0.04792
vn -0.99678 -0.00981 0.07963
vn 0.5596 0.75037 -0.35184
vn 0.54223 0.80102 -0.25367
vn 0.33176 0.80938 -0.48461
vn 0.87611 -0.47045 0.10541
vn -0.18904 -0.87378 0.44807
vn -0.04734 -0.97472 0.21834
vn -0.86367 -0.44534 0.2361
vn -0.80891 0.44957 -0.37887
vn -0.45243 0.85859 -0.24109
vn -0.73365 -0.65038 0.1969
vn -0.60316 -0.7045 0.374
vn 0.35596 -0.81852 0.4509
vn 0.31057 -0.91628 0.25292
vn 0.42661 0.26053 -0.8661
vn 0.62411 0.35851 -0.69424
vn 0.54225 0.48142 -0.68863
vn 0.13785 0.40407 -0.90428
vn 0.7835 0.14133 -0.6051
vn 0.78129 0.40015 -0.47902
vn 0.53425 0.30078 -0.79001
vn -0.50261 0.81755 -0.28107
vn 0.8774 0.14122 -0.45851
vn 0.96723 0.24796 -0.05469
vn 0.83129 0.20715 -0.5158
vn -0.00234 -0.93697 0.34941
vn 0.98631 0.05974 -0.1537
vn 0.13572 -0.95587 0.26057
vn 0.80718 -0.39283 0.44061
vn -0.03365 -0.98152 0.18837
vn 0.49699 -0.0533 0.86612
vn 0.96728 0.19768 0.15901
vn 0.11205 0.92076 -0.3737
vn 0.5662 -0.50057 0.65487
vn 0.41917 -0.45324 0.78668
vn 0.61721 -0.27398 0.73755
vn 0.44465 -0.5976 0.6672
vn 0.96162 -0.27392 -0.0162
vn -0.00686 -0.44735 0.89433
vn 0.062 -0.6349 0.7701
vn 0.0998 -0.08258 0.99157
vn 0.50844 -0.25959 0.82104
vn 0.42866 0.82521 -0.36781
vn -0.36143 -0.43114 0.82673
vn -0.34786 -0.59703 0.72288
vn 0.0531 -0.29732 0.9533
vn -0.72652 -0.31817 0.60904
vn -0.99096 0.13412 -0.00439
vn -0.2701 -0.05236 0.96141
vn -0.70738 -0.44542 0.54883
vn -0.9433 -0.22848 0.2408
vn -0.30748 -0.24066 0.92062
vn -0.43906 -0.85187 0.28555
vn -0.4231 -0.84931 0.3157
vn -0.96062 0.27106 0.06108
vn -0.65224 -0.1771 0.73703
vn 0.71685 -0.68833 0.11106
vn 0.6214 -0.74753 0.23467
vn -0.99526 -0.01329 -0.0963
vn -0.90817 0.15568 0.38857
vn 0.90535 0.34095 -0.25317
vn -0.87651 0.13773 -0.46125
vn 0.81103 0.35539 -0.46468
vn -0.99724 0.06308 0.03928
vn -0.00619 0.57853 -0.81564
vn 0.733 0.00422 -0.68021
vn 0.6504 -0.61186 -0.45012
vn -0.20367 -0.94916 -0.24004
vn -0.69147 -0.66081 -0.29187
vn -0.79812 0.122 -0.59002
vn 0.0256 0.8162 -0.5772
vn -0.88755 0.38413 -0.25436
vn 0.564 -0.82483 -0.0394
vn -0.04944 -0.99868 0.01395
vn -0.8546 -0.51162 -0.08893
vn -0.87428 0.3705 -0.31362
vn -0.60993 0.2398 -0.7553
vn -0.68476 0.37659 -0.62392
vn 0.27088 0.78312 -0.55977
vn -0.91445 0.20974 -0.3461
vn 0.05661 0.9914 -0.11799
vn -0.25408 0.96714 -0.00867
vn -0.41037 0.83604 0.36419
vn -0.29353 0.78272 0.54881
vn 0.10701 0.74185 0.66197
vn 0.43439 0.82988 0.35015
vn 0.34878 0.93682 0.02688
vn -0.62491 0.72953 -0.278
vn -0.17396 0.83421 -0.52329
vn 0.07289 0.86862 -0.49009
vn -0.39145 0.34784 0.85193
vn -0.48394 0.82392 -0.29489
vn -0.71387 0.65792 0.23986
vn 0.25206 0.35582 0.89992
vn 0.77773 0.39569 0.48843
vn 0.18758 0.41239 0.89149
vn 0.764 0.62917 -0.14302
vn 0.71622 0.59118 0.37086
vn -0.23876 0.28598 -0.92801
vn 0.58499 0.78122 -0.21792
vn -0.6087 0.49512 -0.61995
vn -0.29135 0.49133 -0.8208
vn -0.2936 0.55129 -0.78095
vn -0.67368 0.32251 -0.66493
vn 0.95507 -0.24775 -0.16269
vn 0.16063 0.45827 -0.87417
vn -0.24909 0.80565 -0.53747
vn -0.309 0.38247 -0.87076
vn -0.86774 0.47834 -0.13494
vn -0.82026 0.48691 -0.30016
vn -0.32448 0.70786 -0.62742
vn -0.30885 0.86021 -0.40577
vn -0.22723 0.60836 -0.76044
vn 0.86974 -0.46598 0.16255
vn 0.71553 0.50224 -0.48557
vn 0.99278 -0.07809 -0.09108
vn 0.82537 0.3612 -0.43394
vn 0.81675 0.38186 -0.43255
vn 0.78813 -0.50382 0.35357
vn -0.32643 -0.82477 0.46174
vn -0.9983 -0.0332 0.0479
vn -0.99888 0.01638 -0.0444
vn 0.54703 0.68572 -0.48015
vn 0.52867 0.75265 -0.39247
vn 0.39263 0.69589 -0.60131
vn 0.1299 0.76209 -0.63431
vn 0.12672 0.68187 -0.72041
vn -0.1745 -0.78376 0.59605
vn -0.03081 -0.92133 0.38756
vn -0.85616 -0.41128 0.31278
vn -0.78437 0.40944 -0.46596
vn -0.70842 0.64138 -0.29457
vn -0.72258 -0.61775 0.31026
vn -0.59141 -0.63741 0.49391
vn 0.40927 -0.79744 0.44338
vn 0.54822 -0.65212 0.52364
vn 0.3197 -0.8539 0.41068
vn 0.35096 -0.93257 -0.08452
vn 0.32852 -0.93011 -0.16422
vn 0.48529 0.46757 -0.73883
vn 0.63209 0.54161 -0.55419
vn 0.53035 0.65212 -0.54172
vn 0.15243 0.63706 -0.75559
vn 0.79036 0.29512 -0.53687
vn 0.81898 0.47233 -0.32585
vn 0.54684 0.51047 -0.66362
vn -0.47695 0.87875 -0.01767
vn 0.92521 0.18598 -0.33074
vn 0.97271 0.23086 -0.02325
vn 0.83961 0.32927 -0.432
vn 0.97891 -0.20381 0.01392
vn -0.03168 -0.99832 0.04848
vn 0.9888 0.09004 -0.11902
vn 0.0958 -0.99484 -0.03342
vn 0.79304 -0.53175 0.29721
vn -0.12464 -0.98265 -0.13737
vn 0.46768 -0.35108 0.81118
vn 0.96949 0.05438 0.23902
vn 0.16772 0.98382 -0.06296
vn 0.54274 -0.69451 0.47232
vn 0.38291 -0.67772 0.62776
vn 0.62884 -0.49989 0.59554
vn 0.42086 -0.78422 0.45594
vn 0.22508 -0.69973 0.67803
vn 0.03817 -0.59644 0.80175
vn 0.03003 -0.8405 0.54098
vn -0.73864 -0.4664 0.4867
vn 0.49837 -0.49897 0.70898
vn 0.57207 0.81225 -0.11396
vn 0.30713 0.94431 -0.11812
vn 0.64759 0.75338 -0.11426
vn -0.3387 -0.65258 0.67781
vn -0.38091 -0.77457 0.50493
vn 0.00198 -0.34574 0.93833
vn 0.10449 -0.56303 0.8198
vn -0.98646 0.15889 0.04069
vn -0.73578 -0.56657 0.37098
vn -0.26475 -0.33391 0.90466
vn -0.95143 -0.26102 0.16327
vn -0.31913 -0.48637 0.81339
vn -0.46538 -0.88498 0.01527
vn -0.4495 -0.89216 0.04471
vn -0.95069 -0.17541 0.25579
vn -0.95829 0.23373 0.16446
vn -0.66088 -0.37311 0.65118
vn 0.64938 -0.75497 -0.09122
vn 0.64078 -0.76766 -0.00953
vn -0.99585 0.03868 -0.08236
vn -0.90514 0.05717 0.42124
vn -0.84517 0.33092 -0.41975
vn 0.82321 0.44045 -0.35823
vn -0.99114 0.10386 0.08278
vn -0.12815 0.79897 -0.58755
vn 0.72913 0.24749 -0.63806
vn 0.67395 -0.36241 -0.64379
vn 0.18552 -0.7932 -0.58001
vn -0.29609 -0.79249 -0.53319
vn -0.76378 -0.39457 -0.51084
vn -0.80321 0.27142 -0.53027
vn -0.10871 0.94531 -0.30752
vn -0.86501 0.47483 -0.16215
vn 0.54054 -0.7875 -0.29609
vn 0.29193 -0.88677 -0.35836
vn -0.14509 -0.96362 -0.22446
vn -0.35958 -0.88769 -0.28759
vn -0.89101 -0.40285 -0.20933
vn -0.8831 0.43265 -0.1815
vn -0.67627 0.56324 -0.47478
vn 0.28837 0.91213 -0.29131
vn -0.90612 0.33186 -0.26231
vn 0.24775 0.94286 0.22278
vn -0.08076 0.97419 0.21078
vn -0.32311 0.85643 0.40264
vn -0.31792 0.6478 0.6923
vn 0.08621 0.50332 0.85979
vn 0.38873 0.59661 0.7021
vn 0.44918 0.78235 0.43147
vn -0.60797 0.79246 -0.04873
vn 0.374 0.92272 -0.09337
vn -0.09699 0.97041 -0.22113
vn -0.17641 0.98044 -0.08726
vn -0.77035 0.42357 0.47659
vn -0.57738 0.78426 0.2271
vn -0.40949 0.06739 0.90982
vn -0.51577 0.46907 0.71691
vn 0.25946 -0.00188 0.96575
vn 0.7906 0.19715 0.57972
vn 0.07514 0.17174 0.98227
vn 0.77781 0.62571 0.05916
vn 0.61638 0.3249 0.71729
vn -0.34607 0.54329 -0.76489
vn 0.71783 0.64654 0.25828
vn -0.62283 0.65384 -0.42962
vn -0.30388 0.72026 -0.62361
vn 0.10226 0.55113 -0.82813
vn -0.65801 0.54447 -0.52016
vn 0.99163 0.01113 -0.1286
vn 0.957 -0.1434 -0.25215
vn -0.24081 0.76539 -0.59682
vn 0.14688 0.69347 -0.70536
vn -0.33688 0.60931 -0.71781
vn -0.80087 0.59665 -0.05115
vn -0.85173 0.52348 0.02267
vn -0.77352 0.59647 -0.21421
vn -0.24589 0.89131 -0.38091
vn -0.24764 0.93723 -0.2455
vn -0.258 0.95475 -0.14795
vn -0.26709 0.7968 -0.54201
vn 0.86694 -0.49839 -0.00526
vn 0.4125 0.8568 -0.30942
vn 0.98975 -0.06841 -0.12535
vn 0.83782 0.45131 -0.30722
vn 0.8298 0.47082 -0.29959
vn 0.77455 -0.60248 0.19258
vn -0.35289 -0.91598 0.19091
vn -0.98276 0.18402 -0.01792
vn -0.99579 0.09167 -0.00064
vn -0.99665 0.06588 -0.04841
vn -0.99803 0.01417 0.06117
vn 0.56969 0.7842 -0.24593
vn 0.41597 0.83366 -0.36328
vn 0.84722 -0.52812 0.05746
vn 0.10674 0.79445 -0.59788
vn 0.15037 0.86433 -0.47992
vn -0.20051 -0.92219 0.3307
vn -0.05987 -0.99417 0.08969
vn -0.8695 -0.46125 0.17672
vn -0.74646 0.5609 -0.35803
vn -0.74201 -0.66113 0.11107
vn -0.60885 -0.74284 0.27838
vn 0.35066 -0.91976 0.17628
vn 0.51396 -0.79628 0.31903
vn 0.29235 -0.94733 0.13074
vn 0.36525 -0.92881 0.06245
vn 0.34285 -0.93924 -0.0166
vn 0.51323 0.39953 -0.75958
vn 0.49357 0.41072 -0.76662
vn 0.5199 0.54434 -0.65833
vn 0.12539 0.65335 -0.7466
vn 0.75333 0.27516 -0.59731
vn 0.83925 0.28033 -0.46592
vn 0.5772 0.61124 -0.5415
vn 0.42344 0.72289 -0.54601
vn 0.50344 0.77387 -0.38427
vn 0.85238 0.31549 -0.41703
vn -0.48944 0.85856 -0.15275
vn 0.98655 -0.05385 -0.15433
vn 0.90842 0.11488 -0.40196
vn 0.97033 0.00539 -0.24172
vn 0.80761 0.5001 -0.31251
vn 0.74977 0.51079 -0.42063
vn 0.94623 -0.2758 0.16908
vn 0.98835 0.09831 -0.11616
vn 0.96236 0.26528 -0.059
vn 0.82392 0.56581 -0.03196
vn -0.01647 -0.97869 0.20468
vn 0.11102 -0.98617 0.12307
vn 0.96328 -0.16384 0.2127
vn -0.10948 -0.99381 0.01881
vn 0.81949 -0.42758 0.38159
vn 0.72576 -0.53209 0.43607
vn 0.73954 -0.43621 0.51265
vn 0.96682 -0.00746 0.25537
vn -0.89203 -0.25644 0.37218
vn 0.10299 0.97027 -0.219
vn 0.42914 -0.55023 0.7163
vn 0.40457 -0.702 0.5861
vn 0.82989 -0.22266 0.51156
vn 0.76232 -0.13829 0.63225
vn 0.9559 -0.2868 -0.06331
vn -0.06945 -0.6921 0.71845
vn 0.06181 -0.75192 0.65636
vn 0.44543 -0.44234 0.77841
vn 0.55472 -0.45972 0.69351
vn 0.51346 -0.26164 0.81725
vn 0.55975 0.79256 -0.24194
vn 0.60558 0.75958 -0.23731
vn -0.27798 -0.5576 0.78218
vn 0.11546 -0.32644 0.93814
vn 0.0751 -0.49381 0.86632
vn -0.98881 0.14825 0.01666
vn -0.55025 -0.53604 0.64022
vn -0.6431 -0.43638 0.62928
vn -0.76885 -0.4492 0.45507
vn -0.78212 -0.45676 0.42385
vn -0.27577 -0.46706 0.84012
vn -0.35691 -0.49594 0.79162
vn -0.45182 -0.87859 0.15471
vn -0.43586 -0.88082 0.18489
vn -0.8911 -0.27657 0.3598
vn -0.9994 0.00111 0.03476
vn -0.68074 -0.35123 0.64284
vn -0.6414 -0.1659 0.74905
vn 0.66093 -0.74994 0.02752
vn 0.61012 -0.7833 0.11915
vn -0.99885 -0.04687 -0.01018
vn 0.81673 0.39123 -0.42413
vn -0.91817 -0.11065 0.38043
vn 0.91959 0.33934 -0.198
vn -0.9207 0.19713 -0.33681
vn -0.82278 0.27471 -0.49757
vn -0.93685 0.21428 -0.27639
vn -0.98493 0.16028 0.06504
vn -0.13977 0.69476 -0.70553
vn 0.72588 0.15532 -0.67005
vn 0.68003 -0.44868 -0.57987
vn 0.19819 -0.87152 -0.44853
vn -0.28343 -0.8708 -0.40172
vn -0.75716 -0.48149 -0.44145
vn -0.80675 0.17251 -0.56516
vn -0.12284 0.88352 -0.45199
vn -0.62723 0.39448 -0.67154
vn 0.55279 -0.81589 -0.16954
vn 0.30579 -0.92749 -0.21509
vn -0.13012 -0.98901 -0.07015
vn -0.3457 -0.92721 -0.14412
vn -0.88454 -0.44426 -0.14219
vn -0.88943 0.38527 -0.24591
vn 0.2887 0.89952 -0.3279
vn -0.60567 0.51728 -0.60464
vn -0.06302 0.99728 0.03821
vn -0.35237 0.91009 0.21812
vn -0.41785 0.72631 0.54578
vn -0.17604 0.57194 0.80118
vn 0.08945 0.53994 0.83694
vn 0.42237 0.6173 0.66374
vn 0.49094 0.80802 0.32571
vn 0.27518 0.95817 0.07859
vn -0.34003 0.8932 -0.29422
vn -0.13128 0.95997 -0.24743
vn -0.86417 0.39435 0.31258
vn -0.59344 0.80364 -0.04465
vn -0.5903 0.8063 0.03777
vn -0.71802 0.06701 0.69279
vn -0.71149 0.45455 0.53587
vn -0.10351 -0.13738 0.9851
vn -0.34617 0.13646 0.9282
vn 0.83646 0.21 0.5062
vn 0.13058 0.04358 0.99048
vn 0.5072 0.0119 0.86174
vn 0.6505 0.25317 0.71607
vn -0.25453 0.48582 -0.83618
vn 0.73819 0.64126 0.20944
vn 0.76922 0.63866 0.02025
vn 0.40079 0.90168 -0.16228
vn -0.64978 0.51816 -0.55614
vn -0.22943 0.63427 -0.73828
vn -0.63054 0.65985 -0.40868
vn -0.27563 0.63793 -0.71908
vn 0.95933 -0.16661 -0.22788
vn 0.21749 0.61024 -0.76178
vn -0.16919 0.80684 -0.56602
vn -0.81116 0.56743 -0.14158
vn -0.47859 0.85251 -0.21017
vn -0.85966 0.5075 -0.05858
vn -0.78234 0.54357 -0.3041
vn -0.25911 0.81659 -0.51579
vn -0.26169 0.88317 -0.38927
vn 0.86776 -0.49018 0.08201
vn -0.27871 0.69765 -0.66
vn 0.75611 0.52687 -0.38821
vn 0.99052 -0.09799 -0.09627
vn 0.83641 0.41476 -0.35833
vn 0.92008 0.33755 -0.19879
vn 0.78712 -0.54747 0.28411
vn -0.32293 -0.87486 0.36101
vn -0.98626 0.15969 -0.04238
vn -0.99717 0.0742 -0.01245
vn -0.99783 0.03138 -0.05788
vn -0.99819 0.00838 0.05963
vn 0.55804 0.74601 -0.36339
vn 0.49115 0.62559 -0.60615
vn 0.39627 0.86309 -0.31312
vn 0.40354 0.77252 -0.49028
vn 0.8552 -0.49948 0.1384
vn -0.08956 -0.83274 0.54637
vn 0.06349 0.77606 -0.62746
vn 0.13563 0.80617 -0.57593
vn -0.04476 -0.96855 0.24477
vn -0.86237 -0.44129 0.24817
vn -0.7546 0.48628 -0.44058
vn -0.42882 0.86177 -0.27104
vn -0.73192 -0.64672 0.21457
vn -0.62217 -0.68173 0.38489
vn 0.36451 -0.87521 0.31801
vn 0.51296 -0.73751 0.43925
vn 0.30666 -0.91048 0.27745
vn 0.34424 -0.92622 -0.15366
vn 0.32186 -0.91768 -0.23295
vn 0.59919 0.5958 -0.53478
vn 0.19881 0.66261 -0.72209
vn 0.53525 0.68673 -0.49183
vn 0.75177 0.36811 -0.54712
vn 0.82249 0.48931 -0.28996
vn 0.55127 0.58458 -0.59529
vn -0.46971 0.88141 0.04991
vn 0.96066 0.04803 -0.27353
vn 0.94195 0.12967 -0.30969
vn 0.96996 -0.21867 0.10659
vn 0.84214 0.35501 -0.40592
vn 0.97436 0.22491 -0.00618
vn -0.03891 -0.99891 -0.02585
vn 0.98957 0.10164 -0.10204
vn 0.08862 -0.99027 -0.10729
vn 0.78907 -0.55808 0.25674
vn -0.13168 -0.96879 -0.21001
vn 0.46071 -0.41708 0.78344
vn 0.96977 0.02945 0.24224
vn 0.12526 0.99208 0.00979
vn 0.53753 -0.7316 0.41931
vn 0.38918 -0.72683 0.56591
vn 0.62339 -0.54764 0.5581
vn 0.41501 -0.81896 0.39633
vn 0.94944 -0.28588 -0.12973
vn -0.03207 -0.82019 0.57119
vn 0.02727 -0.66585 0.74559
vn 0.04929 -0.87907 0.47413
vn 0.04542 -0.6317 0.77388
vn 0.48652 -0.54559 0.68237
vn 0.57801 0.81421 -0.05444
vn 0.62307 0.78004 -0.05763
vn -0.43243 -0.79216 0.43068
vn 0.00079 -0.41268 0.91088
vn -0.74217 -0.49594 0.45081
vn -0.9853 0.16256 0.05255
vn -0.73999 -0.58725 0.32796
vn -0.27111 -0.39606 0.87729
vn -0.95335 -0.26555 0.14357
vn -0.32234 -0.54318 0.77527
vn -0.47177 -0.88028 -0.05048
vn -0.45595 -0.88974 -0.02165
vn -0.95202 -0.18706 0.2422
vn -0.95664 0.22778 0.18153
vn -0.6638 -0.41569 0.62175
vn 0.64394 -0.75078 -0.14719
vn 0.59213 -0.80317 -0.06557
vn -0.99551 0.05189 -0.0791
vn -0.90487 0.03224 0.42447
vn 0.92751 0.3551 -0.11673
vn -0.86742 0.33187 -0.37073
vn 0.8265 0.45989 -0.32463
vn -0.9904 0.10458 0.09043
vn -0.12215 0.84134 -0.52652
vn 0.73114 0.28896 -0.61801
vn 0.67155 -0.31841 -0.66905
vn 0.18001 -0.74922 -0.63739
vn -0.3016 -0.7485 -0.59058
vn -0.76641 -0.34998 -0.53863
vn -0.80103 0.31589 -0.5085
vn -0.10176 0.96631 -0.2364
vn -0.8615 0.49181 -0.12627
vn 0.53494 -0.7672 -0.35389
vn 0.28565 -0.85977 -0.42332
vn -0.15196 -0.9432 -0.29543
vn -0.36588 -0.86123 -0.35272
vn -0.89381 -0.37973 -0.23855
vn -0.87989 0.45132 -0.14869
vn -0.5951 0.52659 -0.60709
vn -0.66592 0.60704 -0.43364
vn 0.29937 0.92568 -0.23128
vn -0.9036 0.35698 -0.23677
vn -0.03861 0.96115 0.27332
vn -0.30084 0.84662 0.439
vn -0.32929 0.6238 0.70883
vn 0.04641 0.4366 0.89846
vn 0.37021 0.52232 0.7682
vn 0.46152 0.72149 0.51619
vn 0.28576 0.90819 0.30581
vn -0.59658 0.80234 0.01877
vn -0.07524 0.9883 -0.13264
vn -0.117 0.99156 -0.05584
vn -0.76063 0.3999 0.51139
vn -0.56351 0.79534 0.22338
vn -0.40967 0.00198 0.91223
vn -0.55707 0.44204 0.70305
vn 0.2624 -0.08686 0.96104
vn 0.0067 0.12186 0.99252
vn 0.79568 0.14027 0.58926
vn 0.56582 0.25998 0.78247
vn 0.78765 0.60832 0.09771
vn 0.71554 0.59418 0.36737
vn -0.25393 0.61094 -0.74985
vn 0.42388 0.90542 0.02319
vn -0.61793 0.68845 -0.37974
vn -0.26714 0.7726 -0.57596
vn 0.1981 0.60033 -0.77483
vn -0.65649 0.57183 -0.49196
vn 0.95604 -0.13118 -0.26227
vn -0.23504 0.80935 -0.53824
vn 0.18375 0.74544 -0.64074
vn -0.79787 0.6028 -0.00544
vn -0.28833 0.69101 -0.66285
vn -0.45883 0.8885 -0.00739
vn -0.84794 0.52649 0.06166
vn -0.76912 0.61632 -0.16916
vn -0.23931 0.91891 -0.31357
vn -0.24077 0.95465 -0.17512
vn 0.85657 -0.51485 -0.03491
vn -0.26113 0.83679 -0.48124
vn 0.90364 0.37789 -0.20156
vn 0.98857 -0.08759 -0.12273
vn 0.98903 -0.08739 -0.11911
vn 0.74747 0.56229 -0.35372
vn 0.91041 0.35958 -0.20457
vn 0.92796 0.35353 -0.11792
vn 0.77011 -0.62071 0.14715
vn -0.35957 -0.92506 0.12235
vn -0.9814 0.19195 -0.00404
vn -0.9951 0.09866 0.00634
vn -0.99613 0.0765 -0.04322
vn -0.99792 0.0168 0.06222
vn 0.57562 0.7969 -0.18334
vn 0.41636 0.90287 -0.10712
vn 0.42212 0.85533 -0.30038
vn 0.84336 -0.53704 0.01791
vn 0.9862 0.16441 -0.01969
vn 0.15679 0.8965 -0.41437
vn -0.2073 -0.94274 0.26127
vn -0.06708 -0.99763 0.01556
vn -0.87287 -0.46681 0.14208
vn -0.74226 0.59135 -0.31522
vn -0.40868 0.91039 -0.06461
vn -0.7468 -0.66217 0.06174
vn -0.6143 -0.75705 0.22249
vn 0.34395 -0.93283 0.10738
vn 0.50807 -0.82149 0.25888
vn 0.28545 -0.95652 0.05992
vn 0.9916 0.11392 -0.06129
vn 0.99475 0.05081 -0.08884
vn -0.12378 0.82044 -0.55818
vn -0.01923 0.70999 -0.70395
vn -0.24946 0.33545 -0.90843
vn 0.70833 0.34983 -0.6131
vn -0.30465 0.48775 -0.8181
vn 0.27893 0.29482 -0.91394
vn 0.03794 -0.64396 -0.76412
vn 0.712 -0.3358 -0.61668
vn 0.00698 0.74281 -0.66947
vn 0.00299 -0.3989 -0.91699
vn 0.32608 -0.59412 -0.73532
vn 0.0474 0.40103 -0.91484
vn 0.29917 0.7382 -0.60462
vn -0.16437 0.26592 -0.94988
vn 0.87267 0.18086 -0.45357
vn 0.95206 0.29597 0.07735
vn 0.97916 0.20301 0.00592
vn 0.96158 0.27383 0.01938
vn 0.98614 0.16592 0.00018
vn 0.94431 0.32638 0.04199
vn -0.13079 -0.16494 -0.97759
vn -0.31047 -0.06921 -0.94806
vn -0.25014 -0.36762 0.8957
vn -0.477 -0.41507 -0.77472
vn 0.00604 -0.46503 0.88527
vn 0.98398 0.13154 0.12034
vn 0.98862 -0.02132 -0.14889
vn 0.93128 0.33764 0.13682
vn -0.08512 -0.14449 -0.98584
vn -0.13163 -0.65896 -0.74057
vn 0.99826 0.02121 0.05506
vn 0.96922 0.10505 0.22264
vn -0.11158 0.1607 -0.98068
vn 0.00321 0.05001 -0.99874
vn -0.02373 -0.01467 -0.99961
vn 0.99128 -0.00248 0.13173
vn -1 -9E-05 -0.00042
vn 0.99048 0.00064 -0.13768
vn -0.51514 -0.84727 -0.12945
vn 0.99999 -0.0002 0.00339
vn -0.95955 -0.12632 -0.2516
vn -0.03491 -0.85545 -0.51671
vn -0.19346 -0.76441 0.61502
vn 0.98806 -0.14764 -0.04413
vn 0.97274 -0.21576 -0.08493
vn 0.95235 -0.22031 -0.21093
vn -0.70935 -0.51655 -0.47959
vn -0.34612 -0.69643 -0.62864
vn -0.02592 -0.999 -0.03638
vn -0.97194 -0.1354 -0.19235
vn -0.24787 -0.41958 -0.87322
vn -0.00873 -0.97881 0.20457
vn -0.29756 -0.93275 0.20357
vn -0.25041 0.08348 0.96453
vn -0.73044 -0.68199 0.03671
vn -0.89096 -0.42296 -0.16522
vn -0.21287 -0.03161 0.97657
vn 0.00445 0.09214 0.99574
vn 0.00186 -0.03942 0.99922
vn -0.19052 -0.92633 0.32497
vn -0.1445 -0.77694 -0.61277
vn 0.00023 -0.87157 -0.49027
vn -0.03075 -0.92307 -0.38341
vn 0.9565 -0.26837 -0.11438
vn 0.95482 -0.12414 -0.27001
vn 0.01859 -0.93189 0.36226
vn -0.11912 -0.91865 0.37668
vn -0.28076 -0.90534 0.31866
vn 0.18458 -0.90949 0.37251
vn -0.00451 -0.94361 0.33102
vn 0.0099 -0.90911 0.41645
vn -0.24364 -0.2225 0.944
vn -0.21864 -0.15057 0.96412
vn 0.03065 -0.99775 -0.05963
vn 0.80657 -0.37476 0.45716
vn 0.57105 -0.37252 0.73153
vn 0.83853 -0.49079 0.23663
vn -0.07347 -0.8918 -0.44642
vn -0.81281 -0.41748 0.40626
vn -0.33086 -0.03047 0.94319
vn -0.26832 -0.0695 0.96082
vn -0.45018 -0.11013 0.88612
vn -0.03076 0.02228 0.99928
vn -0.43523 -0.89894 0.04981
vn -0.50396 -0.85969 0.08338
vn -0.52657 -0.84996 -0.017
vn 0.75819 -0.63336 0.15496
vn -0.81243 0.19378 -0.54992
vn -0.32143 0.45364 -0.8312
vn 0.59212 0.7978 -0.11363
vn -0.97496 -0.07641 -0.20883
vn -0.9801 0.02658 -0.1967
vn -0.74957 0.31442 -0.58248
vn 0.89551 -0.44077 0.06149
vn -0.95755 -0.25478 0.13485
vn -0.96808 -0.24924 0.02634
vn -0.9901 0.13121 -0.04977
vn -0.97009 0.10828 -0.21728
vn -0.93315 0.35212 0.07237
vn -0.0088 -0.99624 0.08616
vn -0.06567 -0.99681 -0.04543
vn -0.50333 -0.56404 0.65461
vn -0.78683 -0.54153 0.29605
vn -0.97991 -2E-05 0.19942
vn 0.72911 -0.41243 0.54617
vn -0.47717 -0.71228 0.51474
vn -0.94654 -0.30802 -0.09587
vn -0.88274 -0.45586 -0.11387
vn -0.08587 -0.62387 0.7768
vn 0.11511 -0.77387 0.6228
vn -0.40737 0.8683 -0.28303
vn 0.36838 -0.56428 0.73884
vn 0.96795 0.25115 -0.00149
vn 0.94139 -0.2612 0.21346
vn 0.66005 -0.58216 0.47479
vn 0.36857 -0.409 0.83479
vn 0.40267 -0.91532 -0.00751
vn 0.51317 -0.85473 0.078
vn 0.30523 -0.93237 0.19372
vn 0.42605 0.86408 -0.26805
vn 0.96191 -0.12047 0.24541
vn 0.73833 -0.26879 0.61856
vn -0.69599 -0.71388 -0.07726
vn 0.99637 0.0152 -0.08374
vn 0.9393 0.01056 0.34294
vn 0.85977 0.24419 0.44851
vn -0.83225 0.51114 -0.21472
vn 0.8579 0.25195 -0.44781
vn 0.98182 0.15013 0.11616
vn 0.98711 0.14546 -0.06672
vn 0.13789 0.71406 -0.68638
vn 0.80625 0.18994 -0.56025
vn 0.75424 -0.47773 -0.45043
vn 0.35884 -0.84797 -0.39012
vn -0.08373 -0.90294 -0.42153
vn -0.65531 -0.4694 -0.5918
vn -0.67318 0.23609 -0.70077
vn 0.11967 0.90046 -0.41815
vn 0.97216 -0.2189 -0.08356
vn 0.90603 0.35152 -0.23568
vn 0.88733 0.38353 -0.25602
vn -0.94553 -0.17552 -0.27417
vn -0.30139 -0.93091 -0.20634
vn -0.60821 -0.76283 -0.21949
vn -0.8326 -0.44249 -0.33314
vn -0.80639 0.38012 -0.45303
vn -0.8261 0.38659 -0.41001
vn -0.79963 0.41986 -0.42931
vn -0.35194 0.87509 -0.3322
vn 0.63461 0.46376 -0.61822
vn 0.61148 0.3799 -0.69409
vn 0.84001 0.39944 -0.36719
vn 0.73052 0.64687 -0.21888
vn -0.36478 0.91111 0.19189
vn -0.44795 0.74716 0.49101
vn -0.11856 0.61096 0.78273
vn 0.22553 0.67575 0.70178
vn 0.36661 0.82159 0.43656
vn 0.23741 0.95763 0.16304
vn -0.07386 0.9955 0.05934
vn -0.61224 0.78486 -0.09568
vn -0.70998 0.52238 0.47228
vn -0.18716 0.28249 0.94083
vn 0.45296 0.35079 0.81962
vn 0.67086 0.64994 0.35711
vn 0.42174 0.90367 -0.07426
vn -0.08875 0.93932 -0.33135
vn 0.25999 0.4468 -0.85602
vn 0.62058 0.52023 -0.58672
vn 0.58991 0.52046 -0.61736
vn 0.57565 0.67782 -0.45738
vn -0.95027 0.2483 -0.18795
vn -0.22138 0.62562 -0.74806
vn 0.33757 0.58437 -0.73794
vn 0.41504 0.88099 -0.22714
vn 0.86632 0.49792 -0.03963
vn 0.7927 0.57006 -0.21601
vn 0.84251 0.53348 -0.07467
vn 0.32657 0.82356 -0.46378
vn 0.3621 0.88593 -0.28985
vn 0.21837 0.74004 -0.63613
vn -0.98568 0.03433 -0.16508
vn -0.98649 -0.09773 -0.13149
vn -0.77418 0.53466 -0.3388
vn -0.24241 -0.88785 0.3911
vn -0.79074 -0.60854 0.06649
vn 0.32538 -0.8565 0.40067
vn 0.41489 -0.84526 0.33676
vn 0.20761 -0.94163 0.26502
vn 0.44857 -0.76807 0.457
vn 0.98477 0.1733 -0.01425
vn 0.99613 0.08448 -0.0242
vn -0.28469 0.70195 -0.65286
vn -0.41363 0.75876 -0.50318
vn -0.89047 -0.45247 0.04836
vn -0.19585 0.8834 -0.42573
vn -0.19673 -0.86633 0.4591
vn 0.85466 -0.46449 0.23197
vn -0.27666 -0.91727 0.28648
vn 0.96339 -0.23511 0.12882
vn 0.87575 -0.42981 0.21982
vn -0.96875 -0.23734 0.07203
vn 0.77676 0.49186 -0.39335
vn 0.34134 0.89638 -0.28284
vn -0.3318 -0.91287 0.23786
vn -0.51949 -0.84397 0.13357
vn -0.72158 0.29357 -0.62701
vn -0.31462 0.30475 -0.89897
vn 0.61029 0.75321 -0.2454
vn -0.97975 0.00817 -0.20006
vn -0.87446 0.06557 -0.48065
vn -0.74479 0.21915 -0.63029
vn 0.88575 -0.44027 0.14701
vn 0.94304 -0.29779 0.14828
vn -0.96163 -0.21038 0.17611
vn -0.07946 -0.95515 0.28527
vn -0.98776 0.13733 -0.074
vn -0.96835 0.08476 -0.23476
vn -0.92686 0.37535 0.00719
vn -0.81937 -0.32492 0.4723
vn -0.08289 -0.98782 0.13167
vn -0.79849 -0.46002 0.38833
vn -0.51215 -0.43049 0.74323
vn -0.97951 0.05213 0.19451
vn 0.72259 -0.32167 0.61188
vn -0.4899 -0.58523 0.64614
vn -0.88806 -0.45885 -0.02846
vn -0.09561 -0.47489 0.87483
vn 0.35954 -0.43079 0.82774
vn 0.33515 -0.60791 0.7198
vn 0.97055 0.23682 -0.04423
vn 0.95393 -0.21536 0.20889
vn 0.64457 -0.50467 0.57432
vn 0.36253 -0.26099 0.89468
vn 0.38682 -0.90896 0.1554
vn 0.50286 -0.83266 0.23198
vn 0.44053 0.79552 -0.41604
vn 0.96 -0.09162 0.26459
vn 0.73438 -0.16766 0.65771
vn -0.71368 -0.69802 0.05845
vn -0.7806 -0.61373 0.11828
vn 0.99738 -0.01487 -0.07086
vn 0.93977 0.05497 0.33734
vn 0.86442 0.30493 0.39974
vn -0.82331 0.48137 -0.30074
vn 0.90116 0.11511 -0.41793
vn 0.86154 0.15389 -0.4838
vn 0.98441 0.15142 0.08951
vn 0.98939 0.11436 -0.08964
vn 0.14929 0.57876 -0.80172
vn 0.80869 0.07387 -0.58358
vn 0.74533 -0.56283 -0.35737
vn 0.34368 -0.90968 -0.23317
vn -0.09981 -0.96173 -0.25515
vn -0.66406 -0.55544 -0.50051
vn -0.66991 0.11982 -0.73271
vn 0.13462 0.81 -0.57076
vn 0.96814 -0.24691 -0.04173
vn 0.91165 0.28862 -0.29257
vn 0.89347 0.31685 -0.3183
vn -0.94876 -0.20502 -0.24046
vn -0.31764 -0.94742 -0.03879
vn -0.62155 -0.77907 -0.08204
vn -0.84053 -0.4801 -0.25102
vn 0.86151 0.36467 -0.3533
vn -0.81984 0.32202 -0.47346
vn -0.79282 0.35089 -0.4983
vn -0.33722 0.80836 -0.48252
vn 0.61705 0.24043 -0.74929
vn 0.8463 0.31362 -0.4306
vn 0.74128 0.58524 -0.32863
vn -0.34878 0.93682 0.02689
vn -0.43438 0.82988 0.35015
vn -0.10701 0.74185 0.66197
vn 0.23803 0.78535 0.57145
vn 0.38127 0.87949 0.28485
vn 0.25408 0.96714 -0.00866
vn -0.05661 0.9914 -0.118
vn -0.59874 0.76593 -0.23425
vn -0.70027 0.60987 0.37105
vn -0.18107 0.4478 0.87561
vn 0.45997 0.48254 0.74538
vn 0.68241 0.69128 0.23759
vn 0.43716 0.86886 -0.23232
vn -0.07297 0.8672 -0.49259
vn 0.26656 0.28363 -0.92114
vn 0.26325 0.44073 -0.85817
vn 0.62871 0.39737 -0.66845
vn 0.598 0.3927 -0.6987
vn 0.58667 0.57613 -0.56912
vn -0.94594 0.22804 -0.23063
vn -0.21176 0.48063 -0.85097
vn 0.34665 0.43858 -0.82914
vn 0.8779 0.45961 -0.13432
vn 0.74863 0.5859 -0.31027
vn 0.88483 0.3748 -0.27677
vn -0.14933 0.79523 -0.58763
vn 0.26343 0.84869 -0.45861
vn -0.96219 0.14495 -0.23061
vn -0.97364 0.02611 -0.2266
vn -0.74853 0.48458 -0.45265
vn -0.62552 -0.73962 0.24838
vn -0.68055 -0.63257 0.36974
vn 0.27696 -0.78271 0.55736
vn 0.99966 0.02023 0.01623
vn 0.63127 0.56973 -0.52621
vn -0.3593 0.80041 -0.47984
vn -0.68115 0.40726 -0.60842
vn -0.97347 -0.22814 -0.01768
vn -0.91756 -0.38215 0.10971
vn -0.91932 -0.37909 0.10554
vn -0.22001 0.72186 -0.65614
vn 0.65466 0.68 -0.33019
vn -0.07814 0.60788 -0.79017
vn -0.2398 -0.81545 0.52682
vn 0.09335 -0.76744 0.63429
vn 0.85609 -0.41168 0.31246
vn 0.45569 0.69395 -0.55747
vn -0.96296 -0.26916 -0.01626
vn 0.47824 0.53832 -0.6939
vn -0.37864 -0.83929 0.39015
vn -0.21213 -0.89423 0.39416
vn -0.50523 -0.85258 -0.13359
vn -0.37946 -0.90257 -0.20343
vn -0.48316 0.45024 -0.7509
vn -0.54214 0.57983 -0.60818
vn 0.71228 -0.70153 -0.02261
vn 0.76402 -0.64122 0.07144
vn -0.71798 0.35103 -0.60107
vn -0.32799 0.55382 -0.76532
vn 0.58783 0.80899 -0.0011
vn -0.98056 0.03953 -0.19219
vn -0.93358 0.09245 -0.34623
vn -0.75408 0.37802 -0.53709
vn 0.89202 -0.45199 0.00161
vn -0.95412 -0.28226 0.09995
vn 0.05545 -0.99843 -0.00826
vn -0.99173 0.12403 -0.0329
vn -0.9716 0.12334 -0.20196
vn -0.93746 0.32786 0.11697
vn -0.80706 -0.47705 0.34797
vn 0.08868 -0.98296 -0.161
vn -0.79189 -0.56873 0.22239
vn -0.4955 -0.65074 0.57534
vn -0.97963 -0.03837 0.1971
vn 0.73482 -0.47072 0.48833
vn -0.46808 -0.77606 0.42265
vn -0.97141 -0.19716 -0.13226
vn -0.88421 -0.43392 -0.1729
vn -0.07119 -0.74203 0.66658
vn -0.57638 0.8088 -0.11676
vn 0.33847 -0.65221 0.67828
vn 0.35172 -0.789 0.50375
vn 0.96469 0.26145 0.03181
vn 0.94483 -0.27481 0.17826
vn 0.71433 -0.58493 0.38418
vn 0.42731 -0.49022 0.75966
vn 0.31068 -0.95048 0.00784
vn 0.51227 -0.85818 -0.03332
vn -0.77827 -0.6249 -0.0617
vn 0.9636 -0.13918 0.22826
vn 0.7423 -0.33761 0.5788
vn 0.41481 0.89694 -0.15307
vn 0.99601 0.03858 -0.08042
vn 0.93944 -0.02226 0.342
vn 0.85707 0.19462 0.47702
vn -0.85093 0.50468 -0.14565
vn 0.85931 0.33377 -0.38754
vn 0.85419 0.31891 -0.41068
vn 0.97996 0.14616 0.13533
vn 0.98513 0.16539 -0.0466
vn 0.12814 0.79897 -0.58755
vn 0.80321 0.27142 -0.53027
vn 0.76378 -0.39458 -0.51084
vn 0.17698 -0.84103 -0.51122
vn -0.12 -0.82302 -0.5552
vn -0.64992 -0.39668 -0.64826
vn -0.67683 0.31672 -0.66452
vn 0.10785 0.94866 -0.29736
vn 0.98316 -0.14745 -0.10799
vn 0.90127 0.39065 -0.18737
vn 0.88214 0.4248 -0.20339
vn -0.50096 -0.82138 -0.2727
vn 0.88779 -0.40335 -0.22169
vn 0.6508 -0.73357 -0.19579
vn 0.34979 -0.89894 -0.26372
vn -0.94263 -0.15549 -0.29542
vn -0.81473 -0.40672 -0.41328
vn -0.40327 0.88621 -0.22804
vn -0.84946 0.38804 -0.35755
vn -0.8027 0.45815 -0.38179
vn 0.28539 0.5504 -0.78461
vn 0.60575 0.47629 -0.63735
vn 0.83452 0.45443 -0.31156
vn 0.72206 0.67904 -0.13239
vn -0.24775 0.94286 0.22278
vn -0.44918 0.78235 0.43147
vn -0.38873 0.59662 0.7021
vn -0.0862 0.50332 0.85979
vn 0.31792 0.64781 0.6923
vn 0.32312 0.85643 0.40265
vn 0.08076 0.97419 0.21077
vn -0.391 0.90881 -0.14554
vn -0.75473 0.6159 0.22593
vn -0.64741 0.27463 0.71094
vn -0.07269 0.12048 0.99005
vn 0.57932 0.39485 0.71308
vn 0.63591 0.75143 0.17599
vn 0.19224 0.97109 -0.14151
vn 0.26301 0.89219 -0.36719
vn 0.24574 0.68143 -0.68939
vn 0.61336 0.59996 -0.51366
vn 0.58265 0.60378 -0.54402
vn 0.56657 0.7388 -0.36493
vn -0.95352 0.2586 -0.15465
vn -0.12987 0.53604 -0.83414
vn -0.1329 0.72559 -0.67517
vn 0.32941 0.67964 -0.65542
vn 0.21429 0.97028 -0.11244
vn 0.86156 0.50723 0.02082
vn 0.78521 0.60331 -0.13951
vn 0.83915 0.54385 0.00795
vn -0.77683 0.47254 -0.41622
vn 0.24225 0.93697 -0.2518
vn 0.26503 0.82862 -0.4931
vn -0.98858 0.00663 -0.15056
vn -0.95369 0.1875 -0.23522
vn -0.76684 0.58252 -0.26949
vn -0.83656 0.52433 -0.15892
vn -0.35638 0.77538 -0.52132
vn 0.1649 -0.97629 0.14022
vn 0.98248 0.18613 0.00904
vn 0.99864 0.04538 -0.02566
vn -0.21625 0.95612 -0.19766
vn -0.4237 0.81248 -0.40044
vn -0.59584 0.77226 -0.22044
vn -0.88279 -0.46974 0.00578
vn -0.27066 0.90847 -0.31848
vn 0.56697 -0.81039 0.14769
vn 0.13187 -0.95119 0.27901
vn 0.96642 -0.23765 0.09775
vn 0.89356 -0.41525 0.17063
vn 0.91872 -0.36857 0.14181
vn 0.71193 0.59671 -0.37025
vn 0.48513 0.86026 -0.15686
vn 0.58608 -0.76018 0.28041
vn -0.10569 0.64679 -0.75531
vn -0.38013 -0.8943 0.23608
vn -0.43903 -0.88874 0.13189
vn -0.51223 -0.85884 0.00511
vn -0.32759 -0.93264 0.15124
vn -0.50167 0.40618 -0.76377
vn -0.56005 0.37129 -0.7406
vn -0.17002 0.73382 -0.65772
vn -0.53116 0.53377 -0.658
vn -0.2455 0.8519 -0.4626
vn -0.83925 0.28033 -0.46592
vn -0.7492 0.27478 -0.60266
vn -0.52156 0.63241 -0.57274
vn -0.84249 0.31821 -0.43468
vn -0.48342 0.75353 -0.44554
vn 0.59953 0.79014 -0.12743
vn -0.99618 -0.04578 -0.07439
vn -0.91202 0.10318 -0.39696
vn -0.80941 0.45414 -0.37231
vn -0.74353 0.63409 -0.21235
vn -0.95214 -0.23157 0.19953
vn 0.89446 -0.44112 0.07315
vn 0.95376 -0.2834 0.10013
vn -0.92985 -0.32587 0.17085
vn -0.94408 0.15133 0.29295
vn -0.97578 0.20068 -0.087
vn -0.93517 0.35398 -0.01197
vn -0.01146 -0.99349 0.11337
vn -0.06831 -0.9975 -0.01831
vn -0.72043 -0.57344 0.39005
vn -0.67751 -0.50727 0.5326
vn -0.76881 -0.41536 0.48621
vn -0.9685 -0.09214 0.23133
vn -0.78506 -0.1388 0.60366
vn -0.33172 -0.68236 0.65142
vn -0.35364 -0.71349 0.60487
vn -0.78335 -0.33296 0.52489
vn -0.47202 -0.32093 0.8211
vn -0.88131 -0.4623 -0.09785
vn -0.04109 -0.66531 0.74544
vn -0.46147 -0.47789 0.74744
vn -0.07387 -0.38842 0.91852
vn -0.566 0.78829 -0.24133
vn 0.27218 -0.6571 0.70295
vn 0.27206 -0.72352 0.63443
vn 0.29642 -0.5742 0.76317
vn -0.06251 -0.54157 0.83833
vn 0.03666 -0.57421 0.81789
vn 0.33304 -0.33087 0.88295
vn 0.96861 0.24846 -0.00825
vn 0.71728 -0.44424 0.5368
vn 0.76419 -0.46553 0.44643
vn 0.50068 -0.4677 0.7284
vn 0.68351 -0.35859 0.63578
vn 0.4165 -0.89557 0.15645
vn 0.40024 -0.91624 0.01742
vn 0.51882 -0.84809 0.10753
vn 0.48541 -0.84932 0.20744
vn 0.9471 -0.25458 0.19544
vn 0.96617 -0.20337 0.15863
vn 0.91973 -0.21745 0.32681
vn 0.67587 -0.16504 0.7183
vn 0.99944 0.00129 0.03342
vn -0.70535 -0.7075 -0.04395
vn -0.77365 -0.63318 0.02344
vn 0.97513 0.08134 -0.20615
vn 0.90328 -0.14673 0.40319
vn 0.88774 0.08374 0.45267
vn 0.98728 0.1383 0.07838
vn -0.84326 0.48846 -0.22431
vn 0.85726 0.29726 -0.42041
vn 0.90446 0.4102 0.11701
vn 0.45322 0.84104 -0.29536
vn 0.13977 0.69476 -0.70553
vn 0.80675 0.17251 -0.56515
vn 0.75716 -0.48149 -0.44144
vn 0.214 -0.89754 -0.38552
vn -0.0861 -0.91384 -0.39684
vn -0.65654 -0.4836 -0.57887
vn -0.67255 0.21873 -0.70699
vn 0.12231 0.88685 -0.44557
vn 0.97978 -0.1827 -0.08158
vn 0.90695 0.34259 -0.24509
vn 0.88834 0.37409 -0.2663
vn 0.53377 -0.84472 -0.03925
vn 0.87374 -0.45158 -0.1807
vn -0.94599 -0.18042 -0.26937
vn -0.30384 -0.93538 -0.18097
vn -0.61023 -0.7669 -0.19871
vn -0.83376 -0.44919 -0.32104
vn -0.36628 0.85971 -0.356
vn -0.84378 0.33999 -0.41527
vn -0.79597 0.40471 -0.45015
vn 0.89483 0.39153 -0.21445
vn -0.67522 0.22233 0.70331
vn 0.89369 0.32207 -0.31239
vn 0.80711 0.56921 -0.15676
vn -0.27518 0.95818 0.07859
vn -0.49094 0.80801 0.32571
vn -0.42237 0.6173 0.66374
vn -0.08945 0.53995 0.83693
vn 0.17604 0.57194 0.80119
vn 0.41785 0.72631 0.54578
vn 0.35237 0.91009 0.21812
vn 0.06302 0.99728 0.03821
vn -0.38929 0.91071 -0.13808
vn -0.73023 0.64875 0.21423
vn -0.10565 -0.01649 0.99427
vn 0.32774 0.05338 0.94326
vn 0.73228 0.4214 0.53497
vn 0.14884 0.95122 -0.27024
vn 0.56658 0.82195 0.05817
vn 0.64294 0.51937 -0.56292
vn 0.28885 0.56715 -0.7713
vn 0.42085 0.43741 -0.79471
vn -0.18546 0.60414 -0.77499
vn -0.94961 0.24561 -0.19471
vn -0.15281 0.47187 -0.86833
vn -0.16764 0.46612 -0.86869
vn 0.28026 0.63463 -0.72021
vn -0.1593 0.92842 -0.33563
vn 0.86923 0.491 -0.05784
vn 0.80277 0.55192 -0.22572
vn 0.85791 0.50807 -0.07654
vn 0.33786 0.85209 -0.39974
vn 0.26465 0.74521 -0.61207
vn -0.81617 0.47088 -0.33488
vn -0.98384 -0.05514 -0.17035
vn -0.74836 0.5557 -0.36215
vn -0.79954 0.41995 -0.42939
vn -0.81835 0.52301 -0.23825
vn -0.75067 0.41188 -0.51657
vn -0.67824 -0.72151 0.13936
vn -0.64778 -0.71615 0.25983
vn 0.34378 -0.84386 0.41197
vn 0.39461 -0.84895 0.35152
vn 0.99943 -0.00323 0.03352
vn 0.99885 0.02831 -0.03881
vn -0.34775 0.65019 -0.67552
vn -0.60679 0.72139 -0.33376
vn -0.96652 -0.25165 -0.05015
vn -0.91295 -0.4066 0.03451
vn -0.8968 -0.42511 0.12257
vn -0.17794 0.88136 -0.43766
vn -0.17748 0.79337 -0.5823
vn -0.95895 -0.28217 -0.02812
vn -0.17879 -0.89892 0.39998
vn -0.25407 -0.91465 0.31442
vn 0.10459 -0.85255 0.51207
vn 0.8678 -0.43116 0.24702
vn 0.77197 0.49565 -0.39798
vn 0.53777 0.79983 -0.26659
vn -0.53737 -0.75933 0.36695
vn -0.48872 -0.85075 -0.19333
vn -0.30625 -0.94952 -0.06805
vn -0.73647 0.48003 -0.47664
vn -0.33227 0.60679 -0.72209
vn 0.58137 0.8115 0.05906
vn -0.98089 0.04662 -0.18887
vn -0.87988 0.20847 -0.42703
vn -0.75699 0.41143 -0.50763
vn 0.9043 -0.42597 -0.02824
vn 0.96014 -0.27739 0.03443
vn -0.95201 -0.2958 0.07855
vn -0.80346 -0.50741 0.31142
vn -0.99262 0.11896 -0.02375
vn -0.97254 0.13098 -0.19238
vn -0.93975 0.31148 0.14087
vn 0.01487 -0.99291 -0.11796
vn -0.04869 -0.96726 -0.24907
vn -0.78768 -0.5894 0.17938
vn -0.49056 -0.69527 0.5253
vn -0.97925 -0.05999 0.19355
vn 0.73839 -0.50039 0.4521
vn -0.4623 -0.80869 0.36373
vn -0.87106 -0.44702 -0.20355
vn -0.06558 -0.79001 0.60957
vn -0.58416 0.80978 -0.05485
vn 0.34342 -0.69836 0.62798
vn 0.29743 -0.83937 0.45497
vn 0.96279 0.26533 0.05131
vn 0.95049 -0.27248 0.14939
vn 0.70663 -0.61945 0.34199
vn 0.43113 -0.54223 0.72119
vn 0.43808 -0.89745 -0.05171
vn 0.42004 -0.88681 -0.1927
vn 0.54056 -0.83659 -0.08895
vn 0.50485 -0.86317 0.00765
vn 0.43347 0.89636 -0.09299
vn 0.96467 -0.14879 0.21743
vn 0.74494 -0.37432 0.55222
vn -0.68951 -0.69404 -0.20708
vn -0.7584 -0.64111 -0.1175
vn 0.99516 0.05287 -0.08285
vn 0.9397 -0.04083 0.33955
vn 0.85583 0.16482 0.4903
vn -0.85461 0.50794 -0.10787
vn 0.85673 0.36785 -0.36153
vn 0.85171 0.35472 -0.3857
vn 0.97893 0.14277 0.14597
vn 0.98389 0.17551 -0.03402
vn 0.12216 0.84134 -0.52652
vn 0.80103 0.31589 -0.5085
vn 0.76641 -0.34998 -0.53863
vn 0.23284 -0.7798 -0.58112
vn -0.06686 -0.79977 -0.59657
vn -0.64729 -0.35208 -0.67605
vn -0.67935 0.36033 -0.63925
vn 0.10117 0.96806 -0.22939
vn 0.98337 -0.13705 -0.11919
vn 0.89835 0.41 -0.15767
vn 0.87898 0.44511 -0.17111
vn 0.55236 -0.80088 -0.23126
vn 0.88307 -0.37823 -0.27773
vn -0.94252 -0.13477 -0.30578
vn -0.28342 -0.87525 -0.39193
vn -0.59355 -0.71411 -0.37114
vn -0.82448 -0.38187 -0.41763
vn -0.38643 0.91011 -0.14957
vn -0.85237 0.4074 -0.32785
vn -0.80613 0.47945 -0.34681
vn 0.81265 0.53271 -0.23626
vn 0.60224 0.52519 -0.60123
vn 0.8311 0.48235 -0.27679
vn 0.71709 0.69221 -0.08143
vn -0.38225 0.84561 0.3726
vn -0.46147 0.62263 0.63197
vn -0.12877 0.43648 0.89045
vn 0.21378 0.52318 0.82497
vn 0.35134 0.7227 0.59521
vn 0.21884 0.90895 0.35486
vn -0.09335 0.96095 0.26049
vn -0.62784 0.77563 0.06492
vn -0.71905 0.40121 0.56745
vn -0.19051 0.08143 0.9783
vn 0.44785 0.18562 0.87463
vn 0.65873 0.57685 0.48303
vn 0.40364 0.90805 0.11187
vn -0.10805 0.98514 -0.13348
vn 0.24912 0.61666 -0.74678
vn 0.2406 0.73864 -0.62971
vn 0.60882 0.64089 -0.46755
vn 0.57807 0.64675 -0.49755
vn 0.56108 0.76795 -0.30892
vn -0.95543 0.26248 -0.13515
vn -0.23547 0.75563 -0.6112
vn 0.32424 0.72884 -0.60304
vn 0.85789 0.51049 0.0586
vn 0.78918 0.60949 -0.07558
vn 0.8352 0.5478 0.04849
vn 0.85559 0.49191 -0.1612
vn -0.33525 -0.23501 0.91235
vn 0.26459 0.90252 -0.33977
vn 0.23539 0.95482 -0.18142
vn -0.96786 0.18863 -0.16634
vn -0.97564 0.07338 -0.20675
vn -0.75908 0.60457 -0.24146
vn -0.84038 0.52863 -0.11964
vn -0.63942 -0.76885 -0.00254
vn 0.37178 -0.91951 0.12759
vn 0.48488 -0.82513 0.28992
vn 0.99896 0.0136 0.0434
vn 0.97818 0.20484 -0.03458
vn -0.62353 0.76529 -0.1598
vn -0.69301 0.58529 -0.42092
vn -0.96165 -0.25306 -0.10577
vn -0.89883 -0.43495 -0.05413
vn -0.27733 0.92765 -0.25012
vn -0.14339 0.98138 -0.12783
vn -0.12335 0.85047 -0.51136
vn -0.18714 -0.97809 0.09123
vn 0.13346 -0.96819 0.21164
vn 0.89333 -0.42818 0.13647
vn 0.52069 0.85007 -0.07914
vn 0.45316 0.77557 -0.43948
vn -0.40277 -0.89972 0.16819
vn 0.25725 -0.94441 0.20473
vn 0.42721 -0.68226 0.59331
vn -0.00907 -0.9782 0.20747
vn 0.27044 -0.41306 0.86962
vn -0.21377 -0.1245 0.96892
vn 0.49574 -0.85634 -0.14469
vn 0.96528 -0.11971 -0.23215
vn 0.27309 -0.94085 0.20055
vn 0.43828 -0.39828 -0.80578
vn 0.01845 -0.48985 -0.87161
vn 0.79853 -0.35392 -0.48693
vn -0.07789 -0.91588 0.39383
vn 0.15974 -0.93204 0.32525
vn -0.00478 -0.91866 0.39501
vn 0.00614 -0.9315 0.36369
vn -0.07806 -0.92962 -0.36016
vn -0.31423 -0.8846 -0.34458
vn 0.11215 -0.89544 -0.43082
vn 0.20944 -0.92503 -0.31693
vn 0.10992 -0.80221 -0.58684
vn 0.11563 -0.86776 -0.48334
vn -0.93806 -0.30377 -0.16663
vn 0.11724 -0.76413 -0.63432
vn 0.07323 0.04946 -0.99609
vn 0.06982 0.25928 -0.96328
vn 0.07801 -0.54701 -0.83349
vn 0.07344 -0.34223 -0.93674
vn -0.96132 0.27495 0.01638
vn -0.98614 0.16592 0.00018
vn -0.83152 -0.53699 -0.14221
vn -0.78038 -0.6239 -0.04187
vn 0.18117 -0.52091 -0.83417
vn -0.93944 -0.32759 -0.10068
vn 0.17817 -0.74372 -0.64432
vn -0.3906 0.87724 -0.27909
vn -0.0125 -0.03871 -0.99917
vn -0.19384 0.88602 -0.42119
vn -0.30583 0.795 -0.52387
vn -0.30833 0.8264 -0.47116
vn -0.2382 0.94001 0.24423
vn -0.00905 0.96709 0.25429
vn -0.00543 0.92073 0.39016
vn -0.2238 0.89292 0.39066
vn -0.44315 0.82894 0.34129
vn -0.00062 0.12096 -0.99266
vn 0.16499 -0.03869 -0.98554
vn 0.329 -0.64427 -0.69042
vn 0.02113 -0.57775 -0.81594
vn -0.68387 0.65035 -0.33071
vn -0.71417 0.64892 -0.26241
vn -0.71135 0.67647 -0.19071
vn -0.52957 0.77517 -0.34447
vn -0.66348 0.63961 -0.38818
vn -0.82224 -0.45103 -0.34713
vn -0.99699 -0.05273 -0.05691
vn -0.96854 -0.20366 -0.14299
vn 0.13061 0.3321 -0.93416
vn -0.76078 -0.56659 -0.31653
vn 0.68931 -0.72172 0.06301
vn 0.29337 0.0067 -0.95598
vn -0.00428 -0.12495 -0.99215
vn 0.02561 0.18592 -0.98223
vn -0.53656 -0.76323 -0.35998
vn -0.63861 -0.66477 -0.38764
vn -0.33209 -0.86314 -0.38039
vn 0.52614 -0.49621 0.69062
vn 0.0458 -0.98826 0.14572
vn 0.54169 -0.36071 -0.75925
vn 0.81565 -0.56395 0.12914
vn 0.1753 -0.31421 0.93303
vn 0.0419 -0.39211 -0.91896
vn -0.99958 -0.00104 -0.02906
vn 0.64262 -0.73445 -0.21822
vn 0.02768 -0.82115 -0.57004
vn 0.03173 -0.89536 0.44421
vn 0.00844 -0.67306 0.73954
vn 0.37475 -0.33972 0.86264
vn 0.14541 -0.50717 0.84949
vn -1 -0.00075 -0.00035
vn 0.00335 -0.25676 0.96647
vn 0.01089 0.02955 0.9995
vn -0.25449 0.96675 -0.02502
vn -0.11078 -0.1745 0.97841
vn 0.00161 -0.17512 0.98455
vn -0.25235 0.96596 0.05692
vn -0.01125 0.98838 0.15162
vn 0.13352 0.77712 -0.61503
vn -0.39472 0.90421 -0.16311
vn -0.43698 0.89022 0.12865
vn 0.25831 0.47022 -0.8439
vn 0.14689 0.62146 -0.76955
vn 0.40841 -0.14892 0.90057
vn -0.00247 0.77605 0.63066
vn 0.07668 -0.15914 0.98427
vn -0.00504 -0.28184 -0.95945
vn -0.2844 -0.53842 -0.79324
vn -0.20115 -0.2755 -0.94002
vn 0.2304 -0.11332 0.96647
vn 0.21994 -0.16968 0.96064
vn -0.97267 -0.0471 0.22736
vn -0.99882 -0.04843 0.0034
vn -0.21844 -0.19909 -0.95533
vn -0.99108 -0.10854 -0.0773
vn 0.27859 -0.02435 0.9601
vn -0.48096 -0.17926 -0.85822
vn 0.01283 -0.11596 0.99317
vn 0.21013 0.04898 0.97645
vn 0.45014 -0.10981 0.88618
vn 0.21271 -0.04208 0.97621
vn 0.21243 0.09504 0.97254
vn -0.81885 -0.07782 0.56871
vn 0.0068 -0.03614 0.99932
vn -0.54884 -0.11147 0.82846
vn -0.6411 -0.14772 0.75311
vn 0.00921 -0.23454 0.97206
vn 0.27164 -0.2241 0.93594
vn 0.00808 -0.16061 0.98698
vn 0.23006 -0.15243 0.96116
vn -0.70633 -0.11685 -0.69817
vn 0.51613 -0.18061 0.83725
vn -0.93198 -0.09048 -0.35104
vn -0.74305 0.08795 0.66343
vn -0.95389 -0.2993 -0.02276
vn -0.96568 -0.10056 -0.23947
vn -0.8876 0.02059 0.46016
vn -0.88323 0.06398 0.46456
vn -0.74028 0.03923 0.67116
vn 0.99408 0.09775 -0.04748
vn -0.71372 0.17394 0.67849
vn -0.82797 -0.03458 0.55971
vn -0.54984 0.06612 -0.83265
vn -0.35207 0.24338 -0.90378
vn -0.27716 0.11804 -0.95355
vn -0.32168 0.04217 -0.94591
vn 0.9851 0.13386 -0.10796
vn 0.97657 -0.06572 0.20491
vn 0.98358 0.1257 -0.12947
vn 0.989 -0.00343 -0.14784
vn 0.96609 0.08787 -0.24279
vn 0.00574 0.85618 -0.51664
vn 0.1736 0.77594 -0.60645
vn 0.01145 0.69356 -0.72031
vn 0.13217 0.08785 -0.98733
vn 0.19335 -0.07857 -0.97798
vn -0.54172 0.31655 -0.77867
vn -0.65009 0.16468 -0.7418
vn -0.5311 0.11948 -0.83884
vn 0.49358 0.70242 -0.51282
vn 0.44204 0.88567 -0.14207
vn -0.09406 -0.10844 -0.98964
vn 0.63029 0.77636 -0.00156
vn 0.85041 0.51962 -0.08245
vn -0.59986 -0.03982 0.79911
vn -0.68413 -0.12927 0.71781
vn 0.1336 -0.7969 0.58916
vn 0.19292 -0.77727 0.59886
vn -0.10729 -0.45851 0.88219
vn 0.95503 0.21616 -0.20296
vn -0.87988 -0.16339 -0.44622
vn 0.08637 0.36977 -0.9251
vn 0.96659 -0.21269 0.14303
vn 0.79791 0.12267 -0.59017
vn 0.48275 -0.53968 0.68971
vn 0.95461 -0.22826 0.19137
vn 0.75102 -0.3472 0.56162
vn 0.75334 0.12247 0.64613
vn 0.72298 -0.08026 0.68619
vn 0.41614 0.54933 -0.72461
vn 0.52299 0.21284 -0.82534
vn -0.99655 0.04569 -0.06933
vn 0.52587 -0.65811 0.53884
vn -0.33906 -0.20847 0.91738
vn 0.15814 -0.61264 0.77438
vn -0.942 -0.1748 0.28648
vn -0.29318 -0.65755 0.69402
vn -0.29065 -0.66173 0.69112
vn -0.34225 -0.40787 0.84647
vn -0.29085 -0.79072 0.53867
vn 0.56185 0.0453 -0.826
vn 0.68028 0.02169 -0.73263
vn 0.84835 -0.40574 0.34012
vn 0.63234 -0.4005 0.66313
vn -0.68113 -0.49923 0.53556
vn 0.75127 0.40964 -0.51749
vn 0.7197 0.28504 -0.63308
vn -0.99039 0.13787 0.01107
vn -0.98713 0.12193 -0.10351
vn -0.00131 0.05384 0.99855
vn 0.12717 -0.03915 0.99111
vn -0.612 -0.61593 0.49607
vn -0.00619 -0.27613 0.9611
vn -0.20771 0.75918 -0.61685
vn -0.14018 0.95392 -0.26531
vn -0.83942 0.1901 -0.50915
vn -0.95087 0.13904 -0.2766
vn -0.91497 0.15844 -0.37112
vn -0.2554 -0.01759 -0.96668
vn -0.18075 0.14503 -0.97278
vn -0.63083 -0.30573 0.71315
vn -0.64783 0.55715 -0.51951
vn 0.47128 -0.60189 0.64469
vn -0.4175 0.59272 -0.68875
vn -0.35224 0.92084 -0.16729
vn 0.68533 -0.00463 -0.72822
vn -0.63643 -0.67699 0.36966
vn -0.74458 -0.36526 0.55874
vn -0.45701 -0.05287 -0.88789
vn -0.93944 -0.09133 0.33033
vn -0.7666 -0.49195 0.41268
vn -0.54637 0.0314 0.83695
vn 0.04669 0.14219 0.98874
vn 0.08235 0.14519 0.98597
vn 0.56312 0.18751 0.80482
vn -0.92084 -0.17868 -0.34658
vn -0.90057 0.35668 -0.24848
vn -0.97504 -0.21995 -0.03024
vn 0.06947 0.04303 0.99666
vn 0.92125 0.04806 -0.38598
vn 0.80314 0.48557 -0.34525
vn -0.5069 0.01711 0.86184
vn -0.2204 -0.90752 0.35754
vn -0.0154 0.07962 -0.99671
vn 0.18765 -0.82484 0.53332
vn -0.71325 -0.00647 -0.70088
vn 0.17245 -0.20286 0.9639
vn 0.23021 -0.60046 0.7658
vn -0.49708 0.48039 -0.72259
vn 0.82232 0.11113 0.55807
vn 0.97233 0.21695 -0.08669
vn 0.92158 -0.18556 0.34098
vn -0.99306 -0.10923 -0.04362
vn 0.91119 -0.41004 -0.03994
vn -0.0164 -0.99655 0.08137
vn -0.79384 -0.59591 -0.12128
vn -0.44191 0.75616 -0.48263
vn 0.4762 0.77214 -0.42076
vn 0.93104 -0.36274 0.03976
vn -0.09744 -0.96918 0.22626
vn 0.99776 -0.03356 -0.05782
vn -0.91545 -0.39784 0.06069
vn 0.77623 0.58295 -0.24007
vn -0.52522 -0.82026 0.22654
vn -0.4188 -0.87026 0.25934
vn -0.00012 0.9171 -0.39865
vn 0.08605 0.91705 -0.38937
vn 0.84487 -0.50118 0.18714
vn 0.6561 -0.68615 0.31422
vn -0.86297 0.42433 -0.27427
vn 0.9941 0.01752 -0.107
vn 0.95674 -0.25101 0.1471
vn 0.99142 0.01536 -0.12979
vn 0.97811 -0.1044 -0.18001
vn 0.96864 0.01019 -0.24827
vn 0.16724 0.31789 -0.93326
vn 0.17995 0.14445 -0.97301
vn -0.47226 0.52907 -0.70502
vn -0.60549 0.5976 -0.52559
vn 0.65417 0.68687 -0.31667
vn 0.52049 0.82357 -0.22544
vn 0.57804 0.81235 0.07726
vn 0.50496 0.71299 -0.48649
vn -0.16496 0.40403 -0.89975
vn -0.10875 0.15902 -0.98127
vn -0.89021 -0.4479 0.08321
vn 0.73448 0.65645 0.1721
vn 0.91658 0.39928 0.0214
vn -0.51774 -0.18252 0.83584
vn -0.64686 -0.22339 0.72916
vn 0.02107 -0.92998 0.367
vn 0.07845 -0.92246 0.37804
vn -0.17247 -0.64657 0.74311
vn 0.97623 0.12471 -0.17725
vn -0.89426 0.07929 -0.44046
vn 0.1783 0.68991 -0.70159
vn 0.07272 0.75951 -0.64642
vn 0.92565 -0.37506 0.05007
vn 0.80726 0.15467 -0.56957
vn 0.39707 -0.75962 0.51509
vn 0.91155 -0.40044 0.09336
vn 0.69244 -0.57885 0.43066
vn 0.76314 -0.1512 0.6283
vn 0.70377 -0.35116 0.61757
vn 0.54828 0.33883 -0.76458
vn 0.01738 -0.81171 0.5838
vn 0.42978 -0.83813 0.3359
vn -0.36563 -0.38361 0.84803
vn -0.9749 -0.21008 -0.07373
vn -0.40451 -0.76267 0.50468
vn -0.9906 -0.05929 0.12325
vn -0.43314 -0.73837 0.51692
vn -0.77392 -0.48146 0.4114
vn -0.42127 -0.84518 0.32895
vn 0.56249 0.17314 -0.80847
vn 0.67626 0.1104 -0.72834
vn 0.78061 -0.59316 0.19697
vn 0.56776 -0.63928 0.51862
vn -0.92628 -0.23731 0.29272
vn 0.80257 0.41771 -0.42591
vn 0.75336 0.33192 -0.5677
vn 0.0065 -0.2002 0.97973
vn -0.96178 -0.26917 0.05037
vn 0.12018 -0.30533 0.94463
vn 0.3139 0.90494 0.28732
vn -0.04606 -0.50601 0.8613
vn -0.25005 0.75477 -0.60646
vn -0.05053 0.51021 -0.85857
vn -0.96235 0.26513 0.05988
vn -0.98778 0.06031 -0.14371
vn -0.84872 0.2561 -0.46269
vn -0.91766 0.39674 0.02241
vn -0.03756 0.66074 0.74968
vn -0.24989 0.53294 0.80841
vn -0.28585 0.31519 0.90496
vn -0.13173 0.14414 0.98075
vn 0.11113 0.13579 0.98449
vn 0.27896 0.29594 0.91356
vn 0.25944 0.52539 0.81034
vn -0.5922 0.73581 0.32846
vn -0.07905 0.84251 0.53284
vn -0.05183 0.87101 0.48852
vn -0.748 0.19282 0.63507
vn -0.54277 0.62511 0.56093
vn -0.43661 -0.28743 0.8525
vn -0.62012 0.15173 0.76969
vn 0.44258 -0.2966 0.84626
vn -0.29274 -0.239 0.92584
vn -0.03617 -0.36 0.93225
vn 0.23388 -0.21441 0.94833
vn 0.7965 0.15719 0.58385
vn 0.53752 0.15515 0.82885
vn -0.94924 -0.095 0.29988
vn 0.52385 0.62254 0.58139
vn 0.51242 0.5802 0.63308
vn -0.61224 0.27601 -0.74093
vn -0.60408 0.72439 -0.33218
vn 0.37928 -0.80491 0.45637
vn -0.21856 0.88308 -0.41522
vn -0.16023 0.98686 0.02078
vn -0.70669 -0.47351 0.52572
vn -0.48908 0.22624 -0.84239
vn 0.67746 0.08337 -0.73082
vn -0.94277 -0.03931 0.33112
vn -0.82969 -0.46786 0.3045
vn -0.53608 -0.10463 0.83766
vn 0.06677 -0.11985 0.99054
vn 0.10249 -0.12127 0.98731
vn 0.58431 -0.10233 0.80505
vn -0.93701 0.04525 -0.34637
vn -0.83952 0.53024 -0.11853
vn -0.9966 -0.0665 -0.04859
vn 0.07497 -0.21997 0.97262
vn 0.91852 0.01446 -0.39511
vn 0.86492 0.43962 -0.24217
vn -0.49909 -0.13012 0.85673
vn -0.34936 -0.92828 0.12745
vn -0.00372 0.32985 -0.94402
vn 0.06638 -0.95058 0.3033
vn -0.70669 0.27047 -0.65379
vn 0.1413 -0.46156 0.87578
vn 0.14095 -0.80036 0.58272
vn -0.42237 0.71185 -0.56114
vn 0.82975 -0.14949 0.53775
vn 0.91104 0.37499 -0.17145
vn 0.88505 -0.39268 0.24999
vn -0.99842 0.04541 -0.03324
vn -0.92373 -0.27175 -0.26997
vn -0.65678 0.64055 -0.39791
vn 0.99381 0.09876 -0.05091
vn 0.22033 -0.97321 -0.06569
vn 0.99766 0.04238 -0.05358
vn -0.96336 -0.2681 -0.00718
vn 0.90344 0.41464 -0.10895
vn -0.63833 -0.76903 0.03361
vn -0.54029 -0.84005 0.04897
vn 0.20374 0.96715 -0.15202
vn 0.21779 0.96425 -0.15098
vn -0.59376 0.79164 -0.14409
vn 0.77836 -0.62755 0.01805
vn 0.54995 -0.82808 0.10882
vn -0.87508 0.47134 -0.10988
vn 0.98488 0.13245 -0.11167
vn 0.97657 -0.06572 0.20491
vn 0.98358 0.1257 -0.12947
vn 0.989 -0.00343 -0.14785
vn 0.96609 0.08787 -0.24279
vn 0.00574 0.85618 -0.51664
vn 0.1736 0.77594 -0.60645
vn 0.01145 0.69356 -0.72031
vn 0.13217 0.08785 -0.98733
vn 0.19334 -0.07857 -0.97798
vn -0.54173 0.31655 -0.77867
vn -0.65009 0.16468 -0.7418
vn -0.5311 0.11948 -0.83884
vn 0.49358 0.70241 -0.51282
vn 0.44204 0.88567 -0.14207
vn -0.09406 -0.10844 -0.98964
vn 0.63029 0.77636 -0.00157
vn 0.85041 0.51962 -0.08245
vn -0.59986 -0.03982 0.79912
vn -0.68413 -0.12927 0.71781
vn 0.13361 -0.7969 0.58916
vn 0.19292 -0.77727 0.59886
vn -0.10728 -0.45851 0.88219
vn 0.95503 0.21616 -0.20296
vn -0.87988 -0.16339 -0.44622
vn 0.08637 0.36977 -0.9251
vn 0.96659 -0.21269 0.14303
vn 0.7979 0.12267 -0.59017
vn 0.71694 0.1296 0.68498
vn 0.95461 -0.22826 0.19137
vn 0.75102 -0.3472 0.56162
vn 0.48276 -0.53968 0.68971
vn 0.70221 -0.0903 0.70622
vn 0.41614 0.54933 -0.72461
vn 0.52299 0.21284 -0.82534
vn 0.55135 0.33529 -0.76393
vn 0.52587 -0.65811 0.53884
vn -0.33906 -0.20847 0.91738
vn 0.15814 -0.61264 0.77438
vn -0.942 -0.1748 0.28648
vn -0.29318 -0.65755 0.69403
vn -0.29065 -0.66173 0.69112
vn -0.34225 -0.40787 0.84647
vn -0.29086 -0.79072 0.53867
vn 0.56185 0.0453 -0.826
vn 0.68028 0.02169 -0.73263
vn 0.84835 -0.40574 0.34012
vn 0.63234 -0.4005 0.66313
vn -0.68113 -0.49923 0.53556
vn 0.75127 0.40964 -0.51749
vn 0.71969 0.28505 -0.63308
vn 0.55704 0.11086 -0.82306
vn 0.05755 -0.04726 0.99722
vn 0.55268 0.40998 -0.72558
vn 0.05377 0.07663 0.99561
vn -0.46379 0.87778 -0.11999
vn 0.08802 -0.28942 0.95315
vn 0.32841 -0.0293 -0.94408
vn 0.13759 -0.1307 -0.98183
vn -0.83942 0.1901 -0.50915
vn -0.5159 0.68849 -0.50974
vn -0.53048 0.67888 -0.50765
vn -0.612 -0.61593 0.49607
vn 0.8741 -0.47101 0.11873
vn 0.90896 -0.4103 0.07378
vn -0.63082 -0.30573 0.71315
vn -0.64784 0.55715 -0.51951
vn 0.47129 -0.60189 0.64469
vn -0.4175 0.59272 -0.68875
vn -0.35224 0.92084 -0.16728
vn 0.70495 0.00173 -0.70925
vn -0.63643 -0.67698 0.36965
vn -0.74458 -0.36526 0.55874
vn -0.457 -0.05287 -0.8879
vn -0.93909 -0.09058 0.33151
vn -0.88026 -0.06884 0.46948
vn 0.27475 -0.09961 -0.95634
vn -0.54637 0.0314 0.83696
vn -0.31804 -0.17943 0.93094
vn 0.04667 0.14223 0.98873
vn 0.14884 0.15033 0.97737
vn 0.77818 0.19472 0.59709
vn -0.92138 -0.17889 -0.34505
vn -0.9781 -0.20368 -0.0428
vn -0.85858 -0.2938 0.42014
vn 0.6339 0.1615 -0.75636
vn 0.72796 0.3327 -0.59949
vn 0.16063 0.09163 0.98275
vn -0.22581 -0.36884 0.90165
vn 0.07605 0.26859 -0.96025
vn -0.61293 0.23818 -0.75338
vn -0.25293 0.35 -0.90196
vn 0.42384 -0.32197 0.84658
vn -0.34929 -0.01931 -0.93682
vn 0.66001 -0.0657 0.74838
vn 0.70252 0.14874 0.69594
vn -0.77596 -0.06388 -0.62754
vn 0.42628 -0.5193 0.74068
vn -0.93088 -0.36439 -0.02598
vn 0.76206 0.33207 -0.55587
vn 0.36743 -0.47461 0.79984
vn -0.90456 -0.38558 0.18192
vn -0.87043 -0.3857 0.30592
vn 0.75383 0.38349 -0.53354
vn -0.71558 -0.46404 0.52212
vn 0.64398 0.42318 -0.63734
vn 0.06611 0.44731 -0.89193
vn -0.01124 -0.51413 0.85764
vn 0.99408 0.10841 -0.00742
vn 0.80765 -0.19397 0.55684
vn -0.84626 0.07018 -0.52813
vn -0.90725 0.0059 -0.42056
vn 0.93967 -0.04504 0.33911
vn 0.9851 0.16454 -0.04997
vn 0.97657 -0.13768 0.16538
vn 0.98358 0.16504 -0.07297
vn 0.989 0.05219 -0.13837
vn 0.96609 0.17241 -0.19221
vn 0.00574 0.98736 -0.15838
vn 0.1736 0.94659 -0.27171
vn 0.01145 0.91285 -0.40813
vn 0.13217 0.45123 -0.88257
vn 0.16581 0.28975 -0.94263
vn -0.54172 0.58514 -0.60345
vn -0.65009 0.43052 -0.62613
vn -0.5311 0.42495 -0.73304
vn 0.49359 0.84335 -0.21243
vn 0.44204 0.87442 0.19997
vn -0.06742 0.27332 -0.95956
vn 0.63029 0.72044 0.28932
vn 0.85041 0.51268 0.11816
vn -0.59986 -0.33621 0.72604
vn -0.68413 -0.3887 0.61715
vn 0.13761 -0.95873 0.2488
vn 0.19295 -0.94509 0.26378
vn -0.10728 -0.75553 0.64627
vn 0.95503 0.27644 -0.10723
vn -0.87148 0.02199 -0.48994
vn 0.08637 0.68933 -0.71928
vn 0.96659 -0.25078 0.05297
vn 0.7979 0.33477 -0.50128
vn 0.48075 -0.76065 0.43623
vn 0.95461 -0.28332 0.09196
vn 0.75102 -0.53227 0.39072
vn 0.75334 -0.12843 0.64496
vn 0.72298 -0.33141 0.60619
vn 0.41615 0.78073 -0.46613
vn 0.52299 0.50646 -0.68555
vn 0.14136 -0.87355 0.46575
vn 0.53041 -0.80957 0.25153
vn -0.33906 -0.53687 0.77253
vn -0.00131 -0.32405 0.94604
vn -0.9206 -0.28611 0.26578
vn -0.29318 -0.86962 0.39725
vn -0.29127 -0.87108 0.39545
vn -0.34225 -0.6952 0.63211
vn -0.28743 -0.93579 0.20417
vn 0.56184 0.35136 -0.74892
vn 0.68028 0.2945 -0.67119
vn 0.84835 -0.50359 0.1634
vn 0.63234 -0.61971 0.46487
vn -0.69334 -0.64914 0.31287
vn -0.65804 -0.53083 0.53404
vn 0.75127 0.57363 -0.3264
vn 0.71969 0.5014 -0.48025
vn -0.81736 0.49058 -0.30208
vn -0.86209 0.42363 -0.2781
vn -0.74194 0.66903 -0.04398
vn 0.12717 -0.40748 0.90431
vn 0.98304 0.16771 -0.0742
vn -0.0062 -0.61599 0.78773
vn -0.2585 -0.67072 0.6952
vn -0.10149 -0.49769 0.8614
vn 0.71845 -0.07847 0.69113
vn -0.83942 0.36695 -0.40089
vn -0.612 -0.75689 0.22929
vn 0.63292 -0.28721 0.71898
vn -0.95883 0.26746 -0.09546
vn -0.63082 -0.55057 0.54675
vn -0.64784 0.71117 -0.27303
vn 0.47128 -0.79953 0.37235
vn -0.4175 0.80753 -0.41663
vn -0.35224 0.91647 0.18976
vn 0.29593 0.26857 -0.91668
vn -0.63643 -0.76616 0.08921
vn -0.74457 -0.54794 0.38128
vn -0.44352 0.28405 -0.85006
vn 0.98144 0.04264 -0.18696
vn -0.94867 -0.20164 0.24364
vn 0.74154 0.26295 -0.61724
vn -0.86003 -0.24644 0.44678
vn -0.54637 -0.28435 0.7878
vn 0.28134 0.41623 -0.86464
vn 0.04667 -0.23841 0.97004
vn 0.14965 -0.22654 0.96244
vn -0.51474 0.13528 -0.84661
vn -0.44932 0.17222 -0.87661
vn 0.80634 -0.03229 0.59057
vn -0.90067 -0.02119 -0.43398
vn 0.84125 0.34498 -0.41628
vn -0.598 -0.52141 0.6087
vn -0.79533 0.55778 -0.23734
vn -0.569 -0.49052 0.66002
vn 0.02959 -0.72368 0.6895
vn -0.15554 0.45301 -0.87783
vn 0.23307 -0.51986 0.82184
vn -0.63638 0.21421 -0.74103
vn -0.67384 0.5302 -0.51462
vn 0.77005 -0.48084 0.41931
vn 0.72403 -0.13087 0.67724
vn 0.9057 -0.1632 0.39126
vn -0.9994 -0.00218 0.03461
vn -0.9948 -0.09917 0.02308
vn -0.08953 0.67919 -0.72848
vn 0.88335 0.10936 -0.45578
vn -0.09218 0.70571 -0.70248
vn -0.99936 -0.03535 -0.00594
vn 0.98754 -0.01505 -0.15662
vn -0.68941 -0.54049 0.48228
vn -0.76413 -0.47089 0.44088
vn 0.16528 0.71962 -0.67441
vn 0.1843 0.71628 -0.67304
vn 0.08395 -0.79562 0.59995
vn 0.00579 -0.79124 0.61148
vn -0.52668 0.66183 -0.53347
vn 0.81741 -0.50934 0.2691
vn -0.90823 0.35108 -0.22775
vn 0.16669 0.91377 0.37045
vn 0.26121 0.68818 -0.67689
vn -0.04972 0.97982 -0.19358
vn -0.75476 0.64135 0.13788
vn -0.97742 -0.00801 -0.21116
vn 0.16145 -0.96304 -0.21561
vn -0.85044 -0.52603 -0.00732
vn -0.01778 -0.89919 0.4372
vn 0.06174 0.53109 0.84506
vn -0.16885 0.53963 0.82479
vn -0.01344 0.71702 0.69692
vn -0.01288 -0.25873 0.96586
vn -0.15486 -0.01154 0.98787
vn 0.05957 0.0091 0.99818
vn 0.21795 0.21217 0.95262
vn -0.46212 0.80221 0.37803
vn 0.22522 0.6969 0.68088
vn -0.04683 0.98931 0.13812
vn -0.31742 0.73703 0.59668
vn -0.12583 -0.54047 0.8319
vn -0.49155 -0.27869 0.82505
vn -0.29345 -0.25408 0.92159
vn 0.4502 -0.34518 0.82351
vn 0.22828 -0.30541 0.92445
vn 0.72232 0.19786 0.66265
vn 0.48087 0.16526 0.86108
vn -0.79533 0.42829 -0.42897
vn 0.48507 0.62293 0.61373
vn 0.1667 0.98601 0.00126
vn 0.2612 0.38458 -0.88536
vn -0.04971 0.83601 -0.54646
vn -0.75476 0.64631 -0.11236
vn -0.97742 -0.08651 -0.19279
vn 0.24599 -0.95562 0.16209
vn -0.85044 -0.49048 0.19022
vn -0.81174 0.06938 0.57988
vn 0.06528 -0.68317 0.72734
vn 0.06174 0.80894 0.58465
vn -0.15582 0.81042 0.56474
vn -0.01322 0.93673 0.34981
vn -0.0125 0.07709 0.99695
vn -0.19649 0.35274 0.91486
vn 0.05956 0.38228 0.92213
vn 0.21795 0.5535 0.80382
vn -0.45902 0.88636 0.06054
vn 0.22522 0.90119 0.37032
vn -0.12582 -0.18957 0.97377
vn -0.32328 0.90423 0.27904
vn -0.59929 -0.06306 0.79804
vn -0.28969 0.10216 0.95165
vn 0.4502 -0.01164 0.89285
vn 0.22827 0.06304 0.97155
vn 0.72231 0.43164 0.54032
vn 0.48087 0.47573 0.73651
vn -0.79533 0.42829 -0.42897
vn 0.48507 0.80745 0.33577
vn -0.75639 -0.42137 0.50032
vn 0.26124 0.38458 -0.88536
vn -0.04972 0.83601 -0.54646
vn -0.75475 0.64631 -0.11236
vn -0.97742 -0.08651 -0.19279
vn 0.17017 0.98528 -0.01656
vn -0.85044 -0.49048 0.19022
vn -0.1678 0.81029 0.56149
vn -0.01344 0.92585 0.37766
vn -0.01288 0.12183 0.99247
vn -0.15485 0.35928 0.92029
vn 0.05957 0.38228 0.92212
vn 0.21239 0.54787 0.80915
vn 0.16371 0.74483 0.64686
vn -0.46212 0.8854 0.05007
vn -0.04683 0.96903 -0.24245
vn -0.24911 0.90856 0.33535
vn -0.12582 -0.18957 0.97377
vn -0.60308 0.01249 0.79758
vn -0.29345 0.10956 0.94967
vn 0.4502 -0.01164 0.89285
vn 0.22828 0.06304 0.97155
vn 0.74859 0.40895 0.5219
vn 0.48341 0.43082 0.76204
vn -0.49683 0.37403 -0.78311
vn 0.40492 0.82301 0.39837
vn 0.39618 0.78517 0.47597
vn -0.95278 -0.14874 0.26474
vn -0.85113 0.08182 0.51855
vn -0.91604 -0.3206 0.241
vn -0.84341 -0.3589 0.39981
vn -0.74756 0.12185 0.65292
vn -0.72298 -0.08026 0.68619
vn 0.96817 -0.24036 -0.06978
vn -0.57837 0.2272 -0.7835
vn -0.52879 0.51644 -0.67355
vn 0.9883 -0.15246 0.00296
vn 0.98091 -0.16554 -0.10203
vn -0.03839 -0.22167 0.97437
vn 0.29244 -0.71331 0.63692
vn 0.06667 -0.82467 0.56168
vn 0.39045 -0.44405 0.80646
vn -0.69972 -0.31658 0.64045
vn 0.63295 -0.34004 0.69552
vn -0.91555 0.16034 -0.36886
vn -0.10382 -0.04298 0.99367
vn 0.03107 0.0524 0.99814
vn 0.90986 -0.0282 -0.41396
vn -0.98332 0.1293 -0.12792
vn 0.35056 0.00507 0.93653
vn 0.89256 -0.07286 -0.445
vn 0.57226 0.59419 -0.56521
vn 0.70933 0.39142 -0.58622
vn -0.53684 -0.66707 0.51655
vn 0.39564 0.67944 -0.61792
vn 0.55199 -0.54389 0.63205
vn 0.65809 -0.17645 -0.73197
vn 0.92256 -0.08971 0.37528
vn -0.79792 0.02708 -0.60215
vn -0.33832 -0.09087 -0.93663
vn 0.37085 0.06463 0.92644
vn 0.04123 0.13357 0.99018
vn 0.28676 -0.17471 -0.94194
vn -0.33832 0.16767 0.92597
vn 0.85427 -0.19907 -0.4802
vn -0.90386 0.17959 0.38831
vn 0.85113 -0.27142 0.44934
vn 0.90284 -0.10594 0.41673
vn -0.88398 0.30984 -0.3501
vn 0.47528 -0.69585 0.53843
vn 0.55927 -0.77439 0.29586
vn -0.43781 0.10516 -0.8929
vn -0.33517 0.10505 0.93628
vn -0.13406 0.61604 -0.77623
vn 0.03954 -0.30368 0.95195
vn 0.24851 0.03386 -0.96804
vn -0.38591 -0.65842 0.64619
vn -0.29944 -0.85359 0.42629
vn 0.85134 -0.07634 -0.51902
vn 0.60561 0.40908 -0.68256
vn -0.8946 -0.21104 0.39389
vn -0.99268 -0.07824 -0.09205
vn -0.77377 -0.05988 0.63063
vn -0.85798 0.15616 0.48937
vn 0.95615 -0.29164 -0.027
vn 0.10632 0.78946 -0.60452
vn -0.9733 -0.19122 -0.12696
vn -0.27217 0.76465 -0.58415
vn 0.82802 -0.5606 0.01027
vn 0.85226 -0.52303 -0.00957
vn -0.28537 -0.9387 0.19338
vn -0.99426 -0.08721 -0.06206
vn -0.99913 0.03676 -0.01952
vn -0.82884 0.51785 -0.21179
vn -0.76333 0.59903 -0.24186
vn -0.48846 0.80448 -0.33795
vn 0.22504 -0.93725 0.26632
vn -0.09048 -0.93644 0.33897
vn 0.28581 0.8738 -0.39342
vn -0.56669 -0.78687 0.24431
vn -0.76878 -0.59132 0.24354
vn 0.90971 0.3357 -0.24441
vn -0.96339 -0.25952 0.06728
vn -0.99992 -0.0094 0.00899
vn -0.99438 0.00471 -0.10575
vn 0.51564 0.50792 -0.69003
vn -0.96101 0.06978 -0.26755
vn -0.92826 0.11728 -0.35295
vn -0.3155 0.85354 -0.41463
vn -0.27678 0.96067 -0.02231
vn -0.33122 0.25377 -0.90879
vn -0.58527 0.80598 0.08862
vn 0.57607 0.36487 -0.73145
vn 0.55334 0.61111 -0.566
vn -0.61016 0.71575 -0.33971
vn -0.62299 0.70418 -0.3406
vn 0.72288 -0.14859 0.67481
vn 0.26237 0.18688 -0.9467
vn 0.17215 0.35869 -0.91745
vn -0.8798 0.4317 -0.19895
vn -0.91432 0.35544 -0.19412
vn -0.82991 0.54868 0.10101
vn -0.56758 0.48255 -0.66708
vn 0.6678 -0.36781 0.64712
vn -0.15877 -0.85378 0.49584
vn -0.02843 -0.70806 0.70558
vn -0.98734 0.14677 -0.06017
vn 0.68632 0.19776 -0.69989
vn 0.02388 0.59276 -0.80502
vn -0.13149 0.4656 -0.87517
vn -0.10368 0.73747 -0.66738
vn -0.92102 -0.34264 0.18526
vn -0.85243 -0.17031 0.49433
vn -0.86005 -0.49596 0.11974
vn -0.78284 -0.56202 0.26702
vn -0.8133 -0.13701 0.56549
vn -0.70377 -0.35116 0.61757
vn -0.55789 0.36295 -0.74634
vn 0.23524 -0.90434 0.35613
vn -0.59793 0.59042 -0.54211
vn 0.18772 -0.19484 0.9627
vn 0.96829 0.04006 -0.24658
vn 0.53659 -0.70645 0.46152
vn 0.98831 -0.13198 -0.07629
vn 0.92726 0.1193 -0.35491
vn 0.96661 0.07687 -0.24444
vn 0.99991 -0.01027 0.00906
vn 0.99476 0.00365 -0.1022
vn 0.99518 -0.02407 -0.09503
vn 0.3798 -0.80303 0.45924
vn -0.00593 -0.46344 0.88611
vn -0.59845 0.11214 -0.79328
vn -0.64657 -0.56263 0.51516
vn 0.77641 -0.56239 0.28443
vn 0.7382 -0.35479 0.57375
vn -0.92911 0.11844 -0.35031
vn 0.93356 -0.31407 0.17271
vn -0.09651 -0.30639 0.947
vn 0.5488 0.8336 0.06266
vn 0.98159 0.17712 -0.07146
vn 0.99474 0.00274 -0.1024
vn 0.87501 0.38065 0.2991
vn -0.99009 0.01921 -0.13914
vn 0.76187 0.25245 -0.59651
vn 0.85488 0.47075 -0.21811
vn 0.85547 0.47008 -0.21724
vn 0.80626 0.58571 0.08301
vn -0.24988 0.53294 0.80841
vn -0.28585 0.31519 0.90496
vn -0.13173 0.14414 0.98075
vn 0.11114 0.13579 0.98448
vn 0.27895 0.29594 0.91357
vn 0.25944 0.52539 0.81034
vn -0.03756 0.66074 0.74968
vn -0.48063 0.61205 0.628
vn -0.62901 0.14624 0.76352
vn -0.28694 -0.22355 0.9315
vn 0.24217 -0.2407 0.9399
vn 0.56935 0.13452 0.81101
vn 0.46344 0.60576 0.64674
vn -0.05309 0.88879 0.45524
vn 0.56812 0.74264 -0.35458
vn 0.56946 0.74209 -0.35357
vn -0.63705 0.09122 -0.76541
vn -0.38138 -0.2063 0.9011
vn -0.43472 -0.84415 0.31373
vn 0.29297 0.86176 -0.41416
vn 0.55368 -0.78564 0.27604
vn 0.625 -0.60246 0.4964
vn 0.91156 -0.05321 0.40772
vn 0.69463 -0.0883 0.71393
vn 0.91142 -0.32888 0.24728
vn -0.20792 0.10348 -0.97266
vn 0.18941 -0.12102 0.97441
vn -0.37132 -0.11529 0.92132
vn 0.52207 0.09127 -0.848
vn -0.90322 -0.05558 0.42556
vn 0.98592 0.02272 -0.16565
vn 0.98587 0.14714 -0.08007
vn 0.89063 -0.25012 0.37975
vn -0.71824 0.24118 -0.65265
vn 0.29942 -0.19645 0.93368
vn -0.83225 0.52456 -0.17945
vn -0.42565 0.68596 -0.59015
vn -0.46203 0.87475 -0.14608
vn 0.36027 -0.82277 0.43961
vn 0.24897 -0.45307 0.85601
vn 0.21864 0.83221 -0.50953
vn 0.15335 0.26239 -0.9527
vn -0.36067 -0.18628 0.9139
vn -0.4346 -0.41559 0.799
vn -0.2166 -0.96078 0.17314
vn -0.46379 0.87778 -0.11999
vn -0.58451 -0.72099 0.37219
vn 0.8382 0.12015 -0.53196
vn 0.92931 0.26258 -0.25969
vn -0.97056 -0.14857 0.18958
vn -0.86453 -0.09636 0.49326
vn 0.88713 -0.4251 -0.17969
vn -0.29917 -0.94111 -0.15751
vn -0.96706 0.00908 -0.25437
vn 0.23776 0.93903 -0.24837
vn 0.9045 -0.40468 -0.1346
vn -0.34267 -0.93704 -0.06732
vn -0.60642 0.76052 -0.2321
vn -0.99825 -0.01359 -0.05762
vn -0.83374 0.53949 -0.1176
vn 0.55735 -0.8301 0.01716
vn -0.18724 0.97014 -0.15415
vn 0.06691 -0.99717 0.03427
vn -0.09316 -0.99138 0.09217
vn 0.57151 0.80769 -0.14498
vn -0.74172 -0.67062 -0.01097
vn 0.8929 0.43854 -0.10202
vn -0.9905 0.13705 0.01136
vn -0.98741 0.12169 -0.10103
vn -0.99156 0.09718 -0.08588
vn -0.95595 0.12301 -0.26651
vn -0.91376 0.15975 -0.37353
vn -0.99918 -0.00247 -0.04052
vn -0.97607 -0.14918 0.15822
vn -0.2077 0.75918 -0.61685
vn -0.14018 0.95392 -0.26531
vn -0.18989 0.00305 -0.9818
vn 0.60712 0.28769 -0.7407
vn 0.63072 0.06486 -0.77329
vn 0.5475 0.41026 -0.72933
vn -0.5159 0.68849 -0.50974
vn -0.53049 0.67888 -0.50765
vn 0.75907 -0.08655 0.64524
vn 0.33599 -0.04064 -0.94099
vn 0.13759 -0.1307 -0.98183
vn 0.89891 -0.42648 0.10038
vn -0.81736 0.49058 -0.30208
vn -0.86209 0.42363 -0.2781
vn -0.74194 0.66903 -0.04398
vn 0.0842 -0.67009 0.73749
vn 0.64944 -0.28756 0.70394
vn -0.10209 -0.50287 0.85831
vn -0.73521 0.12656 0.66592
vn -0.95883 0.26746 -0.09546
vn 0.01338 0.37297 -0.92775
vn -0.02373 0.5545 -0.83185
vn -0.95278 -0.14874 0.26474
vn -0.85113 0.08182 0.51855
vn -0.66566 0.09949 -0.7396
vn -0.84341 -0.3589 0.39981
vn -0.49683 0.37403 -0.78311
vn -0.73326 -0.08135 0.67506
vn 0.21868 -0.00267 0.97579
vn -0.56508 0.24641 -0.78738
vn -0.52879 0.51644 -0.67356
vn 0.96817 -0.24036 -0.06978
vn 0.9883 -0.15246 0.00296
vn 0.98091 -0.16555 -0.10203
vn -0.06502 -0.2183 0.97371
vn 0.06668 -0.82467 0.56168
vn 0.39044 -0.44405 0.80645
vn -0.69977 -0.35065 0.62239
vn 0.6583 -0.59404 0.46234
vn 0.67648 -0.31516 0.66562
vn -0.74029 0.203 -0.6409
vn 0.90986 -0.02821 -0.41396
vn -0.98757 0.13482 -0.08076
vn -0.0886 0.06283 0.99408
vn 0.89256 -0.07286 -0.445
vn 0.57226 0.59419 -0.56521
vn 0.70933 0.39141 -0.58621
vn 0.35096 0.00849 0.93635
vn -0.4717 -0.58733 0.65768
vn -0.52829 -0.67028 0.5212
vn 0.39564 0.67944 -0.61792
vn 0.67508 -0.60476 0.42254
vn 0.5608 -0.51615 0.64737
vn 0.65809 -0.17645 -0.73197
vn 0.91866 -0.08737 0.38527
vn -0.74132 0.01306 -0.67102
vn 0.37263 0.06757 0.92552
vn -0.25387 -0.11206 -0.96073
vn -0.33783 0.168 0.92609
vn 0.47562 -0.19871 -0.85691
vn -0.89731 0.18114 0.40253
vn 0.86803 -0.09519 0.48729
vn -0.89941 0.18173 -0.39755
vn 0.6786 -0.28387 0.67743
vn 0.65453 -0.34905 0.67064
vn -0.38411 0.07115 -0.92054
vn 0.26724 -0.43377 0.86048
vn -0.36116 -0.26647 0.89362
vn -0.08963 0.27331 -0.95774
vn 0.23666 -0.05205 -0.9702
vn -0.2491 -0.12922 0.95982
vn -0.37408 0.10116 0.92186
vn -0.9963 0.07189 -0.04719
vn 0.70378 -0.01218 -0.71031
vn 0.60703 -0.04126 -0.79361
vn -0.83636 -0.0504 0.54586
vn -0.79447 0.14247 0.59035
vn 0.97516 -0.2097 -0.07135
vn 0.30697 0.25128 -0.91795
vn -0.67955 -0.41153 0.60733
vn -0.57948 0.31362 -0.75223
vn 0.95675 -0.2795 -0.08063
vn 0.25793 -0.58601 0.76815
vn -0.69595 0.35418 -0.62466
vn -0.85026 0.33256 -0.40801
vn 0.72723 -0.46397 0.50583
vn -0.20557 0.45676 -0.86551
vn -0.07256 0.44827 -0.89095
vn -0.04913 -0.5048 0.86183
vn -0.80746 -0.19357 0.55726
vn -0.73464 -0.25887 0.62713
vn -0.99059 0.12574 0.05399
vn -0.98725 0.15147 -0.04884
vn -0.46379 0.85883 0.21749
vn -0.99797 0.03873 -0.0506
vn -0.99376 0.0395 -0.1043
vn -0.20771 0.93495 -0.28762
vn -0.14018 0.98385 0.11126
vn -0.26907 0.34133 -0.90061
vn 0.61775 0.52091 -0.58911
vn 0.61359 0.35897 -0.70331
vn 0.5475 0.65356 -0.5226
vn -0.5159 0.82929 -0.21478
vn -0.53048 0.8196 -0.21645
vn -0.04971 0.70727 -0.70519
vn 0.32906 0.32541 -0.88647
vn -0.81737 0.568 -0.09636
vn -0.86209 0.49696 -0.0992
vn -0.74194 0.63681 0.20979
vn 0.80138 -0.31376 0.50925
vn 0.64149 -0.5379 0.54694
vn -0.25849 -0.88228 0.39341
vn -0.04613 -0.79531 0.60444
vn -0.95883 0.28375 0.01165
vn -0.75777 -0.11512 0.64229
vn -0.02373 0.82568 -0.56364
vn -0.95278 -0.23707 0.18976
vn -0.85113 -0.11834 0.51145
vn -0.84341 -0.48252 0.23629
vn 0.97217 -0.1757 -0.15495
vn -0.72199 -0.33569 0.60502
vn -0.54115 0.50499 -0.67241
vn -0.46172 0.76418 -0.45039
vn 0.37951 -0.47218 0.79563
vn 0.94512 -0.15583 -0.28718
vn 0.95207 -0.14424 -0.26973
vn 0.98794 -0.13878 -0.06866
vn 0.98072 -0.11489 -0.15806
vn -0.98107 0.17186 -0.08926
vn 0.29245 -0.89993 0.32342
vn 0.06667 -0.975 0.21194
vn 0.39045 -0.71376 0.58146
vn -0.81899 -0.52864 0.22313
vn -0.68512 -0.55215 0.47513
vn 0.6583 -0.72396 0.20622
vn 0.67648 -0.54151 0.49914
vn -0.6908 0.52649 -0.49558
vn -0.83059 0.47798 -0.28576
vn -0.03288 -0.58316 0.81169
vn 0.10147 0.55766 -0.82385
vn 0.79278 -0.25984 0.55135
vn 0.57226 0.76263 -0.30153
vn 0.70933 0.58248 -0.39696
vn -0.42302 -0.19678 0.8845
vn -0.52828 -0.81669 0.23223
vn 0.39564 0.86142 -0.31848
vn 0.56963 -0.73139 0.37496
vn 0.56075 0.1387 -0.81629
vn -0.76818 0.25833 -0.58581
vn -0.30281 0.44473 -0.84292
vn -0.42747 0.27419 -0.86144
vn 0.22065 -0.27426 0.936
vn 0.22935 0.1911 -0.9544
vn -0.37681 -0.17496 0.90962
vn -0.68615 -0.08341 0.72266
vn 0.73902 0.05486 -0.67144
vn 0.98943 -0.13868 -0.04231
vn 0.90184 -0.31977 0.29059
vn 0.37935 -0.35537 0.85429
vn -0.29341 -0.43991 0.84876
vn -0.30329 0.53341 -0.78961
vn -0.03697 -0.71955 0.69346
vn 0.24902 0.37314 -0.89373
vn 0.93218 -0.24329 0.26805
vn -0.16172 -0.30337 0.93905
vn 0.45196 0.57214 -0.68439
vn -0.69996 -0.52426 0.48498
vn 0.87981 0.30909 -0.36111
vn -0.98502 -0.14237 0.09728
vn -0.81416 -0.19823 0.54576
vn -0.87012 -0.06271 0.48884
vn 0.17446 0.68068 -0.71151
vn 0.98886 0.07649 -0.12773
vn 0.00852 -0.84317 0.53759
vn -0.93823 0.03818 -0.34389
vn -0.47726 0.55558 -0.68085
vn 0.99606 0.06408 -0.06129
vn 0.00895 -0.83168 0.55518
vn -0.97723 0.03355 -0.20954
vn 0.74784 0.6606 -0.06593
vn 0.66962 -0.55447 0.49414
vn 0.22269 -0.76184 0.60829
vn -0.12121 -0.81792 0.56242
vn -0.52648 -0.70929 0.46875
vn 0.8735 0.40132 -0.27557
vn -0.98698 -0.12017 -0.10695
vn -0.5428 0.16454 0.82359
vn 0.82612 0.44398 -0.34699
vn 0.98153 -0.01289 -0.19088
vn -0.02678 0.49082 0.87085
vn -0.13957 0.22248 0.96489
vn -0.03256 0.05804 0.99778
vn 0.1545 0.01103 0.98793
vn 0.13948 0.51886 0.8434
vn -0.25213 0.72026 0.64626
vn -0.25429 -0.33181 0.90843
vn 0.27448 -0.33904 0.89984
vn 0.74784 0.58782 -0.30854
vn 0.5023 -0.28265 0.8172
vn 0.03675 -0.805 0.59213
vn 0.53701 0.67478 0.50625
vn 0.31486 0.72529 0.61222
vn -0.54279 0.46102 0.70203
vn 0.82612 0.28172 -0.48801
vn 0.98153 -0.08344 -0.17216
vn -0.02678 0.78125 0.62365
vn -0.13957 0.56766 0.81134
vn -0.03255 0.4275 0.90343
vn 0.13895 0.38475 0.9125
vn 0.15589 0.79726 0.58315
vn -0.25213 0.90988 0.32947
vn -0.25429 0.03256 0.96658
vn 0.27849 0.02998 0.95997
vn 0.74784 0.58782 -0.30854
vn 0.51279 0.0391 0.85763
vn 0.03746 0.94836 -0.31498
vn 0.53649 0.81489 0.21939
vn 0.31142 0.90463 0.29096
vn 0.11218 -0.82863 0.54843
vn 0.82612 0.28172 -0.48801
vn 0.98153 -0.08344 -0.17216
vn 0.7734 -0.42495 0.4704
vn 0.68614 -0.7261 0.04461
vn -0.56322 0.41842 0.71254
vn -0.10986 0.71621 0.68918
vn -0.14119 0.56965 0.80967
vn -0.03256 0.42751 0.90343
vn 0.1545 0.38022 0.9119
vn 0.14326 0.79307 0.59204
vn -0.34623 0.81254 0.46893
vn -0.25429 0.03256 0.96658
vn 0.27448 0.02265 0.96133
vn 0.03377 -0.49485 0.86832
vn 0.54061 0.03696 0.84046
vn 0.50059 0.26871 -0.82292
vn 0.53701 0.81527 0.21669
vn 0.2626 0.91335 0.31118
vn 0.98887 0.02903 -0.14591
vn 0.95365 -0.02869 -0.29954
vn 0.02719 0.29499 -0.95511
vn 0.77427 0.28456 -0.56527
vn -0.25413 -0.2133 -0.94336
vn -0.20371 -0.24581 -0.94767
vn -0.97627 -0.16973 0.1345
vn 0.81908 0.12294 0.56035
vn 0.8132 0.01843 -0.5817
vn 0.43046 -0.11704 0.89499
vn 0.99071 0.08151 -0.10888
vn 0.91784 0.2683 -0.29256
vn 0.1099 -0.09914 -0.98899
vn 0.88076 0.4522 0.14061
vn 0.98614 -0.04727 0.15902
vn 0.4432 0.05341 0.89483
vn 0.80586 -0.08039 0.58662
vn 0.81211 0.14648 0.56481
vn 0.50677 -0.13333 -0.85171
vn -0.75796 -0.61187 -0.22606
vn -0.29634 0.10932 0.94881
vn -0.45127 0.18494 0.87301
vn -0.93293 -0.21649 0.28771
vn -0.8764 -0.28991 -0.38455
vn 0.17123 0.04665 0.98413
vn -0.92245 -0.06635 0.38038
vn -0.98305 -0.01575 0.18269
vn -0.17295 -0.23133 0.95738
vn -0.47059 -0.02957 0.88186
vn -0.29852 -0.03918 0.9536
vn 0.45011 -0.19325 -0.87181
vn 0.88214 0.04627 0.46871
vn -0.66659 -0.05385 0.74347
vn -0.58647 0.27957 0.76019
vn 0.38424 0.19548 0.9023
vn 0.90056 -0.06726 -0.42951
vn -0.98997 0.03011 -0.13803
vn -0.15741 -0.21928 -0.96288
vn -0.08326 -0.15231 -0.98482
vn -0.13038 0.09992 -0.98642
vn -0.21435 0.08465 -0.97308
vn -0.07914 0.43147 -0.89865
vn 0.09854 0.9914 0.0861
vn 0.17424 0.85445 -0.48943
vn -0.9976 -0.06538 0.02265
vn -0.9931 -0.09414 0.06991
vn 0.47736 0.22709 0.84885
vn 0.4697 -0.13279 0.87278
vn -0.22212 0.17802 -0.95863
vn -0.41874 -0.09381 -0.90325
vn -0.18563 0.11269 -0.97614
vn -0.48818 -0.17513 0.85499
vn -0.50095 -0.25614 -0.82671
vn 0.90066 -0.4008 -0.16783
vn 0.99047 -0.11772 0.07148
vn -0.9965 0.06526 -0.05219
vn -0.16829 -0.98366 -0.06394
vn 0.21424 0.90602 0.36501
vn -0.68573 0.72061 0.10245
vn 0.56611 0.80157 -0.19235
vn -0.85966 -0.47828 -0.17954
vn -0.39795 -0.81303 0.42499
vn -0.70191 -0.70835 -0.07457
vn 0.56935 -0.81128 0.13292
vn 0.76687 0.61423 0.1861
vn -0.77087 -0.61866 0.15175
vn 0.15725 -0.93054 -0.33069
vn -0.7735 -0.56621 0.28478
vn -0.74128 0.66913 0.05271
vn -0.58699 0.76711 0.2588
vn 0.36554 -0.8177 0.44469
vn -0.89631 0.39168 -0.20787
vn 0.22826 -0.96698 -0.11336
vn 0.99355 -0.1117 0.01964
vn 0.99078 -0.12618 0.04924
vn 0.96987 -0.24349 0.00827
vn 0.65052 0.73901 -0.17518
vn 0.16811 0.87609 -0.45189
vn -0.91449 0.37772 0.14506
vn 0.70456 -0.61521 0.35371
vn -0.28148 0.93628 -0.21013
vn -0.80497 -0.58544 0.09639
vn 0.39946 -0.89091 0.21615
vn 0.41989 -0.85514 -0.30402
vn -0.47814 -0.76073 0.43895
vn 0.70694 0.69744 0.11752
vn 0.92785 -0.32196 -0.18823
vn -0.35683 0.91816 -0.1722
vn 0.93127 -0.2695 -0.24516
vn 0.74046 -0.43879 -0.5091
vn -0.99173 0.07383 0.10498
vn -0.95072 -0.23494 -0.20231
vn 0.97962 -0.13724 -0.14669
vn -0.9523 -0.20946 -0.22192
vn -0.99955 -0.02435 -0.01729
vn -0.99948 -0.01918 -0.02577
vn 0.87748 -0.284 -0.38648
vn 0.57238 0.65539 0.49279
vn -0.62519 0.6167 0.47836
vn 0.53184 0.73969 0.41232
vn 0.82501 0.41529 0.38325
vn -0.61998 0.67894 0.39328
vn 0.77148 0.54752 0.32409
vn 0.21756 -0.84435 -0.48962
vn -0.09783 -0.69966 -0.70775
vn 0.6698 0.52784 0.52226
vn 0.86574 0.39881 0.3024
vn 0.17799 0.72721 -0.66294
vn -0.38231 -0.56399 -0.73195
vn -0.31874 -0.73812 -0.59463
vn 0.08824 -0.23726 -0.96743
vn -0.42258 0.11289 -0.89927
vn -0.6668 -0.00603 -0.74521
vn -0.33821 0.49316 -0.8015
vn 0.69059 -0.09667 0.71675
vn -0.88506 0.07724 -0.45903
vn -0.87385 0.04695 -0.48393
vn -0.97678 0.12685 -0.17265
vn -0.90383 0.40556 -0.13642
vn -0.57523 0.26383 -0.77427
vn -0.70212 -0.27648 -0.65619
vn -0.57867 0.4129 -0.70331
vn -0.75463 -0.11722 -0.6456
vn -0.73506 -0.24334 0.63283
vn -0.01535 0.01177 0.99981
vn -0.24192 -0.60362 0.75968
vn 0.07141 0.98588 -0.15145
vn -0.18793 0.96625 -0.17617
vn -0.01937 0.91145 -0.41096
vn -0.06469 0.77062 0.63401
vn -0.11471 0.83673 0.53546
vn -0.31839 0.84034 0.4387
vn 0.06874 0.90644 0.4167
vn 0.23113 0.95203 0.20056
vn -0.09819 0.47817 0.87276
vn 0.28912 0.84853 -0.44319
vn -0.24785 0.76857 -0.5898
vn -0.32426 0.8302 -0.45345
vn -0.12361 0.50236 -0.85578
vn -0.52179 0.56184 0.64193
vn 0.48125 0.56881 0.66697
vn 0.24726 0.68498 0.68532
vn -0.84756 0.44636 0.28707
vn 0.57815 0.79035 0.2027
vn 0.50262 0.8213 0.26987
vn 0.63807 0.7585 -0.13246
vn 0.51973 0.77768 -0.35369
vn 0.97058 -0.13246 -0.20108
vn -0.22196 -0.10997 -0.96884
vn -0.97199 0.02621 0.23357
vn -0.97797 0.04671 0.20346
vn -0.81532 0.04689 0.57711
vn -0.81084 -0.1124 -0.57437
vn -0.75719 -0.10485 0.64472
vn -0.83333 0.00436 0.55276
vn -0.59113 0.15092 0.79233
vn -0.7854 0.17417 0.59398
vn -0.33508 -0.19174 -0.92247
vn 0.28133 0.10969 0.95332
vn 0.23787 0.21088 0.94813
vn 0.83483 0.09567 0.54214
vn 0.59318 -0.1858 0.78333
vn 0.11034 -0.21369 0.97065
vn -0.32373 -0.18905 -0.92707
vn -0.44343 -0.14473 -0.88454
vn -0.4067 -0.04821 0.91229
vn -0.16559 0.02428 0.9859
vn 0.19009 -0.23009 -0.95442
vn 0.85086 -0.26946 -0.45102
vn 0.88044 -0.2447 -0.40615
vn 0.99272 -0.11213 0.04406
vn 0.56097 -0.1626 -0.81171
vn 0.53791 0.47587 -0.69584
vn 0.67021 0.02893 -0.74161
vn -0.31742 0.06928 0.94575
vn -0.43148 -0.14791 0.88991
vn -0.2214 0.8473 0.48277
vn 0.25335 0.02705 -0.967
vn 0.30987 0.45481 -0.83494
vn 0.30642 0.04731 -0.95072
vn 0.46609 -0.22058 -0.8568
vn -0.73584 -0.30517 -0.6045
vn -0.78877 -0.31241 -0.52938
vn -0.87798 -0.18974 -0.43948
vn 0.43089 0.53815 0.72438
vn 0.11508 -0.35215 -0.92884
vn 0.22732 -0.40978 -0.8834
vn 0.13576 -0.50356 -0.85323
vn 0.95597 0.29345 0.00294
vn 0.90113 0.38825 -0.19297
vn -0.45122 -0.32227 -0.83219
vn 0.29743 0.61727 0.72836
vn -0.65984 0.59879 0.45394
vn -0.98845 0.04894 0.14344
vn -0.68596 0.24165 0.68633
vn 0.12648 -0.72731 -0.67455
vn -0.9942 0.05189 0.09422
vn -0.34366 0.67986 0.64783
vn -0.93085 0.12705 0.3426
vn -0.9722 0.10587 0.20884
vn -0.99971 -0.00071 0.024
vn -0.99973 0.00093 -0.02318
vn -0.26661 0.33568 0.90346
vn -0.42026 0.45323 0.78611
vn 0.1699 -0.44176 -0.8809
vn -0.54979 -0.53934 -0.63784
vn -0.52245 -0.23803 -0.81877
vn -0.75202 -0.29356 -0.59017
vn -0.35761 0.64293 0.67731
vn -0.21208 0.77165 0.59964
vn 0.48563 -0.7667 -0.41993
vn -0.98538 0.06139 0.15894
vn 0.44242 -0.72694 -0.52519
vn -0.86223 -0.43985 -0.25119
vn 0.08812 0.26211 0.96101
vn 0.12106 0.40941 0.90428
vn -0.86388 -0.41164 -0.29027
vn 0.98888 -0.07501 -0.12845
vn 0.82019 0.19883 0.53643
vn 0.59086 0.34422 0.72966
vn 0.99621 -0.03771 -0.07844
vn 0.99921 0.0397 -0.00167
vn 0.36276 -0.504 -0.78383
vn 0.85758 -0.16303 -0.48783
vn 0.97486 -0.08819 -0.20464
vn 0.78524 -0.3287 -0.52475
vn 0.57251 0.36425 0.73454
vn 0.67207 -0.17962 -0.71838
vn 0.99269 -0.05802 -0.10585
vn 0.86713 -0.28653 0.40742
vn -0.03251 0.4381 0.89834
vn -0.24635 0.36015 0.89978
vn 0.26244 0.2955 0.91859
vn 0.25947 0.50167 0.82523
vn 0.166 -0.20922 -0.96367
vn 0.7493 -0.13757 -0.64779
vn 0.61461 -0.33934 -0.71211
vn 0.68991 -0.03268 0.72316
vn 0.72476 -0.23678 0.64704
vn 0.3409 -0.6537 0.67562
vn -0.27344 0.65698 0.70257
vn 0.10718 -0.20718 0.97241
vn -0.0714 0.98588 -0.15145
vn -0.24804 0.93831 0.24096
vn -0.15541 0.90202 0.40275
vn 0.18609 0.87911 0.43879
vn 0.16252 0.86654 0.4719
vn 0.06944 0.94859 -0.30881
vn 0.33735 0.92297 -0.18527
vn -0.27363 0.86394 -0.42278
vn -0.30241 0.84959 -0.43215
vn -0.62582 0.72742 -0.28144
vn -0.56015 0.81762 0.13314
vn 0.32069 0.61427 0.72099
vn 0.01741 0.22821 0.97346
vn 0.48673 0.5609 0.66969
vn -0.70208 0.4836 -0.5227
vn 0.54022 0.68965 -0.48223
vn 0.12549 0.76924 -0.62651
vn -0.57626 0.62465 -0.527
vn -0.86788 0.30794 -0.38983
vn 0.99145 -0.0825 0.10105
vn -0.91386 0.30103 -0.27248
vn 0.63212 -0.46964 0.61632
vn -0.84062 -0.40072 0.36438
vn 0.21819 0.73706 -0.63964
vn 0.19034 0.66655 -0.72075
vn -0.05918 -0.64217 0.76427
vn -0.73639 -0.52007 0.43274
vn 0.32438 -0.72602 0.60636
vn 0.30637 0.60214 -0.73727
vn 0.00048 0.74766 -0.66408
vn 0.96815 0.1996 -0.15118
vn 0.5645 0.51991 -0.64112
vn -0.41111 -0.62891 0.65989
vn -0.60253 -0.48174 0.6363
vn -0.95463 -0.19043 0.22894
vn -0.99396 -0.05806 0.09314
vn -0.86534 0.36989 -0.33818
vn 0.82692 0.40857 0.38636
vn -0.75795 0.41628 -0.50222
vn -0.69322 0.461 -0.55401
vn -0.12137 -0.63443 0.76339
vn 0.36366 -0.69474 0.62055
vn 0.96635 -0.16277 0.1992
vn 0.66719 0.46913 -0.57859
vn 0.68695 0.49744 -0.52977
vn 0.55183 0.52418 -0.64863
vn 0.9902 -0.11537 0.07875
vn -0.05774 0.62597 -0.7777
vn 0.98951 0.11387 -0.08892
vn -0.99584 -0.06352 0.06538
vn -0.70805 0.42417 -0.56457
vn -0.04989 -0.54797 0.83501
vn 0.99638 0.06721 0.05209
vn 0.22173 0.65294 -0.72423
vn -0.61746 0.54579 -0.56645
vn -0.93288 -0.13659 0.33327
vn -0.04089 -0.57788 0.81509
vn 0.26336 0.65127 -0.71168
vn -0.68574 0.51486 -0.51447
vn -0.73753 -0.31765 0.59594
vn -0.60988 -0.45238 0.65069
vn 0.13124 -0.585 0.80035
vn 0.73223 -0.38482 0.56192
vn 0.83996 -0.29062 0.45827
vn 0.18659 0.67333 0.71541
vn 0.29472 0.53261 -0.79339
vn 0.33477 0.93669 -0.10264
vn 0.13581 0.23045 0.96356
vn 0.0295 0.96905 -0.2451
vn 0.21038 0.92726 0.30974
vn 0.20145 0.43124 0.87946
vn 0.27796 0.77517 -0.56732
vn 0.80621 0.4781 -0.34849
vn 0.54526 0.79713 0.25936
vn 0.68483 0.68265 0.25494
vn 0.11546 0.12573 -0.98532
vn 0.59729 0.62209 -0.50621
vn 0.65906 0.52781 -0.53578
vn 0.53163 0.43481 -0.72685
vn 0.59274 0.78895 -0.16193
vn 0.78002 0.62049 -0.08103
vn 0.55117 0.82176 -0.14463
vn 0.50581 0.66529 0.54912
vn 0.2435 0.34955 -0.90472
vn 0.2442 0.34705 -0.9055
vn 0.20996 0.1366 0.96812
vn 0.98407 0.16279 -0.0714
vn 0.87578 0.47898 -0.0599
vn 0.93359 0.18106 -0.30925
vn -0.82359 0.39025 0.41159
vn 0.92268 0.21666 0.31894
vn 0.81288 0.18309 -0.5529
vn 0.67424 0.05471 -0.73648
vn 0.82566 -0.07356 -0.55935
vn 0.94134 -0.31967 0.10813
vn 0.98462 -0.1568 0.07711
vn 0.64116 -0.0509 0.76572
vn 0.9977 -0.05609 -0.03813
vn 0.86989 -0.46971 -0.15051
vn 0.86902 -0.06996 0.48981
vn 0.717 -0.32443 0.61697
vn 0.83357 -0.26442 0.48502
vn 0.39065 -0.06485 -0.91825
vn 0.16845 0.00672 -0.98569
vn 0.48086 -0.11012 0.86986
vn 0.05468 -0.1195 0.99133
vn 0.72281 -0.63426 0.27435
vn 0.64096 -0.51229 -0.5716
vn 0.69277 -0.69947 0.17554
vn 0.61988 -0.76715 0.16502
vn 0.34279 -0.52865 -0.77655
vn 0.7976 -0.58475 -0.14802
vn 0.49455 -0.86453 -0.08945
vn 0.57562 -0.47987 0.66211
vn 0.41047 -0.24608 -0.87805
vn 0.05305 -0.60177 -0.7969
vn 0.24455 -0.95382 -0.17439
vn 0.2231 -0.7275 0.64882
vn 0.09087 -0.34729 -0.93335
vn 0.42908 -0.81457 -0.39033
vn 0.31803 -0.89127 -0.32326
vn 0.24268 -0.93655 0.25296
vn 0.17099 -0.42858 0.88718
vn 0.12928 -0.78899 -0.60065
vn 0.37579 -0.71771 -0.58624
vn 0.23932 -0.4876 0.83963
vn 0.1903 -0.67567 0.71222
vn -0.04905 -0.44231 0.89552
vn -0.13197 -0.29065 0.94769
vn -0.0271 -0.82084 -0.57051
vn -0.39127 -0.72802 -0.56293
vn 0.0047 -0.99611 0.08798
vn -0.17318 -0.58428 0.79286
vn -0.20334 -0.56818 -0.79738
vn -0.4201 -0.90131 -0.10563
vn -0.22832 -0.80493 0.54769
vn -0.05434 -0.11986 0.9913
vn -0.23951 -0.93357 0.26662
vn 0.02441 -0.16247 -0.98641
vn -0.7578 -0.51756 -0.39733
vn -0.69635 -0.69717 0.17044
vn -0.75977 -0.62738 0.17074
vn -0.5456 -0.43301 -0.71752
vn -0.59414 -0.7961 -0.11502
vn -0.8702 -0.47804 -0.1193
vn -0.56438 -0.55775 0.6086
vn -0.63135 -0.49259 0.59896
vn -0.64526 -0.20322 0.73644
vn -0.59176 -0.35064 -0.72586
vn -0.45892 -0.07865 -0.88499
vn -0.16784 0.00518 0.9858
vn -0.95835 -0.16979 -0.22963
vn -0.92948 -0.2723 0.24882
vn -0.13532 -0.06733 -0.98851
vn -0.3291 0.01921 0.9441
vn -0.73309 0.28386 -0.61807
vn -0.86397 0.00365 -0.50352
vn -0.58278 0.1012 0.8063
vn -0.73129 0.03158 -0.68134
vn -0.97154 0.20668 -0.11571
vn -0.92968 0.32564 -0.17219
vn -0.4046 0.19321 -0.89385
vn -0.47931 -0.02938 -0.87715
vn -0.95423 0.12507 0.27165
vn -0.88778 0.36436 0.28123
vn -0.62378 0.42578 0.65545
vn -0.50114 0.59407 0.62924
vn -0.57337 0.73387 0.36427
vn -0.68969 0.65084 0.3174
vn -0.36503 0.31804 0.87499
vn -0.41525 0.68947 -0.59347
vn -0.50104 0.85 -0.16265
vn -0.24353 0.55027 0.79868
vn -0.15029 0.68333 0.71447
vn -0.04262 0.62917 -0.7761
vn -0.36541 0.91654 -0.16258
vn -0.10823 0.43636 -0.89324
vn -0.0204 0.24614 0.96902
vn -0.24323 0.85656 0.45514
vn -0.23108 0.79507 -0.56077
vn -0.23437 0.95875 0.16082
vn -0.07597 0.56936 -0.81857
vn -0.16973 0.59721 -0.78392
vn -0.34348 0.92477 -0.1638
vn -0.24603 0.76208 0.59892
vn -0.02166 0.31382 -0.94924
vn -0.10592 0.27063 -0.95684
vn -0.48692 0.80144 -0.34727
vn -0.23713 0.93355 0.26878
vn -0.38806 0.72652 -0.56708
vn -0.7238 0.6322 -0.27645
vn -0.71713 0.56723 0.40494
vn -0.24127 0.21314 0.94676
vn -0.22232 0.31193 0.92373
vn -0.52384 0.57295 -0.63034
vn -0.70161 0.49315 -0.51434
vn -0.73916 0.65982 0.13522
vn -0.80864 0.57584 0.12041
vn -0.62328 0.7782 0.07695
vn -0.46038 0.49392 0.73763
vn -0.30332 0.48323 0.82127
vn -0.45918 0.41823 -0.78373
vn -0.34062 0.44122 -0.83025
vn -0.5202 0.69774 0.49251
vn -0.20478 0.27356 -0.9398
vn -0.92182 0.37088 -0.11269
vn -0.73792 0.32943 0.58903
vn -0.28842 0.00441 -0.95749
vn -0.09761 0.07145 0.99266
vn -0.22849 -0.67777 -0.69887
vn -0.14438 -0.02436 -0.98922
vn -0.45869 0.11288 0.88139
vn -0.74282 0.22505 -0.63053
vn -0.79331 0.14236 -0.59194
vn -0.83725 0.12077 -0.53332
vn -0.97467 0.1801 0.13259
vn -0.91657 -0.34036 0.20991
vn -0.68301 -0.32823 -0.6525
vn -0.64976 -0.12762 -0.74935
vn -0.93986 -0.33498 -0.06678
vn -0.98189 -0.1253 -0.14209
vn -0.75384 -0.13984 0.64201
vn -0.76391 -0.28129 0.58079
vn -0.91904 -0.0682 -0.38822
vn -0.84368 -0.35126 0.40597
vn -0.95132 -0.13234 0.27833
vn -0.4604 -0.12857 0.87835
vn -0.56133 -0.73593 -0.37858
vn -0.77448 -0.5588 -0.29653
vn -0.63018 -0.73607 0.24713
vn -0.05237 -0.11366 -0.99214
vn -0.78338 -0.61129 0.11242
vn -0.45915 -0.57534 -0.67688
vn -0.51926 -0.45846 -0.72124
vn -0.60605 -0.78634 -0.11987
vn -0.56456 -0.49783 0.65836
vn -0.54707 -0.59814 0.58561
vn -0.03438 -0.73811 -0.6738
vn -0.39946 -0.87429 0.27575
vn -0.22675 -0.96843 -0.10353
vn -0.33286 -0.94247 -0.03107
vn -0.23736 -0.73476 0.63545
vn -0.08221 -0.15675 0.98421
vn 0.62139 -0.72744 0.29103
vn -0.77233 0.0281 0.6346
vn 0.01124 -0.50189 0.86486
vn -0.20645 -0.69009 0.69366
vn 0.08892 -0.99176 0.09223
vn 0.33507 -0.66544 -0.66702
vn 0.12919 -0.65572 -0.74387
vn 0.50388 -0.8531 -0.13541
vn 0.23344 -0.93878 -0.25336
vn 0.05889 -0.9102 -0.40997
vn 0.43313 -0.86786 0.24335
vn 0.29163 -0.14592 -0.94533
vn 0.64264 -0.74584 -0.1753
vn 0.12873 -0.06441 -0.98959
vn 0.19537 -0.22199 0.95528
vn 0.6659 -0.47301 -0.57692
vn 0.37693 -0.53742 0.75439
vn 0.38905 -0.41518 -0.82235
vn 0.42774 -0.54568 -0.72061
vn 0.95878 -0.06702 -0.27614
vn 0.8529 -0.51786 -0.06618
vn 0.59779 -0.52998 0.60147
vn 0.70458 -0.17824 -0.68688
vn 0.72106 -0.27805 0.63463
vn 0.78893 -0.16638 0.59153
vn 0.91261 -0.27503 -0.3025
vn 0.89779 -0.09964 0.429
vn 0.97314 -0.18837 0.13235
vn 0.99296 -0.06962 0.09581
vn 0.16961 0.08966 -0.98142
vn 0.70227 0.32733 -0.63219
vn 0.83271 0.08368 -0.54735
vn 0.98013 0.11796 0.15949
vn 0.69462 0.07145 0.71582
vn 0.69525 0.23142 0.6805
vn 0.51377 0.30182 0.80308
vn 0.61152 0.1042 -0.78433
vn 0.7547 0.28908 0.58895
vn 0.84991 0.3285 -0.412
vn 0.5852 0.70555 0.39969
vn 0.81069 0.52886 0.25117
vn 0.16892 0.25383 0.95239
vn 0.60695 0.42914 -0.66892
vn 0.59933 0.78465 0.15853
vn 0.42535 0.60527 0.67285
vn 0.26614 0.56072 -0.78407
vn 0.64893 0.75039 -0.12575
vn 0.02227 0.60669 0.79463
vn 0.2958 0.95207 -0.07792
vn 0.15875 0.86847 0.46963
vn 0.06834 0.29381 -0.95342
vn 0.10295 0.14251 0.98442
vn -0.002 0.97063 -0.24057
vn 0.20332 0.94461 0.25763
vn 0.13855 0.39117 0.90983
vn 0.10964 0.85638 -0.50458
vt 0.43355 0.38555
vt 0.46458 0.43245
vt 0.43649 0.39732
vt 0.04096 0.33116
vt 0.03154 0.3713
vt 0.01745 0.3583
vt 0.0652 0.30017
vt 0.06387 0.32743
vt 0.01174 0.34792
vt 0.00401 0.37293
vt 0.03136 0.31349
vt 0.03091 0.32536
vt 0.02016 0.33079
vt 0.1444 0.19283
vt 0.17929 0.12998
vt 0.18432 0.13431
vt 0.15458 0.19635
vt 0.19276 0.13554
vt 0.11933 0.22845
vt 0.12494 0.23759
vt 0.65112 0.37327
vt 0.64639 0.30544
vt 0.67514 0.28178
vt 0.69618 0.34612
vt 0.68976 0.37413
vt 0.68755 0.15536
vt 0.69414 0.16776
vt 0.68697 0.18313
vt 0.69905 0.22561
vt 0.37192 0.25979
vt 0.45565 0.40482
vt 0.37319 0.29012
vt 0.66354 0.24062
vt 0.655 0.22766
vt 0.66776 0.20643
vt 0.64448 0.25506
vt 0.50782 0.49135
vt 0.5171 0.52077
vt 0.49819 0.4956
vt 0.53065 0.521
vt 0.77253 0.45586
vt 0.76392 0.43685
vt 0.77327 0.40709
vt 0.76337 0.40379
vt 0.68971 0.25334
vt 0.70623 0.29615
vt 0.71166 0.27931
vt 0.71637 0.30581
vt 0.70243 0.38303
vt 0.69312 0.06612
vt 0.6932 0.02793
vt 0.6968 0.07156
vt 0.66973 0.06881
vt 0.66371 0.06488
vt 0.66815 0.02633
vt 0.66232 0.03033
vt 0.21223 0.09568
vt 0.2486 0.04462
vt 0.21767 0.09855
vt 0.22857 0.09693
vt 0.65977 0.07082
vt 0.66109 0.17376
vt 0.55514 0.5219
vt 0.55004 0.53576
vt 0.53694 0.5164
vt 0.58228 0.56605
vt 0.58175 0.58099
vt 0.57079 0.58112
vt 0.54236 0.53732
vt 0.32161 0.92905
vt 0.32233 0.93771
vt 0.32042 0.93839
vt 0.32386 0.92949
vt 0.32471 0.93902
vt 0.69939 0.16766
vt 0.70605 0.23426
vt 0.21666 0.11561
vt 0.22675 0.11491
vt 0.20721 0.14017
vt 0.22746 0.13702
vt 0.2069 0.16205
vt 0.47319 0.31909
vt 0.43846 0.28659
vt 0.44392 0.27929
vt 0.45919 0.32394
vt 0.48132 0.38899
vt 0.39462 0.25096
vt 0.73097 0.19697
vt 0.74666 0.1777
vt 0.75109 0.19754
vt 0.7574 0.17739
vt 0.76286 0.1962
vt 0.74765 0.22284
vt 0.75583 0.22169
vt 0.51914 0.49081
vt 0.76894 0.5146
vt 0.76704 0.46972
vt 0.56106 0.58986
vt 0.52088 0.53899
vt 0.53207 0.54041
vt 0.21389 0.07812
vt 0.2541 0.03328
vt 0.20857 0.09135
vt 0.25586 0.03727
vt 0.28106 0.065
vt 0.26884 0.05194
vt 0.30709 0.03361
vt 0.23891 0.0958
vt 0.25814 0.04899
vt 0.28952 0.03576
vt 0.40129 0.2372
vt 0.40771 0.23297
vt 0.00825 0.81418
vt 0.00981 0.7909
vt 0.01696 0.81049
vt 0.003 0.79305
vt 0.00358 0.77878
vt 0.5522 0.90619
vt 0.52994 0.90337
vt 0.55225 0.90016
vt 0.56495 0.90655
vt 0.56583 0.87078
vt 0.05074 0.80252
vt 0.0551 0.8104
vt 0.309 0.02083
vt 0.3156 0.01119
vt 0.30938 0.02459
vt 0.31415 0.02085
vt 0.3175 0.01073
vt 0.30304 0.02558
vt 0.58463 0.92167
vt 0.57883 0.91756
vt 0.58369 0.91139
vt 0.66994 0.15558
vt 0.66903 0.18
vt 0.24695 0.13401
vt 0.25677 0.13903
vt 0.23819 0.16923
vt 0.19018 0.10685
vt 0.49391 0.37164
vt 0.53869 0.44419
vt 0.52135 0.42942
vt 0.53185 0.40946
vt 0.56481 0.47816
vt 0.55015 0.48567
vt 0.50313 0.41721
vt 0.80276 0.54215
vt 0.8161 0.54516
vt 0.81614 0.55111
vt 0.81288 0.55289
vt 0.81988 0.55737
vt 0.2831 0.0741
vt 0.25947 0.09694
vt 0.59351 0.55258
vt 0.56061 0.51096
vt 0.56272 0.48742
vt 0.61618 0.60916
vt 0.61235 0.61333
vt 0.60883 0.60415
vt 0.59401 0.56516
vt 0.59907 0.59369
vt 0.13172 0.33904
vt 0.14894 0.30492
vt 0.16912 0.30225
vt 0.14841 0.33093
vt 0.13225 0.35127
vt 0.08829 0.3862
vt 0.09295 0.35814
vt 0.1811 0.27168
vt 0.20794 0.23931
vt 0.14066 0.23059
vt 0.06207 0.36693
vt 0.20453 0.20354
vt 0.21628 0.19504
vt 0.20505 0.23411
vt 0.23938 0.18924
vt 0.11106 0.37053
vt 0.0949 0.38796
vt 0.57419 0.59614
vt 0.56734 0.59208
vt 0.62874 0.60874
vt 0.63146 0.61776
vt 0.62659 0.60913
vt 0.61707 0.60452
vt 0.62083 0.59745
vt 0.72135 0.15698
vt 0.71969 0.13055
vt 0.7244 0.13038
vt 0.72965 0.17696
vt 0.59372 0.6281
vt 0.58143 0.6146
vt 0.57926 0.60869
vt 0.7575 0.55505
vt 0.76404 0.53628
vt 0.76266 0.54394
vt 0.57148 0.60272
vt 0.49881 0.88598
vt 0.50411 0.8754
vt 0.49335 0.9026
vt 0.49893 0.89686
vt 0.49286 0.90781
vt 0.26804 0.01547
vt 0.73482 0.53699
vt 0.73417 0.53826
vt 0.73119 0.5285
vt 0.50241 0.88833
vt 0.50898 0.87158
vt 0.52076 0.89521
vt 0.39469 0.20445
vt 0.40436 0.19523
vt 0.40827 0.20767
vt 0.41102 0.22289
vt 0.41406 0.23629
vt 0.33014 0.17544
vt 0.34291 0.15477
vt 0.32868 0.19738
vt 0.35988 0.14603
vt 0.34758 0.16696
vt 0.76727 0.08091
vt 0.77657 0.0553
vt 0.77738 0.07755
vt 0.66523 0.01588
vt 0.67227 0.00911
vt 0.67059 0.00478
vt 0.67487 0.00093
vt 0.68218 0.00089
vt 0.32221 0.23722
vt 0.33127 0.22007
vt 0.34059 0.2506
vt 0.75986 0.1048
vt 0.76865 0.11449
vt 0.01229 0.44797
vt 0.02498 0.46757
vt 0.01248 0.46443
vt 0.02418 0.48448
vt 0.00823 0.42435
vt 0.02 0.43887
vt 0.02101 0.48634
vt 0.09102 0.41121
vt 0.07771 0.4243
vt 0.00917 0.39133
vt 0.02312 0.40881
vt 0.02814 0.434
vt 5E-05 0.41692
vt 0.00195 0.43362
vt 0 0.39978
vt 0.73038 0.139
vt 0.73143 0.12073
vt 0.7326 0.10302
vt 0.73493 0.08607
vt 0.74914 0.10369
vt 0.68917 0.44988
vt 0.68318 0.46473
vt 0.66502 0.45697
vt 0.694 0.44241
vt 0.6858 0.43864
vt 0.76607 0.05129
vt 0.75972 0.07985
vt 0.04536 0.4381
vt 0.75258 0.07071
vt 0.75201 0.08682
vt 0.35624 0.11412
vt 0.37777 0.09599
vt 0.35731 0.1276
vt 0.77014 0.02585
vt 0.77825 0.00745
vt 0.77916 0.03236
vt 0.41024 0.07309
vt 0.39218 0.10281
vt 0.73619 0.04148
vt 0.73328 0.02434
vt 0.74241 0.02286
vt 0.73617 0.06317
vt 0.75451 0.05575
vt 0.72797 0.05618
vt 0.72781 0.04306
vt 0.42809 0.13592
vt 0.41751 0.15939
vt 0.40504 0.16952
vt 0.42583 0.10554
vt 0.38972 0.16018
vt 0.44075 0.10009
vt 0.86154 0.24232
vt 0.86714 0.25064
vt 0.85786 0.25537
vt 0.86235 0.21951
vt 0.86776 0.24137
vt 0.85703 0.26362
vt 0.35644 0.19383
vt 0.08791 0.43849
vt 0.09413 0.46641
vt 0.51928 0.90378
vt 0.52128 0.90218
vt 0.52605 0.90628
vt 0.10571 0.47114
vt 0.11636 0.49467
vt 0.12902 0.53054
vt 0.11422 0.5251
vt 0.07818 0.47039
vt 0.04023 0.50774
vt 0.04552 0.49272
vt 0.05962 0.52812
vt 0.03403 0.48731
vt 0.08151 0.52772
vt 0.11201 0.56832
vt 0.70451 0.60795
vt 0.70443 0.60444
vt 0.70653 0.60861
vt 0.68556 0.00259
vt 0.6869 0.0055
vt 0.70266 0.59789
vt 0.7031 0.60513
vt 0.36004 0.16676
vt 0.34142 0.19184
vt 0.14959 0.56584
vt 0.09061 0.50321
vt 0.17912 0.58717
vt 0.14974 0.57813
vt 0.46112 0.06492
vt 0.40233 0.12734
vt 0.48862 0.04096
vt 0.45449 0.06052
vt 0.4918 0.04494
vt 0.47186 0.06269
vt 0.13732 0.52667
vt 0.14749 0.52948
vt 0.16657 0.56241
vt 0.18862 0.57208
vt 0.18872 0.57859
vt 0.1601 0.56801
vt 0.09213 0.5654
vt 0.11535 0.58337
vt 0.14356 0.59567
vt 0.85125 0.09879
vt 0.85266 0.12755
vt 0.84564 0.12636
vt 0.84153 0.09675
vt 0.83653 0.12536
vt 0.85067 0.04234
vt 0.85091 0.07358
vt 0.84204 0.0716
vt 0.82107 0.09516
vt 0.40607 0.06436
vt 0.43026 0.05023
vt 0.45725 0.03735
vt 0.43375 0.0638
vt 0.37647 0.09014
vt 0.8092 0.12389
vt 0.80289 0.15586
vt 0.80174 0.12414
vt 0.70731 0.47304
vt 0.7004 0.45778
vt 0.70858 0.4469
vt 0.70233 0.44216
vt 0.70841 0.43319
vt 0.69425 0.46388
vt 0.66454 0.44254
vt 0.65795 0.43773
vt 0.65074 0.43743
vt 0.64537 0.44234
vt 0.64038 0.43455
vt 0.69033 0.38907
vt 0.69504 0.40408
vt 0.68427 0.40215
vt 0.66105 0.38966
vt 0.70353 0.40396
vt 0.69787 0.43542
vt 0.30762 0.79734
vt 0.30808 0.83314
vt 0.30485 0.80334
vt 0.63809 0.44573
vt 0.65571 0.45014
vt 0.64779 0.45775
vt 0.6407 0.4731
vt 0.6391 0.46184
vt 0.42278 0.16382
vt 0.42224 0.17705
vt 0.4133 0.1848
vt 0.67925 0.62767
vt 0.67599 0.62157
vt 0.68069 0.62034
vt 0.65399 0.40406
vt 0.64395 0.39477
vt 0.63715 0.3836
vt 0.59384 0.91813
vt 0.59383 0.92759
vt 0.58841 0.91317
vt 0.63215 0.92718
vt 0.62483 0.92282
vt 0.62583 0.91475
vt 0.63207 0.88566
vt 0.63092 0.92225
vt 0.62972 0.89052
vt 0.6437 0.40684
vt 0.65542 0.41426
vt 0.64724 0.4206
vt 0.45973 0.10103
vt 0.45465 0.11231
vt 0.44681 0.11959
vt 0.00118 0.77837
vt 0.00265 0.7579
vt 0.63104 0.87926
vt 0.62726 0.87473
vt 0.6344 0.86873
vt 0.60464 0.02002
vt 0.61512 0.0122
vt 0.62352 0.01864
vt 0.59849 0.00908
vt 0.59884 0.01375
vt 0.00198 0.81645
vt 0.00774 0.82299
vt 0.01806 0.81838
vt 0.67077 0.62798
vt 0.67348 0.62073
vt 0.67599 0.62798
vt 0.86479 0.19533
vt 0.86104 0.20091
vt 0.85621 0.19709
vt 0.54893 0.02309
vt 0.51965 0.03258
vt 0.51795 0.02977
vt 0.58864 0.88217
vt 0.58225 0.88305
vt 0.59 0.87362
vt 0.54624 0.04957
vt 0.59554 0.03951
vt 0.53332 0.05423
vt 0.50091 0.05851
vt 0.50838 0.0625
vt 0.84628 0.8661
vt 0.84828 0.89562
vt 0.841 0.90102
vt 0.54597 0.03992
vt 0.52854 0.04036
vt 0.83044 0.52188
vt 0.84487 0.52988
vt 0.8288 0.52809
vt 0.11525 0.47105
vt 0.11532 0.47801
vt 0.1103 0.46744
vt 0.58196 0.87595
vt 0.83462 0.51324
vt 0.84522 0.52261
vt 0.85676 0.52843
vt 0.51793 0.02064
vt 0.54812 0.01674
vt 0.57686 0.01694
vt 0.57539 0.01088
vt 0.05189 0.81785
vt 0.06021 0.81592
vt 0.06426 0.80981
vt 0.06635 0.81645
vt 0.0605 0.82299
vt 0.88511 0.5252
vt 0.88769 0.51301
vt 0.8885 0.52567
vt 0.79831 0.28871
vt 0.79537 0.29465
vt 0.78859 0.27972
vt 0.88025 0.52297
vt 0.61553 0.00536
vt 0.625 0.0012
vt 0.79543 0.25897
vt 0.4868 0.03019
vt 0.39598 0.11243
vt 0.14214 0.51809
vt 0.13464 0.51205
vt 0.17607 0.55561
vt 0.19605 0.56797
vt 0.30214 0.61911
vt 0.31549 0.61543
vt 0.31209 0.62151
vt 0.88031 0.54379
vt 0.87333 0.55082
vt 0.87007 0.53983
vt 0.29626 0.60896
vt 0.30913 0.61278
vt 0.29095 0.6127
vt 0.8546 0.22388
vt 0.85512 0.24853
vt 0.84506 0.23989
vt 0.17371 0.60945
vt 0.20623 0.61376
vt 0.20707 0.62175
vt 0.17598 0.59301
vt 0.20601 0.60336
vt 0.85341 0.26375
vt 0.84762 0.27999
vt 0.83814 0.26649
vt 0.23289 0.59058
vt 0.25159 0.60235
vt 0.21599 0.5902
vt 0.27505 0.60212
vt 0.14264 0.90211
vt 0.13683 0.89564
vt 0.13525 0.84811
vt 0.34134 0.21997
vt 0.35476 0.24748
vt 0.74941 0.55872
vt 0.74125 0.52453
vt 0.75459 0.52536
vt 0.14404 0.82352
vt 0.13657 0.81817
vt 0.23445 0.5816
vt 0.06571 0.75834
vt 0.06492 0.73182
vt 0.06621 0.73101
vt 0.28334 0.59124
vt 0.2729 0.59082
vt 0.29389 0.59695
vt 0.83355 0.22852
vt 0.82888 0.25966
vt 0.84373 0.15868
vt 0.84624 0.1934
vt 0.83534 0.19388
vt 0.82801 0.28243
vt 0.70653 0.55349
vt 0.70478 0.56737
vt 0.70365 0.5628
vt 0.70582 0.54319
vt 0.70895 0.54596
vt 0.94312 0.92844
vt 0.95372 0.94555
vt 0.9474 0.93919
vt 0.93759 0.91033
vt 0.93743 0.91627
vt 0.95261 0.94751
vt 0.92572 0.23376
vt 0.93065 0.24809
vt 0.92174 0.2292
vt 0.92349 0.22302
vt 0.93418 0.24864
vt 0.93824 0.25721
vt 0.94627 0.92805
vt 0.92524 0.24643
vt 0.92002 0.24489
vt 0.91606 0.23181
vt 0.92548 0.2563
vt 0.91739 0.21682
vt 0.93539 0.25869
vt 0.46006 0.95769
vt 0.46167 0.96771
vt 0.45724 0.96662
vt 0.46215 0.97504
vt 0.45917 0.97559
vt 0.91967 0.25175
vt 0.91522 0.23898
vt 0.93573 0.26721
vt 0.93492 0.27146
vt 0.93186 0.26759
vt 0.93149 0.26044
vt 0.71165 0.48297
vt 0.71481 0.48269
vt 0.7137 0.50878
vt 0.45 0.89539
vt 0.44921 0.88294
vt 0.45344 0.89498
vt 0.45516 0.90569
vt 0.45168 0.91044
vt 0.92584 0.26426
vt 0.93048 0.27035
vt 0.93034 0.17392
vt 0.93501 0.16308
vt 0.93929 0.15915
vt 0.45305 0.88188
vt 0.45765 0.89414
vt 0.45902 0.9095
vt 0.45003 0.8712
vt 0.46193 0.8826
vt 0.46148 0.89489
vt 0.46154 0.90976
vt 0.79911 0.93585
vt 0.80228 0.93165
vt 0.80318 0.93925
vt 0.95563 0.94421
vt 0.45792 0.88008
vt 0.46073 0.87363
vt 0.94152 0.85515
vt 0.94275 0.86135
vt 0.93536 0.86965
vt 0.80533 0.92944
vt 0.80895 0.93158
vt 0.80679 0.93769
vt 0.80996 0.93928
vt 0.92979 0.16981
vt 0.92012 0.19429
vt 0.92342 0.18293
vt 0.93365 0.16292
vt 0.94825 0.86009
vt 0.94134 0.88124
vt 0.93672 0.88473
vt 0.95002 0.84123
vt 0.9492 0.84762
vt 0.9266 0.19652
vt 0.9381 0.1645
vt 0.93958 0.16456
vt 0.94408 0.87471
vt 0.95313 0.84946
vt 0.71302 0.4774
vt 0.93769 0.15824
vt 0.95542 0.95111
vt 0.95752 0.95093
vt 0.95954 0.95084
vt 0.95729 0.94463
vt 0.71601 0.47781
vt 0.71708 0.48375
vt 0.95271 0.86023
vt 0.94586 0.87525
vt 0.71614 0.54661
vt 0.71499 0.55391
vt 0.71356 0.54617
vt 0.95638 0.85155
vt 0.71074 0.55337
vt 0.71472 0.5757
vt 0.7143 0.56711
vt 0.71683 0.56805
vt 0.92414 0.19405
vt 0.71051 0.57501
vt 0.71009 0.56653
vt 0.71631 0.51164
vt 0.94651 0.91814
vt 0.94195 0.89333
vt 0.94313 0.90666
vt 0.94016 0.90106
vt 0.71052 0.53896
vt 0.71134 0.5223
vt 0.71558 0.52253
vt 0.92264 0.21081
vt 0.45319 0.92844
vt 0.45603 0.94258
vt 0.45376 0.94274
vt 0.4597 0.92295
vt 0.46164 0.92933
vt 0.46074 0.94237
vt 0.45767 0.9325
vt 0.70656 0.53103
vt 0.71018 0.531
vt 0.70795 0.51666
vt 0.91365 0.22386
vt 0.91603 0.20626
vt 0.71006 0.50997
vt 0.45584 0.91813
vt 0.93247 0.88455
vt 0.7151 0.53604
vt 0.53936 0.948
vt 0.5422 0.9364
vt 0.54179 0.95017
vt 0.18497 0.82789
vt 0.18435 0.81572
vt 0.18486 0.81928
vt 0.93755 0.79361
vt 0.94308 0.81173
vt 0.93741 0.79954
vt 0.18443 0.80982
vt 0.01167 0.90208
vt 0.00779 0.89236
vt 0.01086 0.89546
vt 0.53649 0.93459
vt 0.53903 0.92961
vt 0.90305 0.24194
vt 0.90392 0.26877
vt 0.90184 0.24775
vt 0.01768 0.91729
vt 0.01242 0.91574
vt 0.00322 0.88589
vt 0.02042 0.91672
vt 0.0252 0.92664
vt 0.94647 0.81292
vt 0.95365 0.82884
vt 0.00704 0.9143
vt 0.00306 0.90119
vt 0.01043 0.92497
vt 0.02239 0.92815
vt 0.48865 0.94986
vt 0.4903 0.96055
vt 0.48586 0.95939
vt 0.49064 0.97193
vt 0.48783 0.96895
vt 0.00381 0.91573
vt 0.01849 0.9299
vt 0.01882 0.93703
vt 0.9094 0.26917
vt 0.90629 0.26986
vt 0.90553 0.24262
vt 0.01278 0.93366
vt 0.01946 0.94085
vt 0.01731 0.84319
vt 0.02196 0.83225
vt 0.02622 0.82838
vt 0.48203 0.88723
vt 0.48191 0.87507
vt 0.48624 0.88641
vt 0.4829 0.89741
vt 0.48757 0.90101
vt 0.00688 0.92535
vt 0.49003 0.87839
vt 0.49008 0.88739
vt 0.4901 0.9015
vt 0.95555 0.82751
vt 0.9417 0.79394
vt 0.94035 0.4939
vt 0.93694 0.50452
vt 0.93629 0.49335
vt 0.94143 0.73833
vt 0.94261 0.74456
vt 0.93529 0.75287
vt 0.93731 0.51145
vt 0.93427 0.51078
vt 0.93401 0.50219
vt 0.93595 0.5171
vt 0.01673 0.83905
vt 0.0071 0.86358
vt 0.01038 0.85219
vt 0.02058 0.83214
vt 0.94811 0.74328
vt 0.94 0.7625
vt 0.93664 0.76797
vt 0.94997 0.72432
vt 0.94908 0.73077
vt 0.95545 0.72107
vt 0.95364 0.72448
vt 0.01356 0.86582
vt 0.02505 0.83375
vt 0.02651 0.83381
vt 0.94402 0.7579
vt 0.94243 0.76601
vt 0.953 0.7326
vt 0.90881 0.27468
vt 0.02467 0.82727
vt 0.95747 0.83421
vt 0.95942 0.83406
vt 0.95723 0.82791
vt 0.90577 0.27477
vt 0.95264 0.74336
vt 0.94608 0.75853
vt 0.8997 0.2053
vt 0.89972 0.19992
vt 0.90299 0.20564
vt 0.9563 0.73466
vt 0.95733 0.72447
vt 0.958 0.73576
vt 0.95439 0.74448
vt 0.01113 0.86336
vt 0.53508 0.94775
vt 0.90388 0.20023
vt 0.90856 0.20491
vt 0.78367 0.94517
vt 0.78789 0.93875
vt 0.78612 0.94591
vt 0.94599 0.80169
vt 0.93965 0.77592
vt 0.94215 0.7766
vt 0.9431 0.7899
vt 0.00962 0.88014
vt 0.48219 0.92431
vt 0.48459 0.93417
vt 0.48233 0.93455
vt 0.48825 0.91425
vt 0.4902 0.92084
vt 0.4893 0.93401
vt 0.48622 0.92379
vt 0.90939 0.21153
vt 0.91005 0.2193
vt 0.90645 0.21991
vt 0.9054 0.21221
vt 0.90997 0.23391
vt 0.90609 0.22871
vt 0.0014 0.88516
vt 0.9085 0.24109
vt 0.48438 0.90941
vt 0.93244 0.76779
vt 0.9011 0.21529
vt 0.48083 0.91012
vt 0.96487 0.78747
vt 0.96068 0.80445
vt 0.96204 0.78579
vt 0.96954 0.81575
vt 0.96523 0.80501
vt 0.97048 0.80479
vt 0.11457 0.90084
vt 0.12644 0.92192
vt 0.11985 0.91397
vt 0.1079 0.87866
vt 0.10743 0.88599
vt 0.12633 0.92414
vt 0.20254 0.88479
vt 0.19778 0.87295
vt 0.20159 0.87675
vt 0.96522 0.8252
vt 0.96326 0.82999
vt 0.96176 0.82606
vt 0.96426 0.81605
vt 0.20984 0.90328
vt 0.20513 0.90512
vt 0.19854 0.89114
vt 0.1922 0.86508
vt 0.22255 0.92345
vt 0.22214 0.92823
vt 0.21967 0.92499
vt 0.21327 0.90262
vt 0.21917 0.91473
vt 0.11893 0.90224
vt 0.12852 0.92162
vt 0.19682 0.8997
vt 0.19199 0.88374
vt 0.20103 0.91272
vt 0.21793 0.93053
vt 0.21608 0.92696
vt 0.21565 0.91653
vt 0.99288 0.80654
vt 0.99478 0.81795
vt 0.99071 0.8167
vt 0.99542 0.82623
vt 0.99178 0.82693
vt 0.19382 0.90108
vt 0.21136 0.92744
vt 0.21086 0.91868
vt 0.97186 0.70307
vt 0.97473 0.70279
vt 0.97333 0.72635
vt 0.97118 0.73809
vt 0.96929 0.72669
vt 0.20422 0.92324
vt 0.20972 0.93084
vt 0.21382 0.933
vt 0.20018 0.83466
vt 0.20569 0.81788
vt 0.2135 0.80777
vt 0.21523 0.79971
vt 0.22049 0.7949
vt 0.98812 0.71772
vt 0.99016 0.73076
vt 0.98493 0.73081
vt 0.98584 0.74485
vt 0.99156 0.74938
vt 0.9797 0.70032
vt 0.98326 0.71244
vt 0.97849 0.71153
vt 0.36356 0.9322
vt 0.3621 0.93517
vt 0.36036 0.93052
vt 0.96662 0.74425
vt 0.96712 0.72651
vt 0.99498 0.71509
vt 0.9945 0.73096
vt 0.99077 0.71007
vt 0.99464 0.74947
vt 0.98401 0.69248
vt 0.98851 0.69913
vt 0.98336 0.70041
vt 0.13005 0.92011
vt 0.11613 0.88688
vt 0.99347 0.69982
vt 0.11263 0.81121
vt 0.11177 0.82324
vt 0.1051 0.82893
vt 0.35223 0.93004
vt 0.34834 0.93024
vt 0.35069 0.9232
vt 0.11456 0.80266
vt 0.12293 0.79421
vt 0.35044 0.93532
vt 0.20868 0.80798
vt 0.20104 0.82399
vt 0.21359 0.79952
vt 0.11759 0.81247
vt 0.1209 0.81726
vt 0.1109 0.8407
vt 0.1068 0.84736
vt 0.12203 0.80202
vt 0.12815 0.79073
vt 0.12751 0.79441
vt 0.20355 0.83996
vt 0.21901 0.80143
vt 0.22116 0.80094
vt 0.11576 0.83514
vt 0.11356 0.84497
vt 0.13245 0.79319
vt 0.13113 0.79653
vt 0.12684 0.80428
vt 0.97254 0.69644
vt 0.97009 0.70314
vt 0.21854 0.7938
vt 0.12976 0.92855
vt 0.13236 0.92833
vt 0.1348 0.92823
vt 0.13207 0.92063
vt 0.9762 0.69693
vt 0.97752 0.70383
vt 0.12631 0.81744
vt 0.11785 0.83594
vt 0.97606 0.7783
vt 0.97521 0.78775
vt 0.97178 0.77795
vt 0.13419 0.79864
vt 0.13077 0.80685
vt 0.97225 0.82984
vt 0.97322 0.8255
vt 0.97644 0.8266
vt 0.97019 0.78738
vt 0.96493 0.77787
vt 0.96853 0.82692
vt 0.97621 0.729
vt 0.11882 0.88824
vt 0.11036 0.85331
vt 0.11321 0.86366
vt 0.11464 0.8742
vt 0.11103 0.86734
vt 0.20006 0.85806
vt 0.20468 0.84298
vt 0.98501 0.77733
vt 0.98796 0.78897
vt 0.98517 0.78897
vt 0.99243 0.76568
vt 0.9948 0.77312
vt 0.99371 0.78866
vt 0.98996 0.77715
vt 0.96468 0.76905
vt 0.96475 0.75922
vt 0.96918 0.75942
vt 0.9696 0.76915
vt 0.97058 0.74902
vt 0.18945 0.86906
vt 0.98769 0.75993
vt 0.10239 0.84714
vt 0.97507 0.76939
vt 0.11312 0.85394
vt 0.1037 0.87053
vt 0.10038 0.84717
vt 0.9829 0.75536
vt 0.98382 0.76609
vt 0.95912 0.05978
vt 0.96074 0.06462
vt 0.95685 0.06749
vt 0.95873 0.0287
vt 0.95942 0.04206
vt 0.95389 0.04254
vt 0.93239 0.42047
vt 0.94329 0.44201
vt 0.93714 0.43381
vt 0.92645 0.39808
vt 0.92598 0.40533
vt 0.94314 0.44422
vt 0.93378 0.10934
vt 0.92254 0.08562
vt 0.92671 0.08983
vt 0.93312 0.1148
vt 0.9228 0.10306
vt 0.94412 0.14442
vt 0.94178 0.14095
vt 0.94436 0.13728
vt 0.93652 0.42207
vt 0.94537 0.44178
vt 0.91781 0.09922
vt 0.91674 0.07584
vt 0.93526 0.13358
vt 0.93968 0.13096
vt 0.93954 0.14877
vt 0.93844 0.14403
vt 0.97774 0.12393
vt 0.97973 0.13634
vt 0.97559 0.13488
vt 0.98033 0.14543
vt 0.97668 0.1461
vt 0.93131 0.13666
vt 0.93532 0.14684
vt 0.95164 0.14492
vt 0.94877 0.14526
vt 0.95018 0.12021
vt 0.95 0.1077
vt 0.95453 0.11159
vt 0.96513 0.0402
vt 0.97038 0.0472
vt 0.96643 0.05573
vt 0.9689 0.03304
vt 0.96501 0.02139
vt 0.93132 0.14599
vt 0.92508 0.13011
vt 0.9247 0.11926
vt 0.92541 0.04804
vt 0.92843 0.0282
vt 0.93586 0.0178
vt 0.93725 0.00966
vt 0.9423 0.00465
vt 0.97647 0.03938
vt 0.97374 0.01238
vt 0.96576 0.00667
vt 0.96841 0.00079
vt 0.96977 0.0032
vt 0.97954 0.0512
vt 0.9757 0.05558
vt 0.9795 0.06516
vt 0.96806 0.01226
vt 0.94696 0.44032
vt 0.93434 0.40659
vt 0.97863 0.02042
vt 0.98079 0.04034
vt 0.10955 0.94149
vt 0.11023 0.94636
vt 0.10596 0.94431
vt 0.9263 0.34849
vt 0.93271 0.33928
vt 0.92647 0.36689
vt 0.92134 0.36641
vt 0.97763 0.0062
vt 0.98135 0.02187
vt 0.93118 0.01812
vt 0.9205 0.04852
vt 0.924 0.03446
vt 0.93558 0.00952
vt 0.93731 0.34052
vt 0.9308 0.36056
vt 0.93405 0.32273
vt 0.941 0.30706
vt 0.93797 0.32539
vt 0.9449 0.3025
vt 0.94418 0.30932
vt 0.93012 0.04374
vt 0.9411 0.01125
vt 0.94291 0.01126
vt 0.93622 0.35627
vt 0.93363 0.36464
vt 0.9424 0.32837
vt 0.94906 0.30508
vt 0.94789 0.31224
vt 0.95096 0.15175
vt 0.95352 0.14486
vt 0.9403 0.00361
vt 0.94641 0.44874
vt 0.94898 0.44862
vt 0.95146 0.4486
vt 0.94899 0.4409
vt 0.94731 0.15124
vt 0.94599 0.14393
vt 0.94744 0.06677
vt 0.94951 0.05918
vt 0.9517 0.0674
vt 0.94904 0.32418
vt 0.9516 0.31049
vt 0.94404 0.33804
vt 0.94759 0.01237
vt 0.94833 0.02779
vt 0.94525 0.02726
vt 0.95414 0.05964
vt 0.94944 0.0158
vt 0.95333 0.02839
vt 0.94688 0.10951
vt 0.937 0.40803
vt 0.92988 0.3728
vt 0.93237 0.38324
vt 0.93338 0.39384
vt 0.93 0.38686
vt 0.95294 0.09643
vt 0.94776 0.09611
vt 0.92434 0.06861
vt 0.92696 0.05792
vt 0.92512 0.07847
vt 0.96985 0.09329
vt 0.97279 0.1053
vt 0.97001 0.10554
vt 0.97688 0.07565
vt 0.97964 0.08903
vt 0.97855 0.10505
vt 0.97479 0.09289
vt 0.95884 0.07586
vt 0.95878 0.08566
vt 0.95434 0.08575
vt 0.95391 0.07603
vt 0.95726 0.09647
vt 0.95693 0.11039
vt 0.91415 0.07998
vt 0.97252 0.07526
vt 0.94844 0.07559
vt 0.93266 0.37351
vt 0.96775 0.07091
vt 0.96866 0.08176
vt 0.97069 0.0602
vt 0.96478 0.93113
vt 0.96251 0.94982
vt 0.96199 0.9306
vt 0.73245 0.91252
vt 0.74431 0.93362
vt 0.73771 0.92566
vt 0.7258 0.89033
vt 0.7253 0.89767
vt 0.74403 0.93598
vt 0.28342 0.8858
vt 0.28941 0.90326
vt 0.27852 0.88024
vt 0.2812 0.87646
vt 0.96514 0.97
vt 0.96317 0.97466
vt 0.96168 0.9707
vt 0.28616 0.90749
vt 0.28042 0.89692
vt 0.30219 0.92312
vt 0.30178 0.9279
vt 0.29929 0.92465
vt 0.29379 0.90394
vt 0.29878 0.9144
vt 0.73683 0.91393
vt 0.7464 0.93332
vt 0.27641 0.8994
vt 0.27158 0.88345
vt 0.2718 0.86481
vt 0.29756 0.9302
vt 0.2957 0.92663
vt 0.29524 0.9162
vt 0.99298 0.95212
vt 0.99484 0.96296
vt 0.99078 0.96181
vt 0.99536 0.97008
vt 0.9918 0.97148
vt 0.28063 0.91241
vt 0.27343 0.90079
vt 0.29098 0.92712
vt 0.29045 0.91835
vt 0.97213 0.84865
vt 0.975 0.8484
vt 0.97356 0.87105
vt 0.97373 0.88242
vt 0.96921 0.87878
vt 0.98007 0.86932
vt 0.98355 0.85686
vt 0.98577 0.86462
vt 0.28385 0.92293
vt 0.28937 0.93053
vt 0.29347 0.93268
vt 0.2815 0.8373
vt 0.2853 0.81762
vt 0.29312 0.8075
vt 0.29486 0.79946
vt 0.30012 0.79464
vt 0.99043 0.8701
vt 0.98519 0.8778
vt 0.99103 0.8566
vt 0.98608 0.89191
vt 0.99038 0.88209
vt 0.99179 0.89641
vt 0.97996 0.8463
vt 0.97874 0.85787
vt 0.75362 0.93355
vt 0.75486 0.93069
vt 0.75689 0.93517
vt 0.99475 0.87783
vt 0.99524 0.86161
vt 0.99487 0.89639
vt 0.98426 0.83822
vt 0.9889 0.84494
vt 0.98392 0.84687
vt 0.74794 0.93181
vt 0.73403 0.89857
vt 0.99386 0.84586
vt 0.73056 0.82291
vt 0.72972 0.83494
vt 0.72302 0.84062
vt 0.76503 0.9352
vt 0.76863 0.93478
vt 0.76634 0.93987
vt 0.73246 0.81438
vt 0.74079 0.80593
vt 0.76648 0.92991
vt 0.28831 0.80774
vt 0.2766 0.83762
vt 0.28066 0.82374
vt 0.29323 0.79928
vt 0.73554 0.82419
vt 0.73885 0.82898
vt 0.72882 0.8524
vt 0.72472 0.85904
vt 0.73997 0.81375
vt 0.74603 0.80249
vt 0.74542 0.80616
vt 0.2865 0.83321
vt 0.29864 0.80117
vt 0.30079 0.80068
vt 0.73367 0.84685
vt 0.73145 0.85668
vt 0.75033 0.80496
vt 0.74904 0.80829
vt 0.74478 0.81602
vt 0.97282 0.84217
vt 0.97037 0.84862
vt 0.29828 0.79333
vt 0.74762 0.94026
vt 0.75022 0.94004
vt 0.75265 0.93995
vt 0.74995 0.93234
vt 0.97648 0.84265
vt 0.97779 0.8493
vt 0.74422 0.82918
vt 0.73806 0.84273
vt 0.97617 0.92184
vt 0.97512 0.93161
vt 0.97189 0.92161
vt 0.75208 0.81041
vt 0.74868 0.81861
vt 0.97216 0.97461
vt 0.97314 0.97029
vt 0.97636 0.97123
vt 0.97461 0.96107
vt 0.97416 0.94973
vt 0.97778 0.95074
vt 0.96992 0.93122
vt 0.96504 0.92143
vt 0.96844 0.97176
vt 0.9695 0.96047
vt 0.969 0.94918
vt 0.97687 0.88048
vt 0.73669 0.89993
vt 0.72826 0.865
vt 0.73108 0.87536
vt 0.73252 0.88589
vt 0.72892 0.87902
vt 0.97077 0.89299
vt 0.97597 0.893
vt 0.27967 0.85779
vt 0.28272 0.84723
vt 0.2761 0.86577
vt 0.28009 0.86765
vt 0.98519 0.92381
vt 0.98811 0.93519
vt 0.98531 0.93507
vt 0.99263 0.91251
vt 0.99498 0.9197
vt 0.99378 0.93488
vt 0.99014 0.92376
vt 0.96482 0.91257
vt 0.96492 0.90281
vt 0.96934 0.90316
vt 0.96974 0.91281
vt 0.96647 0.89259
vt 0.96668 0.8818
vt 0.26906 0.86879
vt 0.98791 0.90688
vt 0.72029 0.85881
vt 0.97521 0.91297
vt 0.73099 0.86564
vt 0.72149 0.88222
vt 0.71825 0.85884
vt 0.98312 0.90224
vt 0.98402 0.91281
vt 0.26541 0.61401
vt 0.28683 0.62177
vt 0.26351 0.61904
vt 0.70215 0.43099
vt 0.39865 0.90948
vt 0.39549 0.88773
vt 0.39973 0.88328
vt 0.88776 0.54331
vt 0.88868 0.55399
vt 0.8834 0.5538
vt 0.83989 0.288
vt 0.83638 0.2974
vt 0.82878 0.29492
vt 0.12956 0.5568
vt 0.0839 0.51801
vt 0.04836 0.4637
vt 0.05016 0.48207
vt 0.34364 0.957
vt 0.34375 0.93174
vt 0.34637 0.92832
vt 0.5136 0.86875
vt 0.51524 0.87215
vt 0.03473 0.45997
vt 0.8504 0.4823
vt 0.84222 0.4747
vt 0.85331 0.46901
vt 0.84649 0.50452
vt 0.84192 0.48536
vt 0.85566 0.46095
vt 0.04455 0.37808
vt 0.68994 0.41416
vt 0.68491 0.42962
vt 0.66506 0.42208
vt 0.2271 0.14897
vt 0.23665 0.14051
vt 0.17328 0.24363
vt 0.54105 0.49412
vt 0.91864 0.50719
vt 0.91336 0.50793
vt 0.91823 0.50324
vt 0.9509 0.69211
vt 0.94821 0.68803
vt 0.94908 0.68397
vt 0.2457 0.10857
vt 0.27034 0.06312
vt 0.63206 0.02062
vt 0.62311 0.02871
vt 0.86457 0.52691
vt 0.87017 0.52525
vt 0.86031 0.53999
vt 0.86057 0.52008
vt 0.61018 0.02334
vt 0.60504 0.03544
vt 0.75346 0.39572
vt 0.73626 0.40369
vt 0.73726 0.35323
vt 0.75379 0.33774
vt 0.73646 0.33098
vt 0.87733 0.24559
vt 0.87326 0.22123
vt 0.62107 0.9163
vt 0.28062 0.03115
vt 0.29524 0.02607
vt 0.00342 0.73151
vt 0.00831 0.76591
vt 0.7616 0.22065
vt 0.76214 0.2845
vt 0.32715 0.92162
vt 0.3271 0.92684
vt 0.32329 0.92516
vt 0.29773 0.01731
vt 0.30146 0.01593
vt 0.94888 0.71191
vt 0.94633 0.71861
vt 0.94638 0.71109
vt 0.91798 0.52003
vt 0.91443 0.52159
vt 0.91189 0.51525
vt 0.7618 0.47132
vt 0.75372 0.44848
vt 0.73659 0.43723
vt 0.75391 0.42204
vt 0.46466 0.91225
vt 0.46676 0.8959
vt 0.46692 0.90608
vt 0.30591 0.89032
vt 0.30723 0.88501
vt 0.30948 0.89295
vt 0.30524 0.87176
vt 0.31082 0.87229
vt 0.3074 0.86357
vt 0.31133 0.85492
vt 0.31146 0.8639
vt 0.30824 0.85468
vt 0.82219 0.82651
vt 0.82933 0.81348
vt 0.82308 0.82871
vt 0.47064 0.89134
vt 0.47208 0.9058
vt 0.47126 0.91094
vt 0.7977 0.83713
vt 0.79975 0.82667
vt 0.80185 0.83
vt 0.79324 0.84652
vt 0.30435 0.86259
vt 0.30565 0.85382
vt 0.79062 0.84539
vt 0.79192 0.83173
vt 0.80419 0.81591
vt 0.81 0.80924
vt 0.80706 0.81761
vt 0.80784 0.80764
vt 0.8339 0.80631
vt 0.83083 0.81615
vt 0.79147 0.82375
vt 0.79759 0.81915
vt 0.80326 0.8094
vt 0.46709 0.87034
vt 0.46786 0.88147
vt 0.46613 0.88162
vt 0.78198 0.85194
vt 0.78396 0.83588
vt 0.78409 0.85171
vt 0.79725 0.81171
vt 0.80262 0.80479
vt 0.80572 0.80517
vt 0.31521 0.95653
vt 0.31222 0.95531
vt 0.3133 0.93564
vt 0.31381 0.92169
vt 0.30959 0.92034
vt 0.46804 0.94294
vt 0.4673 0.95376
vt 0.46475 0.93774
vt 0.79477 0.81072
vt 0.79939 0.80519
vt 0.78833 0.82268
vt 0.47157 0.95423
vt 0.47219 0.96702
vt 0.46726 0.96719
vt 0.70233 0.93897
vt 0.70363 0.93009
vt 0.70594 0.93747
vt 0.70083 0.93129
vt 0.46545 0.97488
vt 0.46423 0.96634
vt 0.46923 0.97552
vt 0.30998 0.93552
vt 0.47534 0.95313
vt 0.47665 0.96549
vt 0.47261 0.94252
vt 0.69826 0.93763
vt 0.69773 0.9316
vt 0.4733 0.97801
vt 0.82071 0.84638
vt 0.81186 0.87349
vt 0.81427 0.88738
vt 0.81233 0.88748
vt 0.69457 0.93684
vt 0.69488 0.93097
vt 0.47698 0.97692
vt 0.81975 0.89188
vt 0.8194 0.89932
vt 0.82547 0.91133
vt 0.82809 0.91802
vt 0.82345 0.91242
vt 0.83074 0.91842
vt 0.81686 0.90027
vt 0.79082 0.88269
vt 0.79543 0.89772
vt 0.78823 0.88287
vt 0.82017 0.87578
vt 0.8272 0.8968
vt 0.81508 0.8699
vt 0.82615 0.90379
vt 0.83135 0.91399
vt 0.79945 0.89182
vt 0.80665 0.91196
vt 0.79289 0.87707
vt 0.79492 0.8768
vt 0.82297 0.88234
vt 0.83243 0.9074
vt 0.83607 0.91566
vt 0.83392 0.91814
vt 0.46855 0.86992
vt 0.46994 0.87689
vt 0.31708 0.8923
vt 0.31608 0.88482
vt 0.31777 0.88604
vt 0.82458 0.88173
vt 0.83316 0.89988
vt 0.83727 0.91044
vt 0.3088 0.84992
vt 0.30664 0.84829
vt 0.30468 0.85136
vt 0.80819 0.80383
vt 0.80579 0.80224
vt 0.70177 0.92571
vt 0.70563 0.92822
vt 0.69739 0.927
vt 0.69452 0.92545
vt 0.69276 0.92962
vt 0.8342 0.92073
vt 0.83682 0.91944
vt 0.83839 0.9185
vt 0.83847 0.91527
vt 0.31258 0.84997
vt 0.31511 0.85282
vt 0.31409 0.89278
vt 0.31149 0.88574
vt 0.8031 0.90726
vt 0.31504 0.8584
vt 0.31554 0.86912
vt 0.317 0.95378
vt 0.3173 0.92667
vt 0.8344 0.8114
vt 0.82552 0.83829
vt 0.82203 0.85022
vt 0.82081 0.86373
vt 0.81862 0.86422
vt 0.31626 0.91639
vt 0.31185 0.9079
vt 0.31605 0.90287
vt 0.78972 0.85908
vt 0.79222 0.8595
vt 0.7847 0.86852
vt 0.30758 0.90305
vt 0.31148 0.89995
vt 0.46873 0.92116
vt 0.47006 0.93443
vt 0.47295 0.92809
vt 0.47506 0.94195
vt 0.57787 0.942
vt 0.57663 0.94713
vt 0.5737 0.94136
vt 0.83739 0.94742
vt 0.83564 0.93511
vt 0.84121 0.93398
vt 0.90198 0.29613
vt 0.90558 0.28805
vt 0.90606 0.29638
vt 0.90247 0.28789
vt 0.83747 0.92937
vt 0.84167 0.9289
vt 0.04089 0.84861
vt 0.0353 0.86791
vt 0.03322 0.86715
vt 0.76899 0.83707
vt 0.77108 0.82661
vt 0.77317 0.82995
vt 0.76315 0.84492
vt 0.89903 0.29513
vt 0.89983 0.28691
vt 0.83507 0.93015
vt 0.05427 0.83386
vt 0.04635 0.85406
vt 0.04024 0.86571
vt 0.7584 0.85348
vt 0.76323 0.83162
vt 0.77558 0.81587
vt 0.78143 0.80924
vt 0.77861 0.81768
vt 0.77927 0.80763
vt 0.05233 0.82857
vt 0.04877 0.83852
vt 0.04763 0.83696
vt 0.76282 0.82364
vt 0.76896 0.81907
vt 0.77468 0.80936
vt 0.89584 0.20049
vt 0.89568 0.21257
vt 0.89395 0.21257
vt 0.76866 0.81163
vt 0.77407 0.80475
vt 0.77717 0.80515
vt 0.57204 0.90511
vt 0.57089 0.87681
vt 0.57586 0.90108
vt 0.57386 0.87831
vt 0.76663 0.81084
vt 0.77084 0.80515
vt 0.75969 0.82257
vt 0.8924 0.27504
vt 0.88911 0.28498
vt 0.88751 0.27199
vt 0.89332 0.2858
vt 0.89294 0.29734
vt 0.88788 0.29429
vt 0.85138 0.5451
vt 0.84864 0.55432
vt 0.84751 0.54587
vt 0.85158 0.55372
vt 0.8503 0.53428
vt 0.84714 0.53488
vt 0.89718 0.2848
vt 0.89743 0.29605
vt 0.89582 0.26981
vt 0.85548 0.54534
vt 0.8547 0.55389
vt 0.85446 0.53431
vt 0.0299 0.89591
vt 0.03232 0.90979
vt 0.03024 0.90995
vt 0.859 0.54651
vt 0.85742 0.55477
vt 0.89761 0.22304
vt 0.89423 0.23502
vt 0.89636 0.24566
vt 0.0378 0.91427
vt 0.03746 0.92172
vt 0.04357 0.93373
vt 0.04622 0.94043
vt 0.04157 0.93483
vt 0.04896 0.94107
vt 0.03495 0.92268
vt 0.77497 0.91307
vt 0.76571 0.89784
vt 0.76631 0.89465
vt 0.88919 0.23767
vt 0.89089 0.22158
vt 0.89126 0.23314
vt 0.04525 0.91918
vt 0.04421 0.92617
vt 0.04944 0.93638
vt 0.76758 0.88397
vt 0.77757 0.91196
vt 0.76399 0.87734
vt 0.04103 0.90474
vt 0.03583 0.89923
vt 0.05051 0.92978
vt 0.05418 0.93805
vt 0.05205 0.94054
vt 0.89759 0.19991
vt 0.89815 0.20772
vt 0.03925 0.89675
vt 0.04264 0.90413
vt 0.05124 0.92226
vt 0.05544 0.93282
vt 0.90282 0.2831
vt 0.90029 0.28122
vt 0.89873 0.28432
vt 0.77965 0.80383
vt 0.77726 0.80223
vt 0.84975 0.55901
vt 0.84637 0.55556
vt 0.85428 0.55855
vt 0.85662 0.5602
vt 0.8593 0.55599
vt 0.05235 0.94314
vt 0.05497 0.94185
vt 0.90911 0.28099
vt 0.91099 0.28318
vt 0.90924 0.2856
vt 0.9066 0.283
vt 0.56844 0.9419
vt 0.5724 0.94676
vt 0.56827 0.94734
vt 0.84164 0.94722
vt 0.84624 0.94779
vt 0.77404 0.90723
vt 0.90941 0.291
vt 0.84598 0.93203
vt 0.56903 0.87968
vt 0.56893 0.90571
vt 0.57162 0.93474
vt 0.7619 0.85913
vt 0.7638 0.86432
vt 0.76507 0.87309
vt 0.76438 0.84896
vt 0.75534 0.85089
vt 0.75618 0.87005
vt 0.75332 0.85067
vt 0.89673 0.25774
vt 0.89256 0.25357
vt 0.57615 0.93175
vt 0.57076 0.91829
vt 0.57587 0.91837
vt 0.89034 0.26671
vt 0.0298 0.88185
vt 0.57156 0.92695
vt 0.56796 0.92442
vt 0.0284 0.89064
vt 0.88945 0.25766
vt 0.88845 0.25097
vt 0.9776 0.32686
vt 0.98141 0.31541
vt 0.97975 0.34013
vt 0.9752 0.35129
vt 0.9672 0.2146
vt 0.96867 0.20485
vt 0.9723 0.21467
vt 0.96524 0.18721
vt 0.97225 0.18768
vt 0.96803 0.17644
vt 0.9728 0.16541
vt 0.973 0.17675
vt 0.96902 0.16519
vt 0.16313 0.81773
vt 0.17448 0.79911
vt 0.16377 0.82169
vt 0.98599 0.32604
vt 0.98593 0.34421
vt 0.98368 0.33851
vt 0.67906 0.5266
vt 0.68365 0.52109
vt 0.6809 0.53035
vt 0.68962 0.50313
vt 0.69218 0.50718
vt 0.9643 0.1755
vt 0.96586 0.16436
vt 0.17999 0.8006
vt 0.17023 0.82531
vt 0.16634 0.83436
vt 0.97989 0.26555
vt 0.97686 0.25435
vt 0.98044 0.25438
vt 0.67484 0.52939
vt 0.68003 0.50932
vt 0.69505 0.48996
vt 0.70216 0.48177
vt 0.69848 0.49198
vt 0.69951 0.47982
vt 0.67949 0.49955
vt 0.68697 0.49393
vt 0.6939 0.48199
vt 0.9832 0.30294
vt 0.98351 0.3156
vt 0.68656 0.4848
vt 0.69269 0.47527
vt 0.69692 0.4768
vt 0.97782 0.29006
vt 0.97522 0.2876
vt 0.97548 0.26583
vt 0.97244 0.25721
vt 0.97473 0.38298
vt 0.97055 0.40111
vt 0.97206 0.38265
vt 0.68351 0.48359
vt 0.69095 0.47477
vt 0.67624 0.4985
vt 0.69371 0.60171
vt 0.69577 0.6106
vt 0.69179 0.6049
vt 0.97896 0.38801
vt 0.97476 0.40135
vt 0.9799 0.40239
vt 0.97823 0.41495
vt 0.98009 0.42263
vt 0.97315 0.41858
vt 0.8165 0.9211
vt 0.81431 0.92902
vt 0.81281 0.92241
vt 0.81785 0.92778
vt 0.97 0.43232
vt 0.96915 0.41727
vt 0.97422 0.43332
vt 0.97403 0.28894
vt 0.97046 0.2571
vt 0.98461 0.40171
vt 0.98514 0.41758
vt 0.98393 0.38412
vt 0.97924 0.43352
vt 0.97457 0.44019
vt 0.97878 0.44036
vt 0.17325 0.80632
vt 0.16088 0.84332
vt 0.15004 0.87649
vt 0.153 0.89348
vt 0.15062 0.8936
vt 0.98384 0.43281
vt 0.98262 0.43973
vt 0.15973 0.899
vt 0.15929 0.9081
vt 0.16672 0.92278
vt 0.16875 0.9311
vt 0.16397 0.92421
vt 0.17326 0.93175
vt 0.15639 0.90916
vt 0.68258 0.58897
vt 0.68503 0.58992
vt 0.1588 0.88153
vt 0.16884 0.90502
vt 0.154 0.87209
vt 0.16756 0.91356
vt 0.17391 0.92604
vt 0.68629 0.57365
vt 0.69806 0.60746
vt 0.68122 0.56477
vt 0.16365 0.88731
vt 0.17524 0.91798
vt 0.17966 0.92807
vt 0.17704 0.93111
vt 0.97873 0.21428
vt 0.9788 0.20474
vt 0.98099 0.20446
vt 0.17172 0.89804
vt 0.17601 0.90883
vt 0.18114 0.92169
vt 0.97199 0.1597
vt 0.96785 0.15885
vt 0.96467 0.16159
vt 0.69906 0.47436
vt 0.81411 0.9367
vt 0.81171 0.9345
vt 0.81219 0.93234
vt 0.81695 0.93367
vt 0.82246 0.93377
vt 0.82167 0.9278
vt 0.82551 0.92958
vt 0.82731 0.93106
vt 0.82529 0.93763
vt 0.82781 0.93476
vt 0.17949 0.93305
vt 0.18248 0.93154
vt 0.18259 0.92759
vt 0.97742 0.16302
vt 0.9738 0.20512
vt 0.67706 0.56586
vt 0.97736 0.16988
vt 0.97802 0.18368
vt 0.98001 0.28691
vt 0.17762 0.80051
vt 0.16248 0.84801
vt 0.16104 0.8587
vt 0.15831 0.86515
vt 0.1613 0.87756
vt 0.9791 0.24337
vt 0.97369 0.23304
vt 0.97902 0.23286
vt 0.97468 0.24345
vt 0.97321 0.22335
vt 0.67734 0.54277
vt 0.6804 0.54327
vt 0.68252 0.55999
vt 0.67049 0.53291
vt 0.66999 0.54879
vt 0.66801 0.53264
vt 0.98274 0.36169
vt 0.98031 0.37776
vt 0.97048 0.24372
vt 0.96846 0.22735
vt 0.67352 0.56417
vt 0.97845 0.36161
vt 0.16095 0.86856
vt 0.15111 0.85376
vt 0.14819 0.87002
vt 0.97392 0.36658
vt 0.97566 0.55473
vt 0.9794 0.54269
vt 0.97996 0.56041
vt 0.9747 0.57993
vt 0.97926 0.57295
vt 0.96444 0.61824
vt 0.96235 0.62274
vt 0.96153 0.61517
vt 0.96136 0.66223
vt 0.95693 0.66866
vt 0.95635 0.65371
vt 0.93029 0.55578
vt 0.9238 0.5803
vt 0.9206 0.58207
vt 0.07809 0.8527
vt 0.08889 0.83364
vt 0.08178 0.85322
vt 0.96596 0.65144
vt 0.965 0.66351
vt 0.96197 0.6502
vt 0.94631 0.53765
vt 0.93668 0.56287
vt 0.93313 0.57206
vt 0.95056 0.56312
vt 0.95358 0.57099
vt 0.95 0.57502
vt 0.08016 0.83508
vt 0.0882 0.828
vt 0.09305 0.81656
vt 0.09636 0.80475
vt 0.09678 0.81885
vt 0.94076 0.5347
vt 0.93896 0.54377
vt 0.93701 0.54058
vt 0.07196 0.84815
vt 0.07218 0.86933
vt 0.0871 0.81782
vt 0.09257 0.80215
vt 0.9818 0.52885
vt 0.98151 0.54269
vt 0.07112 0.84032
vt 0.07621 0.83156
vt 0.08291 0.815
vt 0.08897 0.79968
vt 0.95251 0.5369
vt 0.95511 0.54009
vt 0.95758 0.57052
vt 0.97365 0.63822
vt 0.96845 0.65052
vt 0.96953 0.63008
vt 0.97058 0.65962
vt 0.08047 0.81317
vt 0.08631 0.79794
vt 0.9771 0.61811
vt 0.97618 0.62744
vt 0.97133 0.61743
vt 0.97772 0.63997
vt 0.9693 0.6708
vt 0.95645 0.53829
vt 0.95999 0.5722
vt 0.98221 0.62194
vt 0.98219 0.63817
vt 0.98387 0.65045
vt 0.97983 0.65866
vt 0.928 0.58122
vt 0.91878 0.62755
vt 0.9235 0.63336
vt 0.92082 0.63632
vt 0.92959 0.65378
vt 0.92416 0.64452
vt 0.98153 0.67147
vt 0.97746 0.67242
vt 0.98304 0.58099
vt 0.9293 0.64036
vt 0.09285 0.93517
vt 0.08129 0.91486
vt 0.08298 0.91231
vt 0.97344 0.57253
vt 0.92298 0.61284
vt 0.93383 0.63912
vt 0.08557 0.89968
vt 0.09608 0.93391
vt 0.08083 0.89062
vt 0.92739 0.6194
vt 0.94053 0.64182
vt 0.93267 0.62369
vt 0.93893 0.65134
vt 0.95046 0.62385
vt 0.95133 0.64065
vt 0.94938 0.63642
vt 0.95893 0.67637
vt 0.96226 0.67173
vt 0.9625 0.67803
vt 0.96504 0.67379
vt 0.09424 0.79095
vt 0.09582 0.79585
vt 0.09179 0.79335
vt 0.12182 0.94083
vt 0.11934 0.9446
vt 0.11802 0.94142
vt 0.12268 0.93458
vt 0.11839 0.93467
vt 0.11986 0.93268
vt 0.94503 0.67893
vt 0.94246 0.67648
vt 0.94724 0.67363
vt 0.95434 0.67681
vt 0.95321 0.6693
vt 0.95619 0.62301
vt 0.9566 0.63958
vt 0.95161 0.61561
vt 0.94444 0.65285
vt 0.95145 0.65471
vt 0.94782 0.66469
vt 0.09195 0.92799
vt 0.95027 0.53977
vt 0.94312 0.5378
vt 0.92979 0.58584
vt 0.92895 0.60294
vt 0.92627 0.60312
vt 0.92973 0.61543
vt 0.95494 0.59686
vt 0.95716 0.60651
vt 0.95134 0.60351
vt 0.95491 0.58615
vt 0.95098 0.58643
vt 0.95699 0.615
vt 0.07776 0.86848
vt 0.08109 0.87513
vt 0.0823 0.8859
vt 0.97192 0.59056
vt 0.97364 0.59654
vt 0.06923 0.86347
vt 0.06898 0.85333
vt 0.97824 0.59154
vt 0.98115 0.60777
vt 0.96051 0.59679
vt 0.96233 0.60669
vt 0.07119 0.87979
vt 0.95957 0.58606
vt 0.97466 0.60768
vt 0.91851 0.61703
vt 0.91768 0.59758
vt 0.91635 0.60839
vt 0.98371 0.61749
vt 0.97072 0.60707
vt 0.99116 0.02469
vt 0.9949 0.01367
vt 0.9954 0.02953
vt 0.99011 0.04754
vt 0.99469 0.0409
vt 0.94879 0.21683
vt 0.94944 0.20657
vt 0.95388 0.21675
vt 0.94679 0.18897
vt 0.9538 0.189
vt 0.94956 0.17753
vt 0.95432 0.16632
vt 0.95453 0.17778
vt 0.95054 0.16614
vt 0.23917 0.81903
vt 0.23183 0.84326
vt 0.22846 0.84488
vt 0.6516 0.51571
vt 0.65463 0.50314
vt 0.65857 0.50337
vt 0.645 0.52557
vt 0.94584 0.17675
vt 0.94741 0.16555
vt 0.25526 0.80171
vt 0.24541 0.82637
vt 0.24148 0.83541
vt 0.96146 0.26672
vt 0.95843 0.25933
vt 0.96202 0.256
vt 0.63928 0.53609
vt 0.64505 0.50934
vt 0.66006 0.48997
vt 0.66716 0.48177
vt 0.66349 0.49199
vt 0.66451 0.47982
vt 0.25067 0.79841
vt 0.24851 0.80741
vt 0.24668 0.80413
vt 0.6445 0.49957
vt 0.65198 0.49395
vt 0.65891 0.482
vt 0.99716 0.00195
vt 0.997 0.01385
vt 0.65157 0.48482
vt 0.65806 0.47621
vt 0.66192 0.47681
vt 0.9595 0.2902
vt 0.9569 0.28736
vt 0.95444 0.25986
vt 0.98817 0.07931
vt 0.98395 0.0976
vt 0.98549 0.07909
vt 0.64852 0.4836
vt 0.65553 0.47493
vt 0.64125 0.49852
vt 0.99239 0.08426
vt 0.98816 0.09769
vt 0.9933 0.09873
vt 0.9916 0.1115
vt 0.99343 0.11944
vt 0.9865 0.11528
vt 0.98752 0.13054
vt 0.98395 0.13693
vt 0.98329 0.12966
vt 0.98773 0.13778
vt 0.98249 0.11411
vt 0.95557 0.28923
vt 0.95204 0.25864
vt 0.998 0.09819
vt 0.99849 0.11441
vt 0.99688 0.08434
vt 0.99254 0.13074
vt 0.99205 0.13795
vt 0.236 0.84436
vt 0.22502 0.87748
vt 0.22792 0.89449
vt 0.22552 0.89459
vt 0.99722 0.13013
vt 0.99589 0.13742
vt 0.99844 0.04872
vt 0.23463 0.90003
vt 0.23415 0.90913
vt 0.24151 0.92384
vt 0.24349 0.93216
vt 0.23874 0.92525
vt 0.248 0.93282
vt 0.23151 0.91005
vt 0.65992 0.60883
vt 0.64738 0.589
vt 0.64921 0.58638
vt 0.98844 0.04537
vt 0.23377 0.88255
vt 0.24372 0.90608
vt 0.22959 0.87987
vt 0.24241 0.91463
vt 0.24869 0.92712
vt 0.65133 0.57365
vt 0.66311 0.60746
vt 0.64626 0.56478
vt 0.23858 0.88835
vt 0.25006 0.91907
vt 0.25443 0.92917
vt 0.2518 0.9322
vt 0.96032 0.21647
vt 0.96036 0.20643
vt 0.96257 0.20659
vt 0.96276 0.18365
vt 0.25593 0.92279
vt 0.25077 0.90997
vt 0.95123 0.16053
vt 0.78379 0.55802
vt 0.78429 0.56121
vt 0.78369 0.56198
vt 0.66495 0.47514
vt 0.87152 0.50098
vt 0.87118 0.49664
vt 0.87339 0.49711
vt 0.87678 0.49924
vt 0.87806 0.50275
vt 0.87271 0.50647
vt 0.87804 0.50656
vt 0.87617 0.51041
vt 0.87008 0.5098
vt 0.8746 0.51222
vt 0.87087 0.51274
vt 0.25616 0.93327
vt 0.25735 0.9287
vt 0.95584 0.16055
vt 0.95895 0.16407
vt 0.95474 0.20731
vt 0.65876 0.60171
vt 0.95888 0.17089
vt 0.95956 0.18496
vt 0.96174 0.28769
vt 0.2529 0.80161
vt 0.23757 0.84904
vt 0.23609 0.85973
vt 0.23209 0.86638
vt 0.96069 0.24525
vt 0.95528 0.23504
vt 0.96061 0.23496
vt 0.95626 0.24523
vt 0.95668 0.22538
vt 0.64359 0.54296
vt 0.64595 0.54928
vt 0.64755 0.56
vt 0.64592 0.53036
vt 0.63551 0.53293
vt 0.63502 0.54881
vt 0.63303 0.53265
vt 0.99398 0.05227
vt 0.99599 0.06351
vt 0.99838 0.06956
vt 0.99376 0.07409
vt 0.95096 0.22908
vt 0.95207 0.2456
vt 0.63982 0.56589
vt 0.99158 0.06328
vt 0.22399 0.86619
vt 0.96108 0.22528
vt 0.99896 0.0843
vt 0.98738 0.06319
vt 0.81657 0.53185
vt 0.80684 0.52948
vt 0.81932 0.52685
vt 0.6033 0.89303
vt 0.60155 0.88075
vt 0.60928 0.879
vt 0.81448 0.52567
vt 0.78467 0.54572
vt 0.79506 0.5489
vt 0.79426 0.55282
vt 0.78571 0.54237
vt 0.8626 0.54815
vt 0.86457 0.54075
vt 0.04951 0.63358
vt 0.04747 0.64026
vt 0.04109 0.63095
vt 0.30346 0.59659
vt 0.30988 0.60207
vt 0.06068 0.65889
vt 0.06056 0.66698
vt 0.05645 0.64718
vt 0.0606 0.76641
vt 0.04873 0.77123
vt 0.01721 0.71886
vt 0.05179 0.68001
vt 0.01921 0.67613
vt 0.04858 0.65438
vt 0.064 0.79314
vt 0.5477 0.87298
vt 0.40098 0.95255
vt 0.39507 0.93429
vt 0.40164 0.92923
vt 0.83468 0.50347
vt 0.86656 0.21295
vt 0.6541 0.42828
vt 0.66439 0.4046
vt 0.66407 0.43146
vt 0.65498 0.4635
vt 0.65407 0.44251
vt 0.65912 0.46944
vt 0.50146 0.05215
vt 0.47892 0.06811
vt 0.44933 0.10389
vt 0.84395 0.51361
vt 0.85132 0.51708
vt 0.851 0.50672
vt 0.81239 0.228
vt 0.80691 0.25702
vt 0.80222 0.22507
vt 0.81172 0.19235
vt 0.80044 0.19048
vt 0.81873 0.01265
vt 0.81466 0.03961
vt 0.81372 0.01337
vt 0.86224 0.21016
vt 0.85837 0.21671
vt 0.7937 0.22238
vt 0.79201 0.18834
vt 0.7843 0.24497
vt 0.34646 0.96222
vt 0.44132 0.13964
vt 0.42968 0.15084
vt 0.4281 0.15917
vt 0.83669 0.46869
vt 0.82844 0.48006
vt 0.82784 0.46883
vt 0.70459 0.59331
vt 0.70669 0.59361
vt 0.70422 0.59763
vt 0.61573 0.87296
vt 0.61612 0.87878
vt 0.62027 0.87632
vt 0.26436 0.03686
vt 0.26468 0.03242
vt 0.26845 0.03309
vt 0.61043 0.89538
vt 0.79809 0.52969
vt 0.78729 0.53286
vt 0.80012 0.52601
vt 0.75277 0.47221
vt 0.81844 0.07008
vt 0.81925 0.12419
vt 0.8141 0.15677
vt 0.8111 0.09528
vt 0.80891 0.07134
vt 0.8235 0.0395
vt 0.39507 0.91599
vt 0.39995 0.91924
vt 0.40232 0.91102
vt 0.40199 0.88519
vt 0.40464 0.91617
vt 0.74255 0.55602
vt 0.68571 0.02584
vt 0.686 0.00927
vt 0.69157 0.01608
vt 0.73842 0.4712
vt 0.73079 0.47002
vt 0.68738 0.06749
vt 0.72697 0.43491
vt 0.72654 0.3528
vt 0.72659 0.40408
vt 0.36257 0.31129
vt 0.43963 0.40839
vt 0.40905 0.37637
vt 0.72438 0.22211
vt 0.73372 0.28259
vt 0.72502 0.28407
vt 0.60069 0.55807
vt 0.61479 0.59398
vt 0.3499 0.31338
vt 0.34131 0.29529
vt 0.76763 0.21901
vt 0.33031 0.2708
vt 0.35471 0.2835
vt 0.70109 0.42064
vt 0.7112 0.40281
vt 0.7118 0.3836
vt 0.29559 0.77647
vt 0.30392 0.75823
vt 0.30237 0.77018
vt 0.66253 0.90292
vt 0.66047 0.89803
vt 0.66349 0.90037
vt 0.63656 0.95446
vt 0.63826 0.94311
vt 0.64045 0.95822
vt 0.85677 0.31171
vt 0.86077 0.3178
vt 0.86128 0.32394
vt 0.6602 0.88766
vt 0.66341 0.88835
vt 0.64073 0.94306
vt 0.64 0.9162
vt 0.6417 0.9267
vt 0.85412 0.32845
vt 0.85812 0.33256
vt 0.85794 0.33792
vt 0.8485 0.3109
vt 0.29581 0.78768
vt 0.29655 0.78229
vt 0.30112 0.77929
vt 0.39472 0.86946
vt 0.39473 0.87705
vt 0.39284 0.87559
vt 0.39309 0.88272
vt 0.39465 0.88978
vt 0.3928 0.89579
vt 0.94013 0.47848
vt 0.94172 0.48508
vt 0.9384 0.48487
vt 0.93686 0.47837
vt 0.2902 0.78453
vt 0.2911 0.78851
vt 0.86298 0.33583
vt 0.86126 0.35148
vt 0.85549 0.36271
vt 0.66826 0.87704
vt 0.66767 0.8859
vt 0.63585 0.96791
vt 0.63783 0.96211
vt 0.64058 0.97045
vt 0.28667 0.7866
vt 0.28699 0.78257
vt 0.30053 0.75557
vt 0.30269 0.74977
vt 0.2874 0.77648
vt 0.29233 0.77513
vt 0.28439 0.78496
vt 0.28408 0.7817
vt 0.2997 0.74045
vt 0.29385 0.72288
vt 0.30157 0.74054
vt 0.30064 0.74932
vt 0.66443 0.87657
vt 0.66857 0.86881
vt 0.85543 0.31877
vt 0.93689 0.46051
vt 0.94057 0.45513
vt 0.94094 0.46085
vt 0.85732 0.35053
vt 0.94225 0.49033
vt 0.93827 0.48982
vt 0.94443 0.45593
vt 0.94438 0.46124
vt 0.94334 0.47837
vt 0.6355 0.96138
vt 0.63635 0.94227
vt 0.63762 0.92012
vt 0.29462 0.76542
vt 0.29811 0.76184
vt 0.94635 0.46145
vt 0.44655 0.92656
vt 0.44473 0.92758
vt 0.44507 0.92472
vt 0.30724 0.75143
vt 0.30577 0.76737
vt 0.6717 0.88394
vt 0.67293 0.87582
vt 0.93473 0.68858
vt 0.93837 0.68544
vt 0.93861 0.6929
vt 0.93968 0.70479
vt 0.93456 0.69831
vt 0.29559 0.72278
vt 0.27053 0.6643
vt 0.2938 0.70993
vt 0.2733 0.6675
vt 0.06096 0.86043
vt 0.05893 0.85126
vt 0.06168 0.84359
vt 0.0607 0.88749
vt 0.05874 0.86768
vt 0.85087 0.3678
vt 0.66948 0.90062
vt 0.6678 0.90557
vt 0.6673 0.89998
vt 0.93605 0.48532
vt 0.93517 0.48021
vt 0.66553 0.89432
vt 0.67083 0.89299
vt 0.64187 0.95125
vt 0.64239 0.96572
vt 0.2731 0.65689
vt 0.27444 0.6589
vt 0.82619 0.42794
vt 0.82971 0.41493
vt 0.39476 0.94857
vt 0.39212 0.94661
vt 0.6382 0.87334
vt 0.64158 0.87323
vt 0.85014 0.38052
vt 0.83303 0.41864
vt 0.82932 0.42398
vt 0.27274 0.6747
vt 0.82533 0.42477
vt 0.82823 0.43125
vt 0.83206 0.43748
vt 0.82671 0.43281
vt 0.82483 0.42923
vt 0.27298 0.66277
vt 0.27387 0.6666
vt 0.27506 0.65917
vt 0.26209 0.9215
vt 0.2625 0.92528
vt 0.2599 0.92565
vt 0.77968 0.92132
vt 0.77968 0.92519
vt 0.7761 0.92516
vt 0.39348 0.956
vt 0.39338 0.96002
vt 0.38979 0.95595
vt 0.25842 0.92165
vt 0.39027 0.94704
vt 0.38925 0.94699
vt 0.77765 0.93074
vt 0.77568 0.93102
vt 0.26828 0.66206
vt 0.27001 0.65841
vt 0.26882 0.66658
vt 0.82982 0.42851
vt 0.83156 0.43247
vt 0.25929 0.96797
vt 0.25916 0.95802
vt 0.26057 0.95772
vt 0.86188 0.45778
vt 0.85971 0.45778
vt 0.85564 0.45388
vt 0.85659 0.45335
vt 0.84758 0.44904
vt 0.2999 0.63816
vt 0.78064 0.95295
vt 0.77981 0.96659
vt 0.77946 0.95763
vt 0.78068 0.93252
vt 0.77899 0.94192
vt 0.77846 0.96586
vt 0.77701 0.94209
vt 0.25792 0.92515
vt 0.28305 0.64713
vt 0.302 0.63391
vt 0.29654 0.63835
vt 0.2551 0.77619
vt 0.26363 0.75834
vt 0.26199 0.77015
vt 0.32561 0.91423
vt 0.3223 0.91618
vt 0.32205 0.90975
vt 0.32643 0.90405
vt 0.32478 0.91818
vt 0.3224 0.89763
vt 0.97912 0.44742
vt 0.97762 0.45751
vt 0.97571 0.4472
vt 0.32983 0.90342
vt 0.32738 0.89144
vt 0.33058 0.89172
vt 0.97517 0.45771
vt 0.9763 0.48226
vt 0.97479 0.47937
vt 0.13714 0.64898
vt 0.14157 0.66393
vt 0.13829 0.65849
vt 0.1428 0.67586
vt 0.14139 0.67119
vt 0.25541 0.78781
vt 0.25607 0.78211
vt 0.26074 0.77939
vt 0.35269 0.87957
vt 0.35349 0.8742
vt 0.35507 0.87474
vt 0.68926 0.91749
vt 0.69088 0.92374
vt 0.68898 0.92936
vt 0.35409 0.89239
vt 0.35299 0.88542
vt 0.35624 0.88582
vt 0.3574 0.89293
vt 0.2497 0.78428
vt 0.25065 0.78848
vt 0.14577 0.66905
vt 0.14527 0.68115
vt 0.1395 0.69238
vt 0.32313 0.88206
vt 0.32499 0.87558
vt 0.32475 0.88494
vt 0.24546 0.78595
vt 0.24655 0.78244
vt 0.26041 0.75591
vt 0.26249 0.75005
vt 0.24763 0.77687
vt 0.25188 0.77493
vt 0.71807 0.50963
vt 0.71821 0.5126
vt 0.71759 0.513
vt 0.25953 0.74087
vt 0.25354 0.72313
vt 0.2614 0.7408
vt 0.35654 0.88026
vt 0.35819 0.87488
vt 0.3594 0.8801
vt 0.32068 0.89168
vt 0.31925 0.90436
vt 0.14161 0.65045
vt 0.35187 0.91025
vt 0.35049 0.89192
vt 0.98008 0.4415
vt 0.97791 0.44083
vt 0.97958 0.45843
vt 0.97863 0.47862
vt 0.35955 0.91028
vt 0.36001 0.89254
vt 0.26716 0.75183
vt 0.26565 0.7677
vt 0.32843 0.8792
vt 0.13178 0.63974
vt 0.13113 0.63193
vt 0.13566 0.63863
vt 0.25544 0.72285
vt 0.23041 0.6636
vt 0.25369 0.70996
vt 0.23319 0.66687
vt 0.14053 0.64144
vt 0.14572 0.65318
vt 0.14777 0.66301
vt 0.13491 0.63276
vt 0.14052 0.6801
vt 0.33222 0.90447
vt 0.32936 0.91432
vt 0.32847 0.91827
vt 0.33219 0.91494
vt 0.35944 0.88571
vt 0.35131 0.88498
vt 0.12903 0.6426
vt 0.12741 0.64407
vt 0.14343 0.6897
vt 0.13617 0.70622
vt 0.23304 0.65623
vt 0.23435 0.65824
vt 0.1101 0.75809
vt 0.11238 0.74775
vt 0.69021 0.9772
vt 0.68819 0.97612
vt 0.97887 0.522
vt 0.97554 0.52221
vt 0.11459 0.7544
vt 0.11323 0.7541
vt 0.23259 0.67419
vt 0.10914 0.75503
vt 0.11215 0.76139
vt 0.11563 0.76785
vt 0.11038 0.76312
vt 0.10863 0.75953
vt 0.23293 0.66217
vt 0.23405 0.66606
vt 0.23512 0.65863
vt 0.95891 0.48193
vt 0.95939 0.48583
vt 0.9569 0.48612
vt 0.8582 0.50756
vt 0.85818 0.50345
vt 0.8618 0.50351
vt 0.85824 0.51135
vt 0.86159 0.51132
vt 0.95517 0.48206
vt 0.68637 0.97636
vt 0.68599 0.98439
vt 0.68551 0.9762
vt 0.86026 0.49801
vt 0.86244 0.49673
vt 0.22854 0.66152
vt 0.23021 0.65788
vt 0.22874 0.66602
vt 0.11367 0.7588
vt 0.11505 0.76252
vt 0.95852 0.52264
vt 0.95766 0.51673
vt 0.95917 0.51635
vt 0.26765 0.63082
vt 0.2578 0.63694
vt 0.25785 0.63638
vt 0.86031 0.46422
vt 0.86134 0.47013
vt 0.85979 0.47295
vt 0.14425 0.78709
vt 0.14352 0.78801
vt 0.1396 0.78393
vt 0.95716 0.52062
vt 0.13138 0.77919
vt 0.26037 0.63764
vt 0.13411 0.7822
vt 0.85773 0.49649
vt 0.85942 0.48747
vt 0.86145 0.48742
vt 0.95474 0.48587
vt 0.24757 0.64349
vt 0.90015 0.01315
vt 0.8895 0.03015
vt 0.8926 0.0185
vt 0.68038 0.90292
vt 0.67832 0.89803
vt 0.68134 0.90037
vt 0.71057 0.89248
vt 0.71227 0.88113
vt 0.71445 0.89624
vt 0.90355 0.48651
vt 0.89876 0.48101
vt 0.89743 0.475
vt 0.67805 0.88766
vt 0.68127 0.88835
vt 0.71474 0.88107
vt 0.71401 0.85421
vt 0.71571 0.86472
vt 0.90392 0.46956
vt 0.8994 0.46603
vt 0.89886 0.4607
vt 0.91186 0.48619
vt 0.9014 0.00201
vt 0.89995 0.00725
vt 0.89503 0.00963
vt 0.38147 0.86946
vt 0.38148 0.87705
vt 0.37959 0.87559
vt 0.37984 0.88272
vt 0.38141 0.88978
vt 0.37955 0.89579
vt 0.52117 0.93327
vt 0.52275 0.93987
vt 0.51943 0.93966
vt 0.51789 0.93316
vt 0.90655 0.00587
vt 0.90617 0.00179
vt 0.89415 0.46344
vt 0.89373 0.44771
vt 0.89794 0.43581
vt 0.68612 0.87704
vt 0.68552 0.8859
vt 0.70986 0.90593
vt 0.71184 0.90013
vt 0.71459 0.90847
vt 0.91032 0.00427
vt 0.90947 0.00823
vt 0.89252 0.03323
vt 0.88961 0.03869
vt 0.90827 0.01421
vt 0.9032 0.0149
vt 0.91239 0.00622
vt 0.91224 0.00946
vt 0.89113 0.04602
vt 0.89173 0.05373
vt 0.88948 0.04796
vt 0.89159 0.0394
vt 0.68228 0.87657
vt 0.68642 0.86881
vt 0.90393 0.47934
vt 0.51792 0.91531
vt 0.5216 0.90992
vt 0.52197 0.91565
vt 0.89777 0.44812
vt 0.52328 0.94512
vt 0.5193 0.94462
vt 0.52546 0.91072
vt 0.52541 0.91603
vt 0.52437 0.93316
vt 0.70951 0.8994
vt 0.71036 0.88028
vt 0.71163 0.85814
vt 0.89966 0.02423
vt 0.89573 0.02732
vt 0.52738 0.91624
vt 0.93096 0.70376
vt 0.92913 0.70477
vt 0.92948 0.70192
vt 0.88532 0.03645
vt 0.88887 0.02084
vt 0.68955 0.88394
vt 0.69078 0.87582
vt 0.89312 0.06638
vt 0.91098 0.13064
vt 0.89322 0.07935
vt 0.90801 0.12409
vt 0.18156 0.75413
vt 0.18284 0.74819
vt 0.18486 0.75493
vt 0.90183 0.43014
vt 0.68733 0.90062
vt 0.68565 0.90557
vt 0.68515 0.89998
vt 0.51708 0.94011
vt 0.5162 0.935
vt 0.68338 0.89432
vt 0.68868 0.89299
vt 0.71588 0.88927
vt 0.7164 0.90374
vt 0.90837 0.13226
vt 0.38109 0.95399
vt 0.37888 0.94641
vt 0.71392 0.81152
vt 0.71636 0.8112
vt 0.89486 0.06651
vt 0.91005 0.11666
vt 0.90083 0.41744
vt 0.9144 0.37163
vt 0.91595 0.37204
vt 0.91044 0.12312
vt 0.91817 0.36878
vt 0.9195 0.37014
vt 0.91975 0.3649
vt 0.90783 0.12962
vt 0.90723 0.12502
vt 0.91759 0.3582
vt 0.91834 0.35811
vt 0.37888 0.95643
vt 0.71153 0.81133
vt 0.7125 0.80632
vt 0.37185 0.92015
vt 0.37334 0.92564
vt 0.37102 0.92569
vt 0.37777 0.96109
vt 0.37654 0.95607
vt 0.71616 0.80614
vt 0.91534 0.36615
vt 0.91374 0.36095
vt 0.91462 0.36072
vt 0.9129 0.13107
vt 0.91118 0.13721
vt 0.9123 0.12568
vt 0.71697 0.96791
vt 0.71597 0.95329
vt 0.71675 0.95642
vt 0.89245 0.18838
vt 0.89372 0.1786
vt 0.8939 0.18058
vt 0.71202 0.75957
vt 0.71302 0.76183
vt 0.71303 0.76758
vt 0.90366 0.32349
vt 0.89841 0.30905
vt 0.90194 0.31593
vt 0.3744 0.96816
vt 0.71452 0.91633
vt 0.37331 0.97378
vt 0.37107 0.96193
vt 0.36958 0.92563
vt 0.87976 0.31405
vt 0.8691 0.33103
vt 0.8722 0.31938
vt 0.64815 0.93355
vt 0.64643 0.92993
vt 0.64994 0.93147
vt 0.64728 0.88326
vt 0.6479 0.87358
vt 0.65138 0.8864
vt 0.65573 0.92001
vt 0.65384 0.91272
vt 0.65522 0.90683
vt 0.64342 0.91943
vt 0.64683 0.91991
vt 0.65017 0.87597
vt 0.90027 0.69435
vt 0.89573 0.69083
vt 0.89517 0.68548
vt 0.90815 0.71108
vt 0.881 0.30287
vt 0.87957 0.30814
vt 0.87464 0.3105
vt 0.70171 0.90997
vt 0.701 0.91763
vt 0.69927 0.91553
vt 0.36791 0.92057
vt 0.36926 0.92612
vt 0.36759 0.93138
vt 0.69914 0.89719
vt 0.70089 0.90399
vt 0.69757 0.90394
vt 0.69584 0.89689
vt 0.88616 0.30676
vt 0.88645 0.30326
vt 0.89056 0.6882
vt 0.89011 0.67243
vt 0.89518 0.65706
vt 0.64881 0.90662
vt 0.65034 0.91639
vt 0.64725 0.89679
vt 0.64899 0.8899
vt 0.65207 0.89943
vt 0.89096 0.30612
vt 0.88908 0.30912
vt 0.87201 0.33404
vt 0.8692 0.33957
vt 0.88787 0.31509
vt 0.88281 0.3158
vt 0.89184 0.31033
vt 0.87099 0.3492
vt 0.87466 0.3674
vt 0.8691 0.34887
vt 0.69763 0.9097
vt 0.69612 0.91745
vt 0.69489 0.90998
vt 0.64489 0.90665
vt 0.90023 0.70421
vt 0.89414 0.67283
vt 0.69953 0.87954
vt 0.70293 0.87402
vt 0.70302 0.87963
vt 0.70231 0.89671
vt 0.64658 0.89013
vt 0.13531 0.97239
vt 0.13611 0.95868
vt 0.137 0.97835
vt 0.87926 0.32509
vt 0.87519 0.32811
vt 0.70492 0.87927
vt 0.70227 0.87126
vt 0.70546 0.87366
vt 0.86491 0.33732
vt 0.86859 0.32177
vt 0.42265 0.87386
vt 0.42505 0.879
vt 0.42191 0.87851
vt 0.42313 0.88534
vt 0.42807 0.88499
vt 0.42172 0.9031
vt 0.42617 0.90223
vt 0.89378 0.69982
vt 0.18057 0.74158
vt 0.17865 0.73405
vt 0.1818 0.73913
vt 0.42584 0.87406
vt 0.42645 0.86948
vt 0.42804 0.8735
vt 0.87239 0.57174
vt 0.86883 0.56643
vt 0.8735 0.56665
vt 0.87111 0.56401
vt 0.89823 0.65477
vt 0.68659 0.62657
vt 0.68652 0.6297
vt 0.68555 0.6266
vt 0.69508 0.90408
vt 0.69359 0.8973
vt 0.65357 0.9298
vt 0.65035 0.92539
vt 0.14063 0.98052
vt 0.1395 0.97653
vt 0.14053 0.96461
vt 0.88877 0.67953
vt 0.87273 0.3803
vt 0.88655 0.42512
vt 0.87829 0.39957
vt 0.3681 0.98109
vt 0.36693 0.97416
vt 0.13863 0.95488
vt 0.1373 0.9186
vt 0.13934 0.91812
vt 0.89544 0.64858
vt 0.90901 0.60177
vt 0.91168 0.59606
vt 0.88978 0.41789
vt 0.87271 0.36729
vt 0.91558 0.59176
vt 0.8901 0.43181
vt 0.88725 0.43257
vt 0.87388 0.98047
vt 0.87064 0.97924
vt 0.87356 0.97536
vt 0.36514 0.9821
vt 0.36455 0.97448
vt 0.68392 0.91105
vt 0.68281 0.91542
vt 0.68114 0.91063
vt 0.68015 0.92187
vt 0.67965 0.91501
vt 0.87546 0.97493
vt 0.9112 0.59074
vt 0.9128 0.59024
vt 0.89196 0.42671
vt 0.89226 0.43199
vt 0.88971 0.42481
vt 0.91056 0.585
vt 0.91214 0.58359
vt 0.8895 0.43956
vt 0.68481 0.98201
vt 0.68403 0.97614
vt 0.68509 0.96376
vt 0.68543 0.96628
vt 0.87796 0.47273
vt 0.87102 0.48961
vt 0.88377 0.45026
vt 0.87243 0.48913
vt 0.89755 0.53973
vt 0.87105 0.95932
vt 0.87416 0.92356
vt 0.68317 0.95802
vt 0.87543 0.93015
vt 0.87576 0.92261
vt 0.88517 0.45501
vt 0.87894 0.47249
vt 0.89522 0.53419
vt 0.90635 0.71371
vt 0.89998 0.71129
vt 0.86168 0.29275
vt 0.86424 0.29168
vt 0.86346 0.29723
vt 0.91207 0.70761
vt 0.91416 0.71262
vt 0.63755 0.62701
vt 0.63601 0.62522
vt 0.63971 0.62179
vt 0.43924 0.89406
vt 0.44218 0.8811
vt 0.44193 0.89056
vt 0.6348 0.62101
vt 0.63299 0.61884
vt 0.91005 0.48882
vt 0.68875 0.90209
vt 0.69132 0.90102
vt 0.69048 0.90672
vt 0.91513 0.48233
vt 0.91749 0.48796
vt 0.91944 0.48841
vt 0.65854 0.62514
vt 0.65657 0.62332
vt 0.65947 0.61924
vt 0.68315 0.90703
vt 0.92517 0.70358
vt 0.92136 0.69139
vt 0.92439 0.69491
vt 0.85064 0.30854
vt 0.6709 0.90209
vt 0.67346 0.90102
vt 0.67263 0.90672
vt 0.84473 0.31429
vt 0.84461 0.30958
vt 0.43695 0.9142
vt 0.43509 0.92705
vt 0.43506 0.91761
vt 0.44021 0.92692
vt 0.44141 0.92456
vt 0.44306 0.92493
vt 0.18677 0.74477
vt 0.17404 0.70874
vt 0.18361 0.73136
vt 0.9391 0.71558
vt 0.9359 0.71024
vt 0.93636 0.7185
vt 0.05883 0.83756
vt 0.06219 0.83133
vt 0.8673 0.57074
vt 0.87248 0.57864
vt 0.87839 0.5762
vt 0.88117 0.62721
vt 0.88725 0.60628
vt 0.88488 0.61813
vt 0.87377 0.64268
vt 0.88469 0.59719
vt 0.8832 0.60269
vt 0.88043 0.59386
vt 0.86744 0.57623
vt 0.8646 0.57182
vt 0.44202 0.90403
vt 0.44386 0.90704
vt 0.44069 0.90553
vt 0.38367 0.93524
vt 0.3838 0.95287
vt 0.38199 0.95336
vt 0.38425 0.96066
vt 0.38228 0.9613
vt 0.93323 0.70972
vt 0.93191 0.69801
vt 0.41873 0.9074
vt 0.4188 0.90224
vt 0.42207 0.90922
vt 0.42538 0.90955
vt 0.42858 0.87847
vt 0.42923 0.90701
vt 0.05754 0.84427
vt 0.88059 0.59719
vt 0.43157 0.90236
vt 0.43145 0.90876
vt 0.88522 0.58513
vt 0.88126 0.57346
vt 0.3868 0.94783
vt 0.85369 0.68452
vt 0.87614 0.62953
vt 0.94212 0.68825
vt 0.94455 0.68646
vt 0.94461 0.69233
vt 0.94096 0.68424
vt 0.94356 0.68397
vt 0.42005 0.8845
vt 0.94233 0.69801
vt 0.43057 0.88508
vt 0.06373 0.84412
vt 0.06281 0.85847
vt 0.06289 0.88269
vt 0.85333 0.68928
vt 0.85117 0.68781
vt 0.85316 0.69339
vt 0.17393 0.72183
vt 0.15252 0.67369
vt 0.17579 0.72141
vt 0.06028 0.9299
vt 0.05859 0.8838
vt 0.06535 0.92989
vt 0.06408 0.88294
vt 0.38317 0.88269
vt 0.38193 0.93538
vt 0.15249 0.66653
vt 0.17899 0.63757
vt 0.1548 0.65785
vt 0.15869 0.65112
vt 0.14922 0.66538
vt 0.15125 0.66116
vt 0.15133 0.65749
vt 0.14849 0.66093
vt 0.85481 0.68495
vt 0.77317 0.96187
vt 0.77511 0.96712
vt 0.7726 0.96767
vt 0.96287 0.47982
vt 0.96078 0.48325
vt 0.9605 0.47933
vt 0.38591 0.87344
vt 0.38712 0.86958
vt 0.38792 0.87385
vt 0.06203 0.93352
vt 0.06285 0.92915
vt 0.96389 0.48316
vt 0.96324 0.48817
vt 0.77441 0.97123
vt 0.7706 0.97136
vt 0.96541 0.47943
vt 0.38385 0.86961
vt 0.38314 0.87386
vt 0.06479 0.93385
vt 0.15354 0.6616
vt 0.96513 0.52212
vt 0.96433 0.51989
vt 0.96535 0.51556
vt 0.18596 0.63304
vt 0.18074 0.63717
vt 0.77331 0.93165
vt 0.77356 0.92119
vt 0.77441 0.9323
vt 0.17811 0.63685
vt 0.77518 0.95743
vt 0.7736 0.95187
vt 0.77108 0.9502
vt 0.76984 0.96644
vt 0.96555 0.48316
vt 0.86588 0.70466
vt 0.88286 0.71748
vt 0.86372 0.70451
vt 0.85155 0.69415
vt 0.34366 0.91425
vt 0.33987 0.9172
vt 0.34002 0.90995
vt 0.33998 0.90095
vt 0.3441 0.90433
vt 0.33349 0.90434
vt 0.3349 0.89168
vt 0.33628 0.90426
vt 0.97289 0.47079
vt 0.97034 0.47899
vt 0.97045 0.45818
vt 0.97241 0.44998
vt 0.97002 0.44363
vt 0.21161 0.77531
vt 0.2222 0.75882
vt 0.21775 0.77195
vt 0.21792 0.76227
vt 0.2206 0.75591
vt 0.22268 0.75005
vt 0.22035 0.74314
vt 0.21844 0.7355
vt 0.22163 0.74082
vt 0.37164 0.88031
vt 0.37205 0.8749
vt 0.37348 0.8801
vt 0.36834 0.88005
vt 0.37032 0.88582
vt 0.36708 0.88542
vt 0.36795 0.89251
vt 0.37194 0.89258
vt 0.36585 0.91042
vt 0.36951 0.91062
vt 0.0915 0.64014
vt 0.08798 0.63461
vt 0.09263 0.63489
vt 0.09138 0.6315
vt 0.22455 0.74693
vt 0.21388 0.70996
vt 0.22051 0.72537
vt 0.2243 0.73463
vt 0.34199 0.882
vt 0.34275 0.89146
vt 0.33853 0.89141
vt 0.08646 0.63894
vt 0.09164 0.64696
vt 0.09752 0.64461
vt 0.09313 0.71152
vt 0.10659 0.67456
vt 0.10357 0.68832
vt 0.10392 0.66556
vt 0.10247 0.67099
vt 0.09973 0.6621
vt 0.08686 0.64374
vt 0.08345 0.63811
vt 0.08394 0.63579
vt 0.71342 0.93024
vt 0.71235 0.91453
vt 0.71395 0.91397
vt 0.36872 0.87462
vt 0.36657 0.87949
vt 0.34481 0.89173
vt 0.34654 0.90436
vt 0.3626 0.91671
vt 0.36249 0.90981
vt 0.36568 0.91707
vt 0.36911 0.91732
vt 0.37352 0.88571
vt 0.37409 0.89255
vt 0.37337 0.9099
vt 0.37215 0.91752
vt 0.96881 0.45661
vt 0.96823 0.44765
vt 0.36517 0.88669
vt 0.3612 0.90606
vt 0.20704 0.782
vt 0.20415 0.78145
vt 0.20726 0.77727
vt 0.10453 0.65334
vt 0.1005 0.6416
vt 0.21234 0.7806
vt 0.20853 0.78626
vt 0.20539 0.78526
vt 0.71121 0.9304
vt 0.70933 0.91876
vt 0.21329 0.78597
vt 0.07287 0.75438
vt 0.09548 0.6982
vt 0.21845 0.77818
vt 0.22479 0.76752
vt 0.22094 0.77937
vt 0.49829 0.9437
vt 0.50022 0.94617
vt 0.49818 0.94641
vt 0.49408 0.94365
vt 0.49539 0.94059
vt 0.49223 0.93946
vt 0.49576 0.93629
vt 0.49264 0.93622
vt 0.49432 0.93341
vt 0.49916 0.93367
vt 0.49697 0.93152
vt 0.49962 0.9311
vt 0.50334 0.93446
vt 0.50141 0.93146
vt 0.5033 0.9316
vt 0.50538 0.93327
vt 0.50553 0.93814
vt 0.50632 0.93484
vt 0.5071 0.93593
vt 0.20809 0.78997
vt 0.21197 0.78966
vt 0.5033 0.94296
vt 0.50682 0.94192
vt 0.5048 0.94467
vt 0.50319 0.94543
vt 0.50199 0.94615
vt 0.33619 0.91419
vt 0.3366 0.91805
vt 0.97388 0.44401
vt 0.97214 0.44085
vt 0.07231 0.76039
vt 0.07136 0.75336
vt 0.2137 0.72313
vt 0.18953 0.66696
vt 0.21563 0.72285
vt 0.71072 0.97856
vt 0.70884 0.92996
vt 0.97185 0.52184
vt 0.71334 0.97794
vt 0.97378 0.47905
vt 0.974 0.52236
vt 0.07261 0.74682
vt 0.09398 0.6981
vt 0.19374 0.66683
vt 0.19118 0.66187
vt 0.19152 0.66761
vt 0.83069 0.97224
vt 0.83304 0.96827
vt 0.83286 0.97201
vt 0.83026 0.96428
vt 0.83034 0.96846
vt 0.83138 0.95874
vt 0.83327 0.96319
vt 0.94982 0.48208
vt 0.94928 0.47919
vt 0.95025 0.47934
vt 0.82832 0.96812
vt 0.82861 0.97193
vt 0.97342 0.5257
vt 0.82814 0.964
vt 0.82921 0.95564
vt 0.19514 0.65854
vt 0.19343 0.66222
vt 0.07127 0.76318
vt 0.06883 0.75949
vt 0.06909 0.75504
vt 0.95217 0.51693
vt 0.95244 0.52631
vt 0.95118 0.51636
vt 0.10369 0.78675
vt 0.1036 0.78797
vt 0.08881 0.77713
vt 0.21787 0.63708
vt 0.19282 0.65785
vt 0.19134 0.65714
vt 0.07558 0.76272
vt 0.20059 0.64895
vt 0.95028 0.4904
vt 0.94865 0.48585
vt 0.83263 0.9479
vt 0.95074 0.48568
vt 0.83077 0.93093
vt 0.95355 0.48588
vt 0.09808 0.78461
vt 0.07729 0.76936
vt 0.55587 0.91374
vt 0.55951 0.9106
vt 0.55976 0.91805
vt 0.55994 0.92669
vt 0.5557 0.92347
vt 0.71214 0.61653
vt 0.7105 0.60609
vt 0.71357 0.60588
vt 0.71237 0.65603
vt 0.71036 0.63025
vt 0.71263 0.62896
vt 0.71671 0.60079
vt 0.71529 0.5953
vt 0.91303 0.75118
vt 0.90938 0.75968
vt 0.90837 0.75272
vt 0.41223 0.87406
vt 0.41284 0.86948
vt 0.41443 0.8735
vt 0.41022 0.87892
vt 0.41353 0.87882
vt 0.40811 0.9031
vt 0.40952 0.88534
vt 0.41256 0.90223
vt 0.89679 0.90521
vt 0.90103 0.90998
vt 0.89636 0.9104
vt 0.89909 0.9127
vt 0.905 0.76249
vt 0.9124 0.79999
vt 0.9062 0.77623
vt 0.5575 0.94365
vt 0.55704 0.9354
vt 0.56125 0.93527
vt 0.90197 0.90551
vt 0.89577 0.89838
vt 0.89024 0.90158
vt 0.88592 0.83509
vt 0.8797 0.87327
vt 0.87932 0.85657
vt 0.88369 0.88478
vt 0.88193 0.87599
vt 0.88475 0.8814
vt 0.90109 0.90009
vt 0.9045 0.90408
vt 0.92642 0.68123
vt 0.92827 0.68423
vt 0.92509 0.68273
vt 0.2657 0.80247
vt 0.26536 0.79512
vt 0.26735 0.79457
vt 0.55437 0.93488
vt 0.55305 0.92316
vt 0.40512 0.9074
vt 0.40519 0.90224
vt 0.40846 0.90922
vt 0.41176 0.90955
vt 0.41562 0.90701
vt 0.70921 0.6128
vt 0.88865 0.88721
vt 0.41818 0.90641
vt 0.41758 0.90955
vt 0.41582 0.91065
vt 0.41773 0.89947
vt 0.88227 0.89366
vt 0.88776 0.90469
vt 0.26345 0.80804
vt 0.2622 0.80165
vt 0.56347 0.92317
vt 0.90062 0.78567
vt 0.88533 0.84843
vt 0.56327 0.9134
vt 0.56569 0.91161
vt 0.56575 0.91749
vt 0.5621 0.9094
vt 0.5647 0.90913
vt 0.40779 0.87835
vt 0.40644 0.8845
vt 0.40903 0.87386
vt 0.41446 0.88499
vt 0.41622 0.88122
vt 0.71541 0.61265
vt 0.71448 0.62701
vt 0.71456 0.65122
vt 0.9144 0.78705
vt 0.9286 0.83766
vt 0.9125 0.7872
vt 0.71189 0.69827
vt 0.71027 0.65233
vt 0.26275 0.82044
vt 0.25849 0.87256
vt 0.26112 0.82047
vt 0.26561 0.82092
vt 0.26052 0.87263
vt 0.71473 0.69793
vt 0.71576 0.65147
vt 0.71698 0.69819
vt 0.26325 0.87286
vt 0.26665 0.82048
vt 0.92937 0.84924
vt 0.92602 0.84456
vt 0.92851 0.8584
vt 0.91311 0.90005
vt 0.92678 0.8539
vt 0.89983 0.78541
vt 0.89916 0.79092
vt 0.93131 0.85186
vt 0.14357 0.96871
vt 0.14381 0.97291
vt 0.14295 0.97274
vt 0.26012 0.88232
vt 0.25937 0.88707
vt 0.25813 0.88183
vt 0.71369 0.70302
vt 0.71645 0.70335
vt 0.7149 0.70732
vt 0.4282 0.94191
vt 0.42885 0.96412
vt 0.42743 0.96483
vt 0.43054 0.92529
vt 0.43047 0.91104
vt 0.43161 0.9255
vt 0.88316 0.72518
vt 0.88607 0.73176
vt 0.88703 0.73487
vt 0.88579 0.73762
vt 0.90244 0.7863
vt 0.89867 0.78001
vt 0.43181 0.9493
vt 0.43078 0.96411
vt 0.43004 0.91637
vt 0.14217 0.93049
vt 0.14318 0.92392
vt 0.14101 0.96573
vt 0.71068 0.74983
vt 0.71658 0.70808
vt 0.90907 0.90751
vt 0.90318 0.77851
vt 0.92336 0.45734
vt 0.92701 0.4544
vt 0.92723 0.46134
vt 0.9275 0.47031
vt 0.92324 0.46712
vt 0.98487 0.19061
vt 0.98254 0.18245
vt 0.98436 0.17052
vt 0.93171 0.48316
vt 0.92905 0.48992
vt 0.92899 0.48006
vt 0.85203 0.74777
vt 0.84952 0.76257
vt 0.84966 0.75111
vt 0.92837 0.49962
vt 0.92624 0.51079
vt 0.92513 0.50589
vt 0.92577 0.4968
vt 0.85599 0.75406
vt 0.85393 0.75976
vt 0.85655 0.74987
vt 0.85521 0.76661
vt 0.85578 0.77437
vt 0.85357 0.76794
vt 0.96228 0.43483
vt 0.9618 0.42896
vt 0.96433 0.43451
vt 0.95899 0.43484
vt 0.9612 0.44062
vt 0.95802 0.44053
vt 0.95931 0.4475
vt 0.96423 0.44718
vt 0.95811 0.46515
vt 0.96256 0.4641
vt 0.876 0.18511
vt 0.88025 0.18986
vt 0.87557 0.19025
vt 0.87832 0.19252
vt 0.85796 0.80049
vt 0.85094 0.7763
vt 0.92433 0.48991
vt 0.92477 0.48011
vt 0.88122 0.18541
vt 0.87506 0.17827
vt 0.86948 0.18143
vt 0.86259 0.12201
vt 0.85693 0.15272
vt 0.8577 0.14069
vt 0.86497 0.11552
vt 0.86345 0.1635
vt 0.88042 0.17996
vt 0.88441 0.18542
vt 0.883 0.18827
vt 0.95847 0.42893
vt 0.95727 0.43459
vt 0.92216 0.48004
vt 0.92066 0.46736
vt 0.95543 0.47187
vt 0.95511 0.46495
vt 0.95838 0.47185
vt 0.95986 0.42109
vt 0.96093 0.41333
vt 0.96203 0.42265
vt 0.95967 0.40743
vt 0.9618 0.47185
vt 0.96469 0.44043
vt 0.96561 0.46938
vt 0.92371 0.49937
vt 0.86812 0.16696
vt 0.8614 0.15578
vt 0.86471 0.16087
vt 0.96808 0.46949
vt 0.96748 0.47297
vt 0.96485 0.47305
vt 0.9676 0.46213
vt 0.86128 0.16878
vt 0.85738 0.1641
vt 0.86702 0.18445
vt 0.93105 0.46703
vt 0.86094 0.73804
vt 0.85598 0.73728
vt 0.85734 0.78721
vt 0.93079 0.45726
vt 0.93331 0.45636
vt 0.93336 0.46188
vt 0.6843 0.62967
vt 0.68418 0.62729
vt 0.68538 0.62697
vt 0.9302 0.93172
vt 0.92765 0.92316
vt 0.92907 0.91624
vt 0.95614 0.44734
vt 0.92965 0.45366
vt 0.96666 0.44779
vt 0.98753 0.15745
vt 0.98629 0.16899
vt 0.98639 0.15707
vt 0.88062 0.05843
vt 0.8826 0.06748
vt 0.88078 0.06725
vt 0.87873 0.07141
vt 0.95723 0.37893
vt 0.98444 0.2305
vt 0.93011 0.98313
vt 0.92766 0.93936
vt 0.98715 0.19067
vt 0.9871 0.2308
vt 0.93088 0.97704
vt 0.93111 0.93125
vt 0.88127 0.07801
vt 0.86496 0.1284
vt 0.87275 0.84774
vt 0.87448 0.84607
vt 0.87219 0.85748
vt 0.87922 0.06306
vt 0.87452 0.83783
vt 0.87616 0.84993
vt 0.95457 0.37118
vt 0.95474 0.36665
vt 0.95682 0.36815
vt 0.95656 0.36086
vt 0.90403 0.91874
vt 0.90244 0.92358
vt 0.90145 0.91842
vt 0.90407 0.91515
vt 0.90219 0.91489
vt 0.95365 0.36014
vt 0.95221 0.36648
vt 0.87179 0.85025
vt 0.87099 0.84567
vt 0.88234 0.0583
vt 0.88434 0.06456
vt 0.86377 0.01059
vt 0.87513 0.85726
vt 0.85506 0.90864
vt 0.90285 0.97463
vt 0.90176 0.96809
vt 0.89955 0.9202
vt 0.96262 0.32574
vt 0.90397 0.97548
vt 0.90404 0.92394
vt 0.96599 0.30717
vt 0.95822 0.33821
vt 0.95405 0.35382
vt 0.85766 0.90058
vt 0.87054 0.85586
vt 0.8727 0.03667
vt 0.86237 0.72716
vt 0.86531 0.72753
vt 0.8657 0.72959
vt 0.86736 0.73154
vt 0.87036 0.73119
vt 0.86934 0.7367
vt 0.87392 0.73146
vt 0.87531 0.72715
vt 0.44466 0.89554
vt 0.44733 0.89485
vt 0.44701 0.89802
vt 0.44135 0.89965
vt 0.44391 0.90188
vt 0.43957 0.90343
vt 0.4361 0.89938
vt 0.43637 0.90283
vt 0.43371 0.90101
vt 0.95997 0.47531
vt 0.4365 0.89095
vt 0.43673 0.88142
vt 0.44285 0.889
vt 0.44376 0.88937
vt 0.44655 0.8923
vt 0.91799 0.72701
vt 0.92097 0.72743
vt 0.92152 0.72852
vt 0.91152 0.7371
vt 0.91651 0.73793
vt 0.92298 0.73145
vt 0.92583 0.73149
vt 0.92492 0.73667
vt 0.92954 0.73147
vt 0.93097 0.7272
vt 0.5586 0.90693
vt 0.55622 0.9096
vt 0.55559 0.90669
vt 0.55337 0.90947
vt 0.91969 0.68573
vt 0.91843 0.68326
vt 0.92203 0.68202
vt 0.92471 0.68618
vt 0.92685 0.68991
vt 0.93005 0.68709
vt 0.92999 0.69058
vt 0.92602 0.69656
vt 0.91925 0.69448
vt 0.9197 0.70396
vt 0.69171 0.91043
vt 0.69135 0.90704
vt 0.17904 0.78176
vt 0.17604 0.78177
vt 0.17534 0.78077
vt 0.18399 0.77084
vt 0.17894 0.77074
vt 0.17347 0.77808
vt 0.17064 0.77846
vt 0.17903 0.76103
vt 0.16916 0.77546
vt 0.93633 0.68168
vt 0.93507 0.68444
vt 0.93222 0.68431
vt 0.43629 0.90787
vt 0.43402 0.90606
vt 0.43762 0.90482
vt 0.44031 0.90898
vt 0.44245 0.91271
vt 0.44565 0.90989
vt 0.44558 0.91339
vt 0.44022 0.9174
vt 0.67366 0.91039
vt 0.67349 0.90704
vt 0.80787 0.58786
vt 0.80472 0.59326
vt 0.78062 0.61276
vt 0.83351 0.57179
vt 0.81954 0.5825
vt 0.3118 0.84239
vt 0.31109 0.83597
vt 0.31432 0.8361
vt 0.31224 0.82552
vt 0.31102 0.80294
vt 0.31222 0.76874
vt 0.31577 0.82958
vt 0.31392 0.8021
vt 0.31731 0.83021
vt 0.30847 0.84039
vt 0.3087 0.82958
vt 0.31273 0.76429
vt 0.68513 0.85141
vt 0.67844 0.84549
vt 0.68691 0.8496
vt 0.70118 0.8602
vt 0.8386 0.56708
vt 0.82839 0.57142
vt 0.81807 0.47555
vt 0.8192 0.44912
vt 0.8197 0.47554
vt 0.81833 0.51246
vt 0.82097 0.49751
vt 0.8217 0.51284
vt 0.81911 0.4887
vt 0.82218 0.49228
vt 0.84438 0.56458
vt 0.84628 0.56647
vt 0.8435 0.56827
vt 0.67513 0.84812
vt 0.65192 0.8269
vt 0.67295 0.84409
vt 0.64047 0.81748
vt 0.62337 0.79919
vt 0.84072 0.5728
vt 0.84708 0.56968
vt 0.82097 0.5838
vt 0.80603 0.594
vt 0.79077 0.6064
vt 0.78497 0.6112
vt 0.76135 0.63543
vt 0.76784 0.62593
vt 0.82072 0.42701
vt 0.8207 0.4501
vt 0.81895 0.51718
vt 0.81472 0.51241
vt 0.81652 0.49711
vt 0.81684 0.52012
vt 0.8158 0.51695
vt 0.31099 0.76666
vt 0.31125 0.74718
vt 0.31252 0.74667
vt 0.84178 0.57522
vt 0.82611 0.58212
vt 0.81297 0.52109
vt 0.81187 0.51879
vt 0.38201 0.81972
vt 0.36902 0.80606
vt 0.40368 0.83764
vt 0.8213 0.47593
vt 0.94309 0.27759
vt 0.94197 0.26475
vt 0.94385 0.26419
vt 0.94324 0.29703
vt 0.9422 0.28857
vt 0.94372 0.28823
vt 0.69081 0.85918
vt 0.43009 0.86089
vt 0.41059 0.84491
vt 0.43585 0.86046
vt 0.42127 0.8501
vt 0.62997 0.80478
vt 0.64646 0.82055
vt 0.31744 0.84098
vt 0.82175 0.44935
vt 0.8217 0.42091
vt 0.3334 0.94218
vt 0.3359 0.94226
vt 0.33424 0.9453
vt 0.31431 0.84554
vt 0.81694 0.48856
vt 0.31379 0.78971
vt 0.58871 0.66731
vt 0.5976 0.65649
vt 0.59876 0.65742
vt 0.18776 0.81058
vt 0.18662 0.82421
vt 0.18585 0.81018
vt 0.98735 0.43366
vt 0.98787 0.42313
vt 0.98891 0.4341
vt 0.18783 0.88284
vt 0.18788 0.90667
vt 0.18676 0.90579
vt 0.58955 0.66792
vt 0.94405 0.27752
vt 0.1465 0.81164
vt 0.14679 0.82546
vt 0.14572 0.82582
vt 0.14773 0.8
vt 0.14807 0.81138
vt 0.32164 0.67885
vt 0.32752 0.6668
vt 0.32297 0.67943
vt 0.32061 0.69283
vt 0.32391 0.67965
vt 0.14792 0.82527
vt 0.3289 0.66765
vt 0.33767 0.6568
vt 0.33845 0.65744
vt 0.71995 0.7391
vt 0.72335 0.75235
vt 0.72162 0.75294
vt 0.72785 0.76475
vt 0.7379 0.77477
vt 0.75241 0.78321
vt 0.73694 0.7757
vt 0.72113 0.73909
vt 0.46856 0.84118
vt 0.48258 0.85022
vt 0.46752 0.84198
vt 0.52341 0.86183
vt 0.55332 0.86566
vt 0.54258 0.86497
vt 0.50203 0.85705
vt 0.48199 0.8508
vt 0.58266 0.67917
vt 0.58396 0.67967
vt 0.58016 0.69659
vt 0.58154 0.69292
vt 0.61262 0.64827
vt 0.61323 0.64917
vt 0.94178 0.27813
vt 0.94183 0.24821
vt 0.94358 0.24763
vt 0.58762 0.66688
vt 0.61191 0.64761
vt 0.18814 0.78974
vt 0.18812 0.79929
vt 0.1868 0.78936
vt 0.18817 0.82468
vt 0.18732 0.84155
vt 0.18664 0.79884
vt 0.98828 0.40996
vt 0.98883 0.39359
vt 0.98929 0.41041
vt 0.82255 0.30942
vt 0.82427 0.30109
vt 0.82401 0.30991
vt 0.98688 0.40959
vt 0.98724 0.39306
vt 0.45189 0.77604
vt 0.44909 0.79114
vt 0.45044 0.77575
vt 0.45509 0.76058
vt 0.45401 0.7602
vt 0.32089 0.72256
vt 0.32043 0.70732
vt 0.32247 0.72244
vt 0.32511 0.73798
vt 0.32641 0.73772
vt 0.73441 0.67197
vt 0.72584 0.69418
vt 0.72424 0.69386
vt 0.58114 0.72258
vt 0.57877 0.70746
vt 0.72026 0.70934
vt 0.72053 0.7178
vt 0.7184 0.72473
vt 0.46164 0.74569
vt 0.45646 0.76079
vt 0.45293 0.77603
vt 0.45059 0.79119
vt 0.45144 0.80544
vt 0.44996 0.80573
vt 0.78294 0.34879
vt 0.78349 0.3346
vt 0.78486 0.33445
vt 0.73197 0.67933
vt 0.31654 0.65429
vt 0.31636 0.64185
vt 0.31793 0.64148
vt 0.31695 0.63086
vt 0.31818 0.63068
vt 0.31528 0.68338
vt 0.3157 0.66843
vt 0.31726 0.6681
vt 0.318 0.65409
vt 0.57902 0.69273
vt 0.98986 0.50575
vt 0.99222 0.4786
vt 0.99454 0.4791
vt 0.98743 0.53136
vt 0.98933 0.48494
vt 0.98538 0.46815
vt 0.98571 0.46366
vt 0.98807 0.46415
vt 0.53488 0.6597
vt 0.54951 0.64748
vt 0.55215 0.64918
vt 0.44279 0.86617
vt 0.44253 0.86881
vt 0.43799 0.86676
vt 0.44679 0.86539
vt 0.44513 0.86886
vt 0.79347 0.48608
vt 0.79762 0.49758
vt 0.79487 0.49801
vt 0.80024 0.51292
vt 0.79713 0.51344
vt 0.78928 0.45015
vt 0.79221 0.46963
vt 0.79289 0.47621
vt 0.64571 0.61957
vt 0.64552 0.62302
vt 0.64493 0.61941
vt 0.64293 0.62722
vt 0.64769 0.62461
vt 0.70399 0.86815
vt 0.69988 0.86617
vt 0.70557 0.86549
vt 0.80986 0.51697
vt 0.80682 0.52047
vt 0.70414 0.85914
vt 0.33768 0.93881
vt 0.3396 0.94138
vt 0.48353 0.70907
vt 0.50934 0.68045
vt 0.51998 0.67174
vt 0.54392 0.64926
vt 0.98992 0.47273
vt 0.98673 0.48265
vt 0.98705 0.47276
vt 0.4385 0.8573
vt 0.4424 0.85737
vt 0.44685 0.85953
vt 0.44533 0.86072
vt 0.79323 0.51986
vt 0.79586 0.52014
vt 0.7958 0.52276
vt 0.78874 0.47028
vt 0.78672 0.45158
vt 0.7901 0.47711
vt 0.78542 0.42813
vt 0.78795 0.45097
vt 0.98521 0.47623
vt 0.79426 0.51424
vt 0.79839 0.51924
vt 0.78682 0.42765
vt 0.80115 0.5188
vt 0.79739 0.49336
vt 0.80287 0.51173
vt 0.80364 0.51891
vt 0.98632 0.54086
vt 0.98654 0.50426
vt 0.7916 0.49714
vt 0.79144 0.49
vt 0.79287 0.49839
vt 0.57255 0.64102
vt 0.57571 0.63705
vt 0.57671 0.63995
vt 0.38645 0.82162
vt 0.42519 0.85871
vt 0.31377 0.73075
vt 0.31381 0.74661
vt 0.31548 0.6988
vt 0.31686 0.68316
vt 0.61693 0.79353
vt 0.6071 0.78088
vt 0.55848 0.6379
vt 0.49901 0.69322
vt 0.51549 0.67729
vt 0.78799 0.56067
vt 0.78787 0.55854
vt 0.78887 0.5572
vt 0.99421 0.4645
vt 0.99653 0.46429
vt 0.99685 0.46756
vt 0.99419 0.47114
vt 0.33285 0.92691
vt 0.33551 0.92476
vt 0.33639 0.92914
vt 0.55977 0.64645
vt 0.82052 0.34735
vt 0.82197 0.33346
vt 0.822 0.3477
vt 0.31456 0.71477
vt 0.31389 0.6992
vt 0.31224 0.73114
vt 0.3128 0.71526
vt 0.45377 0.81877
vt 0.45224 0.81927
vt 0.98811 0.55786
vt 0.9879 0.57781
vt 0.98685 0.55659
vt 0.98903 0.59387
vt 0.98919 0.60958
vt 0.98786 0.59351
vt 0.59026 0.75149
vt 0.58277 0.72229
vt 0.58678 0.73755
vt 0.58116 0.70722
vt 0.60072 0.76983
vt 0.60001 0.76687
vt 0.60922 0.78037
vt 0.59243 0.75257
vt 0.99445 0.65445
vt 0.99431 0.66691
vt 0.99276 0.65424
vt 0.61909 0.79304
vt 0.78323 0.36392
vt 0.78465 0.34844
vt 0.34669 0.7807
vt 0.33997 0.76696
vt 0.34898 0.78049
vt 0.33223 0.7527
vt 0.33645 0.76365
vt 0.78435 0.42805
vt 0.78376 0.41225
vt 0.81945 0.39434
vt 0.8197 0.37828
vt 0.82093 0.3949
vt 0.81952 0.42645
vt 0.81971 0.41064
vt 0.98962 0.58497
vt 0.99086 0.60985
vt 0.99058 0.62527
vt 0.32428 0.73802
vt 0.98694 0.57742
vt 0.33754 0.76745
vt 0.3302 0.75312
vt 0.36708 0.80527
vt 0.35722 0.79346
vt 0.82055 0.33297
vt 0.82142 0.32026
vt 0.81932 0.36218
vt 0.82086 0.36277
vt 0.35878 0.79325
vt 0.99215 0.62547
vt 0.99233 0.64038
vt 0.82127 0.37876
vt 0.48887 0.70507
vt 0.48291 0.71154
vt 0.75355 0.64321
vt 0.73943 0.66496
vt 0.74623 0.65091
vt 0.73703 0.66438
vt 0.75597 0.63829
vt 0.74859 0.65148
vt 0.78542 0.41192
vt 0.78333 0.39604
vt 0.78496 0.39557
vt 0.78323 0.3798
vt 0.7848 0.37927
vt 0.78489 0.36335
vt 0.56956 0.63265
vt 0.5671 0.63488
vt 0.56483 0.63359
vt 0.33799 0.93251
vt 0.33638 0.93355
vt 0.33481 0.9321
vt 0.6487 0.628
vt 0.56868 0.63671
vt 0.64674 0.61948
vt 0.64653 0.61887
vt 0.80043 0.52232
vt 0.80957 0.52494
vt 0.80443 0.52313
vt 0.8143 0.5232
vt 0.34043 0.93213
vt 0.63249 0.64242
vt 0.66787 0.63432
vt 0.65388 0.63812
vt 0.98679 0.37295
vt 0.98781 0.35263
vt 0.98766 0.37325
vt 0.79729 0.79504
vt 0.82751 0.7991
vt 0.84132 0.80212
vt 0.79979 0.79687
vt 0.14814 0.86263
vt 0.14719 0.88384
vt 0.14685 0.86301
vt 0.14807 0.89014
vt 0.14679 0.90616
vt 0.14784 0.8424
vt 0.37122 0.64075
vt 0.39274 0.63623
vt 0.37166 0.64182
vt 0.41221 0.63314
vt 0.42685 0.63118
vt 0.43721 0.63126
vt 0.98828 0.33412
vt 0.98772 0.31243
vt 0.98834 0.31107
vt 0.18643 0.86167
vt 0.18594 0.88236
vt 0.63174 0.64113
vt 0.65308 0.63626
vt 0.94254 0.22802
vt 0.94405 0.22751
vt 0.94342 0.20287
vt 0.77204 0.78944
vt 0.77136 0.79072
vt 0.14587 0.88403
vt 0.14569 0.90193
vt 0.14631 0.84278
vt 0.14554 0.8633
vt 0.39811 0.63579
vt 0.35272 0.64898
vt 0.37212 0.64262
vt 0.18817 0.8621
vt 0.52695 0.8611
vt 0.98904 0.37369
vt 0.98911 0.35291
vt 0.94211 0.20349
vt 0.18588 0.90036
vt 0.18572 0.84116
vt 0.48329 0.8493
vt 0.50274 0.85573
vt 0.56899 0.86665
vt 0.69672 0.63045
vt 0.69753 0.63095
vt 0.98705 0.33414
vt 0.57814 0.86837
vt 0.88489 0.92683
vt 0.88044 0.93174
vt 0.88017 0.92613
vt 0.41478 0.91666
vt 0.41997 0.91552
vt 0.42011 0.92096
vt 0.42365 0.91632
vt 0.42308 0.92407
vt 0.8774 0.92603
vt 0.41629 0.92533
vt 0.41439 0.92209
vt 0.42284 0.91246
vt 0.88825 0.92797
vt 0.88616 0.93201
vt 0.42212 0.92919
vt 0.41766 0.92882
vt 0.41659 0.91194
vt 0.83889 0.55444
vt 0.83504 0.55604
vt 0.83832 0.54979
vt 0.84078 0.55463
vt 0.84141 0.55381
vt 0.42648 0.92426
vt 0.42409 0.93154
vt 0.88964 0.93155
vt 0.88552 0.93557
vt 0.41626 0.93175
vt 0.42117 0.93282
vt 0.83782 0.54271
vt 0.84203 0.5434
vt 0.83539 0.54786
vt 0.8325 0.54082
vt 0.83482 0.53772
vt 0.83881 0.53919
vt 0.89476 0.92996
vt 0.89206 0.93414
vt 0.83287 0.53381
vt 0.83919 0.53611
vt 0.83092 0.55345
vt 0.82892 0.55678
vt 0.82568 0.55354
vt 0.90625 0.93278
vt 0.90808 0.92861
vt 0.91165 0.93271
vt 0.91002 0.93521
vt 0.83082 0.53618
vt 0.82631 0.53612
vt 0.82719 0.54806
vt 0.82376 0.54653
vt 0.82345 0.54252
vt 0.90551 0.92725
vt 0.90852 0.92316
vt 0.82825 0.54135
vt 0.82214 0.54976
vt 0.83148 0.5472
vt 0.89687 0.9317
vt 0.82137 0.53995
vt 0.82357 0.53511
vt 0.51268 0.91311
vt 0.50964 0.91003
vt 0.51184 0.90962
vt 0.82006 0.54549
vt 0.89748 0.92701
vt 0.90552 0.92196
vt 0.90782 0.91882
vt 0.91276 0.92048
vt 0.50988 0.918
vt 0.50843 0.91359
vt 0.50917 0.92966
vt 0.50921 0.92602
vt 0.51223 0.92828
vt 0.91218 0.92516
vt 0.51385 0.92404
vt 0.51206 0.92051
vt 0.91695 0.92417
vt 0.5058 0.90893
vt 0.50679 0.92049
vt 0.50316 0.924
vt 0.50312 0.91767
vt 0.9143 0.91575
vt 0.91745 0.91995
vt 0.50259 0.91087
vt 0.91941 0.91671
vt 0.92183 0.9216
vt 0.50414 0.92779
vt 0.49827 0.92552
vt 0.92205 0.92622
vt 0.49717 0.92019
vt 0.91791 0.92805
vt 0.91319 0.92892
vt 0.91682 0.91471
vt 0.49913 0.9137
vt 0.49924 0.90845
vt 0.49566 0.91038
vt 0.92292 0.91653
vt 0.92354 0.91894
vt 0.49519 0.9154
vt 0.90818 0.52349
vt 0.90398 0.52356
vt 0.90975 0.52097
vt 0.90539 0.51791
vt 0.49304 0.922
vt 0.89854 0.9211
vt 0.89595 0.92329
vt 0.8968 0.91856
vt 0.92553 0.92274
vt 0.89714 0.52302
vt 0.90005 0.51945
vt 0.50048 0.92971
vt 0.49527 0.9278
vt 0.8969 0.52562
vt 0.892 0.52332
vt 0.89624 0.91623
vt 0.89419 0.91914
vt 0.89252 0.91521
vt 0.89978 0.51441
vt 0.89028 0.51893
vt 0.89387 0.51914
vt 0.91997 0.93138
vt 0.90273 0.51204
vt 0.90829 0.5128
vt 0.91024 0.517
vt 0.91066 0.51177
vt 0.89072 0.92428
vt 0.89137 0.92054
vt 0.90443 0.50939
vt 0.90843 0.50662
vt 0.90247 0.5067
vt 0.90538 0.50444
vt 0.89515 0.51159
vt 0.89126 0.5095
vt 0.8962 0.50684
vt 0.88898 0.91701
vt 0.88668 0.91447
vt 0.88993 0.91437
vt 0.8828 0.91703
vt 0.8905 0.51444
vt 0.88911 0.51114
vt 0.88266 0.92226
vt 0.87878 0.92065
vt 0.89898 0.50398
vt 0.87929 0.91698
vt 0.87761 0.91915
vt 0.40637 0.9212
vt 0.41001 0.92215
vt 0.4069 0.92718
vt 0.89198 0.5056
vt 0.88603 0.92056
vt 0.40704 0.93115
vt 0.41021 0.93152
vt 0.41179 0.92825
vt 0.40758 0.91426
vt 0.41032 0.91488
vt 0.92182 0.9351
vt 0.91551 0.93496
vt 0.41097 0.91165
vt 0.91656 0.93086
vt 0.91988 0.28257
vt 0.9233 0.28497
vt 0.91723 0.28648
vt 0.65907 0.91877
vt 0.66264 0.91426
vt 0.66339 0.92177
vt 0.66696 0.92178
vt 0.66648 0.91678
vt 0.91558 0.28099
vt 0.91383 0.28661
vt 0.66146 0.92821
vt 0.66745 0.92731
vt 0.66923 0.91163
vt 0.67064 0.91487
vt 0.54422 0.91013
vt 0.53688 0.90914
vt 0.54143 0.90689
vt 0.91637 0.27684
vt 0.91398 0.2788
vt 0.53117 0.91024
vt 0.53382 0.90735
vt 0.92064 0.27722
vt 0.92524 0.27638
vt 0.92524 0.28098
vt 0.65919 0.93153
vt 0.65794 0.92743
vt 0.66072 0.93139
vt 0.543 0.91316
vt 0.53974 0.91583
vt 0.53508 0.91368
vt 0.53114 0.91896
vt 0.53042 0.92307
vt 0.52948 0.92103
vt 0.86324 0.9327
vt 0.86694 0.9317
vt 0.86547 0.93405
vt 0.53485 0.91903
vt 0.92884 0.27733
vt 0.86915 0.93124
vt 0.86829 0.93466
vt 0.55073 0.9214
vt 0.54571 0.92022
vt 0.5492 0.91556
vt 0.53944 0.92112
vt 0.93271 0.27656
vt 0.93382 0.27995
vt 0.5338 0.92349
vt 0.86409 0.92872
vt 0.86824 0.92654
vt 0.53843 0.92731
vt 0.93235 0.28237
vt 0.92948 0.28253
vt 0.93093 0.2877
vt 0.54899 0.92649
vt 0.54479 0.92657
vt 0.59666 0.91987
vt 0.60009 0.92103
vt 0.59737 0.924
vt 0.93517 0.28258
vt 0.59662 0.91613
vt 0.59947 0.9143
vt 0.60195 0.92587
vt 0.60242 0.92901
vt 0.59897 0.92715
vt 0.60531 0.92761
vt 0.54157 0.92478
vt 0.86129 0.9263
vt 0.86528 0.92326
vt 0.6047 0.91972
vt 0.86097 0.92187
vt 0.86642 0.9186
vt 0.86247 0.91716
vt 0.86671 0.91635
vt 0.60764 0.90987
vt 0.60081 0.90994
vt 0.60345 0.90793
vt 0.85811 0.92748
vt 0.86033 0.93246
vt 0.60813 0.92982
vt 0.60489 0.93019
vt 0.60756 0.92315
vt 0.61014 0.9264
vt 0.614 0.92919
vt 0.85208 0.91991
vt 0.85394 0.91636
vt 0.85812 0.91811
vt 0.61212 0.91164
vt 0.61072 0.91711
vt 0.61577 0.91419
vt 0.61349 0.92025
vt 0.61465 0.92341
vt 0.85674 0.92267
vt 0.86017 0.91479
vt 0.60443 0.91483
vt 0.8544 0.9274
vt 0.8501 0.91869
vt 0.86458 0.26639
vt 0.86163 0.26886
vt 0.86236 0.2652
vt 0.85795 0.27321
vt 0.86116 0.27527
vt 0.85746 0.27971
vt 0.61597 0.92666
vt 0.61792 0.92236
vt 0.93062 0.29519
vt 0.93319 0.29144
vt 0.93285 0.29442
vt 0.92824 0.29451
vt 0.85156 0.92953
vt 0.85167 0.92449
vt 0.86541 0.27342
vt 0.86104 0.28127
vt 0.85929 0.28511
vt 0.85606 0.93117
vt 0.86877 0.26711
vt 0.86525 0.27958
vt 0.929 0.29065
vt 0.86784 0.2645
vt 0.92572 0.29154
vt 0.87708 0.27067
vt 0.87165 0.27003
vt 0.87339 0.26666
vt 0.8729 0.27696
vt 0.87007 0.28219
vt 0.86903 0.27492
vt 0.85015 0.93187
vt 0.84926 0.92906
vt 0.87223 0.28548
vt 0.86515 0.28463
vt 0.8568 0.93392
vt 0.85189 0.93412
vt 0.8767 0.27446
vt 0.91909 0.29562
vt 0.91732 0.29206
vt 0.92248 0.2951
vt 0.66774 0.93206
vt 0.6737 0.93086
vt 0.67089 0.9335
vt 0.85484 0.93573
vt 0.67526 0.92202
vt 0.67848 0.92419
vt 0.67715 0.92823
vt 0.87671 0.28008
vt 0.87696 0.28414
vt 0.67196 0.92733
vt 0.92202 0.29067
vt 0.67895 0.91994
vt 0.67088 0.9207
vt 0.67601 0.91736
vt 0.91422 0.29007
vt 0.92667 0.28665
vt 0.67528 0.91367
vt 0.77444 0.33911
vt 0.7636 0.33848
vt 0.77395 0.30954
vt 0.76316 0.30906
vt 0.78183 0.30959
vt 0.78226 0.33949
vt 0.05009 0.29131
vt 0.05478 0.29439
vt 0.71878 0.29944
vt 0.72571 0.30749
vt 0.72634 0.33066
vt 0.7195 0.33945
vt 0.71956 0.39352
vt 0.10184 0.23961
vt 0.68758 0.21437
vt 0.63432 0.35929
vt 0.63348 0.32618
vt 0.65602 0.16731
vt 0.77814 0.44091
vt 0.77785 0.41934
vt 0.71797 0.33727
vt 0.74685 0.15844
vt 0.75756 0.15851
vt 0.49162 0.3465
vt 0.50567 0.37008
vt 0.74739 0.13971
vt 0.75808 0.14018
vt 0.52944 0.48777
vt 0.28816 0.07242
vt 0.29574 0.06259
vt 0.30774 0.03891
vt 0.26082 0.03293
vt 0.43114 0.26115
vt 0.00394 0.80989
vt 0.01841 0.77087
vt 0.54916 0.93071
vt 0.54929 0.95344
vt 0.54289 0.94889
vt 0.53143 0.87312
vt 0.66048 0.0289
vt 0.31423 0.01008
vt 0.82491 0.50388
vt 0.58194 0.893
vt 0.65041 0.17272
vt 0.65191 0.14632
vt 0.17139 0.13379
vt 0.5662 0.46894
vt 0.65664 0.07374
vt 0.6043 0.558
vt 0.60819 0.61252
vt 0.59803 0.60085
vt 0.32151 0.94364
vt 0.32685 0.9459
vt 0.61547 0.6151
vt 0.1171 0.37015
vt 0.10588 0.38613
vt 0.10103 0.39607
vt 0.09691 0.39456
vt 0.58065 0.59334
vt 0.62295 0.59587
vt 0.62298 0.61179
vt 0.63171 0.62237
vt 0.6293 0.62082
vt 0.72147 0.19555
vt 0.72121 0.17586
vt 0.72983 0.15771
vt 0.73062 0.22195
vt 0.71969 0.22099
vt 0.51744 0.87264
vt 0.52625 0.89535
vt 0.59099 0.62583
vt 0.52948 0.90781
vt 0.27734 0.00336
vt 0.2778 0.00391
vt 0.70117 0.62832
vt 0.702 0.61897
vt 0.70259 0.62607
vt 0.50055 0.90234
vt 0.40995 0.19546
vt 0.33781 0.14812
vt 0.75892 0.12225
vt 0.76713 0.14948
vt 0.31938 0.20429
vt 0.00563 0.4497
vt 0.09778 0.40581
vt 0.0962 0.42339
vt 0.09759 0.43486
vt 0.09286 0.43654
vt 0.72389 0.10332
vt 0.72502 0.08664
vt 0.74844 0.12143
vt 0.72653 0.07085
vt 0.75641 0.04188
vt 0.75964 0.02346
vt 0.43451 0.13742
vt 0.10528 0.45606
vt 0.85844 0.24539
vt 0.09935 0.44321
vt 0.61422 0.90272
vt 0.61516 0.89559
vt 0.61865 0.89596
vt 0.61935 0.9028
vt 0.60391 0.90551
vt 0.60478 0.90118
vt 0.61558 0.90707
vt 0.62093 0.9073
vt 0.578 0.59767
vt 0.57711 0.60099
vt 0.12518 0.49523
vt 0.0381 0.51255
vt 0.06259 0.53996
vt 0.8426 0.01371
vt 0.8526 0.01573
vt 0.84087 0.04072
vt 0.73946 0.00679
vt 0.74687 0.006
vt 0.78245 0.54161
vt 0.7847 0.53293
vt 0.14289 0.55028
vt 0.45466 0.08037
vt 0.85107 0.15899
vt 0.83439 0.15815
vt 0.80405 0.09634
vt 0.30489 0.79423
vt 0.30642 0.79206
vt 0.48681 0.0185
vt 0.41211 0.20583
vt 0.30289 0.82509
vt 0.3029 0.80378
vt 0.68844 0.43581
vt 0.59299 0.88907
vt 0.59024 0.89061
vt 0.41834 0.18614
vt 0.87055 0.25668
vt 0.87753 0.25629
vt 0.6274 0.93046
vt 0.62172 0.9229
vt 0.596 0.93642
vt 0.58616 0.93042
vt 0.62751 0.88783
vt 0.6344 0.93642
vt 0.63568 0.40051
vt 0.63828 0.4227
vt 0.48871 0.07539
vt 0.4727 0.08832
vt 0.12213 0.36984
vt 0.1153 0.37862
vt 0.00085 0.79713
vt 0.46004 0.10966
vt 0.62379 0.88344
vt 0.62299 0.89301
vt 0.86711 0.51868
vt 0.87722 0.51292
vt 0.62593 0.01183
vt 0.88023 0.53335
vt 0.01899 0.82218
vt 0.84017 0.82369
vt 0.84672 0.80517
vt 0.84593 0.81751
vt 0.87755 0.20378
vt 0.87058 0.20387
vt 0.87668 0.19725
vt 0 0.82462
vt 0.04244 0.82167
vt 0.88068 0.21048
vt 0.87273 0.21176
vt 0.83913 0.87128
vt 0.83878 0.84476
vt 0.5959 0.86915
vt 0.58785 0.02832
vt 0.58488 0.04074
vt 0.00276 0.73101
vt 0.55556 0.02915
vt 0.58649 0.86996
vt 0.82652 0.51381
vt 0.05314 0.82186
vt 0.80802 0.29983
vt 0.80915 0.29541
vt 0.06826 0.82462
vt 0.60903 0.00228
vt 0.80441 0.2788
vt 0.14736 0.5207
vt 0.16045 0.54242
vt 0.06766 0.79763
vt 0.06352 0.77946
vt 0.06756 0.77837
vt 0.28679 0.6169
vt 0.30294 0.62532
vt 0.88486 0.56273
vt 0.88145 0.56279
vt 0.1406 0.90867
vt 0.14518 0.91703
vt 0.85386 0.19248
vt 0.23667 0.61397
vt 0.20997 0.59632
vt 0.20772 0.59923
vt 0.14298 0.85357
vt 0.13516 0.87462
vt 0.22081 0.57635
vt 0.71081 0.5839
vt 0.70734 0.58473
vt 0.70623 0.57534
vt 0.70426 0.55327
vt 0.70419 0.58342
vt 0.70326 0.57631
vt 0.94098 0.26433
vt 0.93919 0.2676
vt 0.45626 0.95274
vt 0.79592 0.9342
vt 0.79653 0.92988
vt 0.79946 0.92905
vt 0.45301 0.87024
vt 0.45701 0.87126
vt 0.9384 0.85714
vt 0.93348 0.86973
vt 0.46261 0.95722
vt 0.95481 0.8399
vt 0.95669 0.84311
vt 0.94315 0.84814
vt 0.94139 0.1587
vt 0.71451 0.4738
vt 0.94145 0.15543
vt 0.69275 0.62842
vt 0.69421 0.6252
vt 0.69421 0.62835
vt 0.69126 0.62626
vt 0.95943 0.95446
vt 0.95907 0.84251
vt 0.45899 0.97962
vt 0.45738 0.97554
vt 0.46103 0.97944
vt 0.71537 0.58601
vt 0.71052 0.58879
vt 0.71356 0.58279
vt 0.70975 0.59315
vt 0.70687 0.58929
vt 0.71368 0.58997
vt 0.80683 0.92389
vt 0.80266 0.92094
vt 0.8075 0.92192
vt 0.80381 0.92561
vt 0.79954 0.92473
vt 0.79844 0.92171
vt 0.70524 0.59053
vt 0.95838 0.83882
vt 0.80836 0.9264
vt 0.95709 0.83772
vt 0.79709 0.92687
vt 0.93863 0.27188
vt 0.93541 0.27379
vt 0.70427 0.58741
vt 0.7173 0.57682
vt 0.95659 0.85559
vt 0.93964 0.88959
vt 0.78917 0.9306
vt 0.79185 0.93202
vt 0.7922 0.93863
vt 0.93419 0.90367
vt 0.90809 0.19957
vt 0.91035 0.1987
vt 0.79426 0.92899
vt 0.79526 0.93762
vt 0.53452 0.9296
vt 0.02768 0.93618
vt 0.02561 0.93505
vt 0.54213 0.93033
vt 0.02359 0.93845
vt 0.48484 0.94477
vt 0.00059 0.90189
vt 0.94767 0.50654
vt 0.94562 0.51505
vt 0.94414 0.51238
vt 0.9452 0.50411
vt 0.47915 0.89405
vt 0.47877 0.88125
vt 0.48596 0.8741
vt 0.94065 0.51357
vt 0.94123 0.50462
vt 0.47856 0.86882
vt 0.47949 0.86841
vt 0.94577 0.49688
vt 0.93835 0.74031
vt 0.93345 0.75293
vt 0.49121 0.9496
vt 0.0283 0.82792
vt 0.90738 0.27852
vt 0.02832 0.82462
vt 0.69924 0.62837
vt 0.7001 0.6253
vt 0.7001 0.62826
vt 0.48928 0.97697
vt 0.48805 0.97347
vt 0.95945 0.83771
vt 0.95604 0.83466
vt 0.95932 0.72791
vt 0.48604 0.96904
vt 0.79163 0.92557
vt 0.78786 0.92538
vt 0.78993 0.92094
vt 0.78537 0.9233
vt 0.93976 0.52201
vt 0.93566 0.52
vt 0.93984 0.51758
vt 0.9437 0.51911
vt 0.79418 0.92375
vt 0.79395 0.92183
vt 0.78358 0.92572
vt 0.78599 0.92916
vt 0.78286 0.92963
vt 0.95813 0.72133
vt 0.02377 0.9423
vt 0.0262 0.94068
vt 0.531 0.93541
vt 0.53164 0.94865
vt 0.78376 0.9376
vt 0.78193 0.93436
vt 0.90184 0.22866
vt 0.00394 0.87132
vt 0.00994 0.88823
vt 0.93418 0.78694
vt 0.90166 0.23808
vt 0.98823 0.80076
vt 0.98844 0.81662
vt 0.96064 0.81698
vt 0.18935 0.88452
vt 0.98029 0.69348
vt 0.98119 0.73978
vt 0.97982 0.72264
vt 0.10878 0.81365
vt 0.10276 0.82904
vt 0.98838 0.69235
vt 0.3565 0.93213
vt 0.3557 0.9243
vt 0.99519 0.80036
vt 0.22307 0.79435
vt 0.97436 0.69198
vt 0.22319 0.79038
vt 0.68379 0.62468
vt 0.68563 0.62034
vt 0.68563 0.6244
vt 0.68181 0.62359
vt 0.68164 0.62131
vt 0.13463 0.93268
vt 0.99154 0.83132
vt 0.98957 0.82675
vt 0.99306 0.83111
vt 0.99471 0.83118
vt 0.97729 0.78624
vt 0.96835 0.83281
vt 0.96858 0.83771
vt 0.96462 0.83383
vt 0.97266 0.8336
vt 0.35065 0.94011
vt 0.35626 0.9428
vt 0.35105 0.94265
vt 0.35495 0.93703
vt 0.36023 0.93802
vt 0.36167 0.94144
vt 0.36043 0.94404
vt 0.97564 0.83062
vt 0.34785 0.93882
vt 0.34732 0.93633
vt 0.78521 0.55863
vt 0.78612 0.5572
vt 0.786 0.56137
vt 0.2187 0.93328
vt 0.22272 0.93109
vt 0.97607 0.80579
vt 0.97465 0.81643
vt 0.97783 0.81752
vt 0.131 0.8118
vt 0.9754 0.75963
vt 0.97578 0.74912
vt 0.19066 0.85849
vt 0.19313 0.84734
vt 0.20048 0.86793
vt 0.95366 0.01308
vt 0.95755 0.01579
vt 0.97308 0.11784
vt 0.97323 0.13509
vt 0.96272 0.0414
vt 0.96279 0.03108
vt 0.93805 0.11376
vt 0.96171 0.01811
vt 0.95998 0.00993
vt 0.94159 0.12429
vt 0.92907 0.11724
vt 0.91832 0.11099
vt 0.9144 0.09527
vt 0.92667 0.33966
vt 0.93483 0.15111
vt 0.96636 0.0026
vt 0.97165 0.0002
vt 0.97385 0.00281
vt 0.92233 0.35249
vt 0.98086 0.12339
vt 0.93712 0.31139
vt 0.11353 0.94306
vt 0.94485 0.004
vt 0.94915 0.15613
vt 0.94477 0
vt 0.69854 0.62453
vt 0.69919 0.62034
vt 0.70024 0.624
vt 0.69674 0.62375
vt 0.97964 0.15098
vt 0.9784 0.1548
vt 0.97805 0.15081
vt 0.95117 0.45302
vt 0.94699 0.05869
vt 0.94618 0.04613
vt 0.94814 0.04188
vt 0.97647 0.15114
vt 0.97449 0.14607
vt 0.95575 0.00616
vt 0.95116 0.00572
vt 0.95422 0
vt 0.94884 0.00416
vt 0.10986 0.93757
vt 0.10657 0.93268
vt 0.11234 0.9349
vt 0.1064 0.93825
vt 0.1033 0.9373
vt 0.10135 0.93458
vt 0.94199 0.15108
vt 0.94133 0.15543
vt 0.93884 0.15302
vt 0.9593 0.00449
vt 0.9487 0.30178
vt 0.94697 0.00823
vt 0.11336 0.93938
vt 0.10269 0.94039
vt 0.93629 0.15404
vt 0.93389 0.15205
vt 0.94501 0.03857
vt 0.94813 0.08537
vt 0.91496 0.06936
vt 0.917 0.05812
vt 0.96421 0.9607
vt 0.92259 0.38978
vt 0.98834 0.94652
vt 0.9885 0.96165
vt 0.96059 0.96146
vt 0.26897 0.88425
vt 0.98053 0.8391
vt 0.98143 0.88668
vt 0.29089 0.82482
vt 0.98894 0.83806
vt 0.72668 0.82535
vt 0.72065 0.84072
vt 0.99096 0.838
vt 0.9953 0.94611
vt 0.30271 0.7941
vt 0.97466 0.83771
vt 0.30285 0.79014
vt 0.66168 0.62311
vt 0.66009 0.62778
vt 0.65985 0.6236
vt 0.66382 0.62403
vt 0.66417 0.62624
vt 0.75245 0.9444
vt 0.66426 0.61985
vt 0.66324 0.61944
vt 0.99314 0.97537
vt 0.99471 0.9754
vt 0.97748 0.93142
vt 0.96704 0.97758
vt 0.97161 0.97792
vt 0.96848 0.98213
vt 0.76616 0.9241
vt 0.76019 0.92285
vt 0.76543 0.92133
vt 0.76305 0.92811
vt 0.75746 0.92842
vt 0.75497 0.92534
vt 0.75609 0.92176
vt 0.96409 0.97818
vt 0.97555 0.97523
vt 0.76887 0.92609
vt 0.76955 0.92853
vt 0.752 0.80287
vt 0.75301 0.80447
vt 0.76066 0.93348
vt 0.2973 0.93327
vt 0.2946 0.93475
vt 0.30052 0.93173
vt 0.97778 0.96202
vt 0.97556 0.9033
vt 0.27027 0.85823
vt 0.27274 0.84709
vt 0.23769 0.60782
vt 0.40502 0.88197
vt 0.4041 0.87482
vt 0.6925 0.43277
vt 0.69323 0.42597
vt 0.3114 0.63026
vt 0.30262 0.63065
vt 0.29294 0.62693
vt 0.40067 0.87088
vt 0.82553 0.30085
vt 0.31238 0.62687
vt 0.69027 0.47378
vt 0.68562 0.4714
vt 0.69389 0.46986
vt 0.6986 0.47343
vt 0.75453 0.56091
vt 0.75244 0.56242
vt 0.74767 0.56234
vt 0.8531 0.48026
vt 0.0137 0.64054
vt 0.02104 0.63307
vt 0.01975 0.6407
vt 0.01264 0.64718
vt 0.94947 0.69528
vt 0.63031 0.02787
vt 0.01871 0.65468
vt 0.0084 0.66763
vt 0.00839 0.65889
vt 0.6167 0.03392
vt 0.7523 0.30857
vt 0.00973 0.68829
vt 0.88011 0.22168
vt 0.75152 0.28351
vt 0.94851 0.70844
vt 0.33231 0.9215
vt 0.91908 0.52481
vt 0.78635 0.83616
vt 0.46382 0.89056
vt 0.46492 0.87497
vt 0.81679 0.84239
vt 0.31817 0.95517
vt 0.46385 0.95364
vt 0.80405 0.91309
vt 0.31712 0.9611
vt 0.80122 0.9107
vt 0.80851 0.91183
vt 0.31562 0.96511
vt 0.31413 0.96152
vt 0.8365 0.80551
vt 0.83832 0.80223
vt 0.83849 0.80568
vt 0.68194 0.62683
vt 0.68418 0.62965
vt 0.68131 0.62849
vt 0.68369 0.62645
vt 0.80868 0.91779
vt 0.81035 0.92094
vt 0.80651 0.91785
vt 0.81021 0.9174
vt 0.83632 0.81148
vt 0.4656 0.86894
vt 0.46432 0.87315
vt 0.31795 0.86788
vt 0.31083 0.84577
vt 0.69841 0.92221
vt 0.70337 0.92322
vt 0.69443 0.92347
vt 0.31521 0.84845
vt 0.70534 0.92561
vt 0.31776 0.85721
vt 0.46433 0.92299
vt 0.81374 0.8502
vt 0.8113 0.86236
vt 0.75764 0.83603
vt 0.89324 0.20512
vt 0.57854 0.94767
vt 0.5679 0.87837
vt 0.75502 0.83567
vt 0.8857 0.28428
vt 0.8855 0.29344
vt 0.05235 0.83377
vt 0.89781 0.27419
vt 0.85991 0.53847
vt 0.56911 0.87223
vt 0.77215 0.91067
vt 0.75995 0.88095
vt 0.77944 0.91184
vt 0.57072 0.86841
vt 0.57214 0.87219
vt 0.05444 0.82789
vt 0.05629 0.82462
vt 0.05644 0.82807
vt 0.89615 0.19523
vt 0.89428 0.19848
vt 0.77958 0.91779
vt 0.78124 0.92098
vt 0.77741 0.91785
vt 0.78143 0.91755
vt 0.89288 0.20317
vt 0.03562 0.8868
vt 0.03847 0.88948
vt 0.84821 0.93243
vt 0.0566 0.93767
vt 0.90462 0.27852
vt 0.90056 0.2793
vt 0.85252 0.56279
vt 0.90924 0.27905
vt 0.05572 0.92944
vt 0.91225 0.29718
vt 0.90997 0.29825
vt 0.9119 0.28949
vt 0.03928 0.87838
vt 0.57813 0.93536
vt 0.56774 0.90914
vt 0.56803 0.93526
vt 0.67322 0.51473
vt 0.97948 0.31059
vt 0.96559 0.20529
vt 0.17107 0.80201
vt 0.15607 0.83843
vt 0.98145 0.28847
vt 0.6703 0.51438
vt 0.98564 0.30806
vt 0.98554 0.38784
vt 0.98016 0.29557
vt 0.70034 0.60729
vt 0.97833 0.30052
vt 0.9765 0.29606
vt 0.18018 0.7933
vt 0.18239 0.78927
vt 0.1826 0.79351
vt 0.17757 0.79319
vt 0.68773 0.6244
vt 0.6906 0.62034
vt 0.69 0.62453
vt 0.68658 0.62242
vt 0.68681 0.62055
vt 0.70242 0.6141
vt 0.70259 0.61843
vt 0.70054 0.61458
vt 0.98004 0.30591
vt 0.98205 0.30134
vt 0.98521 0.30148
vt 0.98645 0.3062
vt 0.69789 0.61465
vt 0.98121 0.18224
vt 0.97218 0.1548
vt 0.81975 0.93914
vt 0.8142 0.93948
vt 0.82402 0.94003
vt 0.97629 0.1589
vt 0.70068 0.47579
vt 0.17646 0.93456
vt 0.78679 0.5576
vt 0.78701 0.5619
vt 0.78612 0.56048
vt 0.97867 0.2231
vt 0.9807 0.16872
vt 0.98536 0.3616
vt 0.96203 0.64086
vt 0.97865 0.53433
vt 0.96573 0.64102
vt 0.0935 0.82959
vt 0.08557 0.84832
vt 0.94758 0.53752
vt 0.09947 0.80697
vt 0.96665 0.66835
vt 0.96694 0.64262
vt 0.08955 0.79232
vt 0.11593 0.94617
vt 0.11446 0.94272
vt 0.97306 0.67212
vt 0.11453 0.94081
vt 0.11425 0.93924
vt 0.11768 0.93791
vt 0.98022 0.67668
vt 0.97701 0.67739
vt 0.92964 0.66171
vt 0.93671 0.6723
vt 0.93437 0.67383
vt 0.98408 0.55383
vt 0.98455 0.53724
vt 0.93448 0.65436
vt 0.93965 0.67823
vt 0.93727 0.67899
vt 0.08949 0.93212
vt 0.07574 0.89531
vt 0.94014 0.66989
vt 0.94389 0.6672
vt 0.09836 0.93383
vt 0.94942 0.53085
vt 0.95216 0.52641
vt 0.95398 0.53078
vt 0.94541 0.53051
vt 0.94749 0.52641
vt 0.9428 0.5305
vt 0.69209 0.62172
vt 0.69479 0.62502
vt 0.69134 0.62376
vt 0.69421 0.6212
vt 0.0983 0.94112
vt 0.10021 0.94506
vt 0.09565 0.9411
vt 0.10019 0.94071
vt 0.9833 0.52709
vt 0.98452 0.53232
vt 0.98013 0.52693
vt 0.97811 0.53199
vt 0.12426 0.94414
vt 0.12105 0.94583
vt 0.95744 0.68253
vt 0.12694 0.93861
vt 0.12664 0.94404
vt 0.12139 0.93748
vt 0.12492 0.93329
vt 0.95216 0.67915
vt 0.09739 0.79251
vt 0.94225 0.68097
vt 0.94781 0.67682
vt 0.9482 0.64397
vt 0.08061 0.86513
vt 0.98254 0.5968
vt 0.63824 0.51475
vt 0.99406 0.00664
vt 0.94722 0.20888
vt 0.963 0.28879
vt 0.63531 0.5144
vt 0.9994 0.02391
vt 0.9997 0.00947
vt 0.96167 0.2961
vt 0.65781 0.60837
vt 0.66538 0.60729
vt 0.23627 0.87859
vt 0.95988 0.30057
vt 0.95804 0.2961
vt 0.25548 0.79441
vt 0.25769 0.79038
vt 0.25738 0.79486
vt 0.25287 0.79429
vt 0.66681 0.62431
vt 0.67077 0.62778
vt 0.66646 0.62657
vt 0.66892 0.6234
vt 0.67077 0.62383
vt 0.66746 0.61409
vt 0.66763 0.61841
vt 0.66559 0.61457
vt 0.99869 0.00061
vt 0.99993 0.00505
vt 0.6659 0.62107
vt 0.66294 0.61464
vt 0.23553 0.86966
vt 0.86709 0.49898
vt 0.86678 0.5047
vt 0.86449 0.50047
vt 0.86615 0.50967
vt 0.86429 0.50748
vt 0.95371 0.15613
vt 0.66763 0.47694
vt 0.25201 0.93564
vt 0.95877 0.16045
vt 0.96223 0.1699
vt 0.79799 0.5488
vt 0.80219 0.5572
vt 0.94874 0.22575
vt 0.60388 0.8743
vt 0.05543 0.64054
vt 0.31737 0.60478
vt 0.05913 0.68507
vt 0.05332 0.78262
vt 0.85426 0.52056
vt 0.82519 0.0125
vt 0.76412 0.00678
vt 0.77058 0.0081
vt 0.78598 0.21868
vt 0.5514 0.00687
vt 0.5202 0.00864
vt 0.78295 0.25903
vt 0.66247 0.4729
vt 0.658 0.47378
vt 0.64872 0.47409
vt 0.31753 0.00663
vt 0.31857 0.00737
vt 0.43479 0.15172
vt 0.60547 0.8693
vt 0.61762 0.86873
vt 0.50918 0.86917
vt 0.28067 1E-05
vt 0.70296 0.6148
vt 0.70533 0.61003
vt 0.70532 0.61314
vt 0.26367 0.02906
vt 0.4996 0.9051
vt 0.95103 0.71308
vt 0.95107 0.71611
vt 0.80135 0.52922
vt 0.40515 0.92488
vt 0.39708 0.92283
vt 0.40188 0.92923
vt 0.7263 0.46801
vt 0.7077 0.62702
vt 0.70686 0.60249
vt 0.70796 0.59225
vt 0.73483 0.30783
vt 0.36898 0.33253
vt 0.77296 0.2834
vt 0.76675 0.17621
vt 0.30276 0.73162
vt 0.86338 0.32652
vt 0.65744 0.89715
vt 0.65748 0.90109
vt 0.29364 0.78998
vt 0.67155 0.86932
vt 0.3062 0.74266
vt 0.93414 0.4558
vt 0.93829 0.45408
vt 0.93386 0.46173
vt 0.88213 0.61186
vt 0.39075 0.87008
vt 0.94355 0.45385
vt 0.63649 0.9198
vt 0.94658 0.45618
vt 0.30774 0.75757
vt 0.39004 0.89539
vt 0.38983 0.87756
vt 0.94498 0.47953
vt 0.94381 0.48571
vt 0.8876 0.59499
vt 0.85776 0.34152
vt 0.63678 0.8787
vt 0.63798 0.86914
vt 0.64167 0.86926
vt 0.83025 0.42476
vt 0.39016 0.96001
vt 0.77639 0.92124
vt 0.30357 0.63423
vt 0.30774 0.63065
vt 0.77922 0.97169
vt 0.86429 0.46026
vt 0.25876 0.96418
vt 0.26018 0.9644
vt 0.26273 0.73191
vt 0.31917 0.91436
vt 0.3204 0.91798
vt 0.32744 0.86941
vt 0.25328 0.79023
vt 0.69088 0.91241
vt 0.68893 0.91126
vt 0.35592 0.91069
vt 0.25815 0.76216
vt 0.26617 0.74306
vt 0.35847 0.91649
vt 0.3549 0.91767
vt 0.24374 0.78191
vt 0.32286 0.87588
vt 0.35117 0.91691
vt 0.34828 0.91573
vt 0.34814 0.90945
vt 0.12365 0.6392
vt 0.12587 0.63568
vt 0.9798 0.47905
vt 0.12851 0.63553
vt 0.26779 0.75806
vt 0.68636 0.92884
vt 0.6861 0.91286
vt 0.32316 0.91987
vt 0.6025 0.94319
vt 0.60482 0.93835
vt 0.60751 0.94244
vt 0.5996 0.94007
vt 0.59997 0.93578
vt 0.60337 0.93315
vt 0.60756 0.93394
vt 0.60974 0.93762
vt 0.59796 0.94175
vt 0.60272 0.94572
vt 0.59916 0.9448
vt 0.3256 0.91994
vt 0.59752 0.93587
vt 0.596 0.93895
vt 0.60057 0.93142
vt 0.59821 0.93262
vt 0.6087 0.9323
vt 0.606 0.93103
vt 0.60762 0.93076
vt 0.60296 0.93097
vt 0.2479 0.78997
vt 0.61069 0.93462
vt 0.13483 0.69762
vt 0.61119 0.94062
vt 0.6103 0.94287
vt 0.14819 0.67027
vt 0.14694 0.6781
vt 0.98023 0.5172
vt 0.68951 0.98463
vt 0.97904 0.52561
vt 0.97654 0.52527
vt 0.86195 0.50756
vt 0.26568 0.63318
vt 0.14819 0.79047
vt 0.14602 0.78791
vt 0.88717 0.05667
vt 0.86098 0.46052
vt 0.12767 0.77756
vt 0.895 0.47272
vt 0.67529 0.89715
vt 0.67533 0.90109
vt 0.90384 1E-05
vt 0.6894 0.86932
vt 0.88521 0.04527
vt 0.51517 0.91059
vt 0.51932 0.90887
vt 0.5149 0.91653
vt 0.0658 0.82498
vt 0.06504 0.83225
vt 0.06506 0.82462
vt 0.3775 0.87008
vt 0.52458 0.90864
vt 0.7105 0.85782
vt 0.52761 0.91098
vt 0.88563 0.03029
vt 0.37663 0.88258
vt 0.3765 0.87542
vt 0.94322 0.70662
vt 0.37679 0.89539
vt 0.93153 0.68835
vt 0.52601 0.93432
vt 0.52484 0.94051
vt 0.89855 0.4571
vt 0.7108 0.81674
vt 0.91502 0.38741
vt 0.38107 0.96076
vt 0.37652 0.94682
vt 0.907 0.13444
vt 0.37391 0.92034
vt 0.71193 0.80231
vt 0.71468 0.80254
vt 0.90222 0.32367
vt 0.3782 0.96556
vt 0.37682 0.96517
vt 0.37263 0.97883
vt 0.3719 0.97474
vt 0.8958 0.30103
vt 0.89779 0.30499
vt 0.8908 0.18815
vt 0.37443 0.94048
vt 0.71717 0.91644
vt 0.71815 0.92166
vt 0.86663 0.35758
vt 0.89713 0.17639
vt 0.65364 0.89477
vt 0.64335 0.92927
vt 0.64442 0.93273
vt 0.88344 0.30086
vt 0.89625 0.66715
vt 0.69901 0.92172
vt 0.69547 0.87944
vt 0.86468 0.34615
vt 0.69259 0.8737
vt 0.69591 0.87231
vt 0.69247 0.8799
vt 0.69911 0.87368
vt 0.36493 0.93097
vt 0.36488 0.92045
vt 0.64649 0.87352
vt 0.13517 0.95872
vt 0.70489 0.87154
vt 0.86522 0.33115
vt 0.87627 0.5653
vt 0.71819 0.51629
vt 0.71759 0.51657
vt 0.71778 0.51332
vt 0.70392 0.89741
vt 0.70294 0.90416
vt 0.89493 0.68183
vt 0.65591 0.92924
vt 0.65129 0.93358
vt 0.1355 0.91754
vt 0.90366 0.69694
vt 0.89005 0.66707
vt 0.91421 0.60291
vt 0.87133 0.98482
vt 0.87325 0.98419
vt 0.68496 0.91384
vt 0.68306 0.92133
vt 0.90765 0.71774
vt 0.906 0.71852
vt 0.87528 0.9839
vt 0.87615 0.98391
vt 0.89116 0.4374
vt 0.87528 0.91471
vt 0.86924 0.49602
vt 0.89332 0.52671
vt 0.91224 0.57582
vt 0.44668 0.87768
vt 0.44466 0.87643
vt 0.4458 0.87237
vt 0.44739 0.87445
vt 0.86415 0.28966
vt 0.85877 0.29634
vt 0.91076 0.72071
vt 0.9123 0.71215
vt 0.43924 0.87664
vt 0.44135 0.87224
vt 0.43407 0.87642
vt 0.4361 0.87262
vt 0.44322 0.88337
vt 0.44666 0.88111
vt 0.86467 0.30052
vt 0.85627 0.29717
vt 0.69738 0.86924
vt 0.43395 0.88182
vt 0.43579 0.88353
vt 0.7012 0.86939
vt 0.69269 0.87121
vt 0.69418 0.86945
vt 0.43306 0.87322
vt 0.88967 0.30316
vt 0.43794 0.86966
vt 0.9113 0.4929
vt 0.90959 0.49374
vt 0.44243 0.87028
vt 0.67825 0.90437
vt 0.69073 0.9001
vt 0.91435 0.49593
vt 0.91599 0.48729
vt 0.91984 0.49139
vt 0.65463 0.61961
vt 0.91747 0.70887
vt 0.92178 0.7088
vt 0.92038 0.71313
vt 0.92734 0.7092
vt 0.92539 0.71293
vt 0.67619 0.90412
vt 0.92933 0.71104
vt 0.93089 0.70789
vt 0.92747 0.70213
vt 0.92557 0.71525
vt 0.92885 0.71418
vt 0.91006 0.00229
vt 0.84995 0.30434
vt 0.85176 0.30374
vt 0.67425 0.90119
vt 0.84128 0.30768
vt 0.84168 0.30559
vt 0.67288 0.9001
vt 0.84734 0.30092
vt 0.65963 0.90428
vt 0.43737 0.93161
vt 0.43351 0.93283
vt 0.44293 0.932
vt 0.44098 0.93574
vt 0.43701 0.93665
vt 0.66505 0.90685
vt 0.44492 0.93384
vt 0.44648 0.93069
vt 0.44114 0.93807
vt 0.44444 0.93698
vt 0.28718 0.78853
vt 0.93435 0.71815
vt 0.43426 0.9372
vt 0.65639 0.90119
vt 0.86605 0.56763
vt 0.05694 0.83517
vt 0.38707 0.95515
vt 0.38744 0.96075
vt 0.42827 0.91017
vt 0.38328 0.96516
vt 0.42943 0.91065
vt 0.3869 0.93492
vt 0.18704 0.75927
vt 0.38591 0.88288
vt 0.38793 0.88286
vt 0.18404 0.7749
vt 0.15454 0.66645
vt 0.85325 0.67742
vt 0.85526 0.69281
vt 0.06005 0.93409
vt 0.84918 0.68996
vt 0.10142 0.68026
vt 0.85006 0.68547
vt 0.96467 0.52602
vt 0.88485 0.71741
vt 0.88868 0.72073
vt 0.96356 0.52114
vt 0.18812 0.63074
vt 0.77251 0.92672
vt 0.88036 0.71449
vt 0.96128 0.49903
vt 0.33644 0.88217
vt 0.3388 0.87881
vt 0.10685 0.66323
vt 0.34301 0.91811
vt 0.34661 0.91414
vt 0.34559 0.91788
vt 0.33708 0.87588
vt 0.09543 0.6333
vt 0.34389 0.88224
vt 0.22707 0.7476
vt 0.34167 0.87281
vt 0.08523 0.63567
vt 0.1004 0.67802
vt 0.3432 0.87336
vt 0.2271 0.75778
vt 0.09496 0.71053
vt 0.71821 0.50709
vt 0.71759 0.50951
vt 0.71747 0.50667
vt 0.70919 0.91254
vt 0.33321 0.91405
vt 0.33396 0.91761
vt 0.21592 0.78767
vt 0.50061 0.93887
vt 0.9691 0.52223
vt 0.96855 0.51723
vt 0.96832 0.48816
vt 0.19222 0.67531
vt 0.18874 0.66152
vt 0.70878 0.97707
vt 0.22435 0.63431
vt 0.07357 0.75881
vt 0.07434 0.75502
vt 0.71073 0.98634
vt 0.70876 0.9858
vt 0.95344 0.48187
vt 0.97101 0.52524
vt 0.71341 0.98587
vt 0.55268 0.91351
vt 0.22409 0.63264
vt 0.22812 0.63065
vt 0.83132 0.9241
vt 0.83201 0.92097
vt 0.83227 0.9257
vt 0.10816 0.79039
vt 0.95305 0.52078
vt 0.95141 0.52181
vt 0.10059 0.7836
vt 0.8329 0.93063
vt 0.88174 0.86678
vt 0.87859 0.8842
vt 0.71747 0.59351
vt 0.56436 0.93177
vt 0.9108 0.76778
vt 0.90911 0.7688
vt 0.89381 0.91211
vt 0.71819 0.51986
vt 0.71759 0.52014
vt 0.71778 0.51689
vt 0.26737 0.80242
vt 0.55936 0.94373
vt 0.90362 0.90843
vt 0.8772 0.87405
vt 0.55549 0.94331
vt 0.70861 0.6037
vt 0.26218 0.7949
vt 0.41465 0.91017
vt 0.26652 0.79066
vt 0.90683 0.74811
vt 0.91206 0.73308
vt 0.90153 0.79811
vt 0.93075 0.84658
vt 0.4302 0.96959
vt 0.43175 0.96515
vt 0.71178 0.70355
vt 0.26312 0.89143
vt 0.26095 0.89184
vt 0.26292 0.88499
vt 0.71261 0.70714
vt 0.86127 0.14661
vt 0.92646 0.85051
vt 0.90394 0.78626
vt 0.70932 0.75521
vt 0.70985 0.7496
vt 0.42957 0.91505
vt 0.14333 0.91703
vt 0.14401 0.92094
vt 0.9069 0.91449
vt 0.88281 0.72775
vt 0.91895 0.88595
vt 0.1438 0.93038
vt 0.89585 0.7571
vt 0.92024 0.45777
vt 0.92104 0.45419
vt 0.92374 0.45371
vt 0.98301 0.16731
vt 0.9328 0.47398
vt 0.93012 0.49657
vt 0.87304 0.19188
vt 0.44486 0.90315
vt 0.44413 0.90382
vt 0.85927 0.78703
vt 0.9636 0.42856
vt 0.86542 0.13185
vt 0.86331 0.14084
vt 0.86263 0.14848
vt 0.86072 0.17351
vt 0.90005 0.91423
vt 0.9827 0.23083
vt 0.9276 0.97737
vt 0.92612 0.97627
vt 0.95583 0.37633
vt 0.95261 0.37102
vt 0.92751 0.98494
vt 0.88351 0.05901
vt 0.88408 0.06972
vt 0.9034 0.98431
vt 0.85226 0.91471
vt 0.85467 0.90634
vt 0.96823 0.30085
vt 0.96733 0.30814
vt 0.86038 0
vt 0.86333 0.00661
vt 0.96544 0.31525
vt 0.86802 0.7221
vt 0.8698 0.72233
vt 0.43427 0.89572
vt 0.43242 0.89869
vt 0.96528 0.47561
vt 0.92374 0.72205
vt 0.92551 0.72229
vt 0.87665 0.72575
vt 0.87647 0.72797
vt 0.64208 0.619
vt 0.44489 0.89069
vt 0.91699 0.68973
vt 0.92916 0.69366
vt 0.17407 0.7875
vt 0.17229 0.78752
vt 0.56287 0.9068
vt 0.65397 0.61972
vt 0.65376 0.62617
vt 0.65254 0.62492
vt 0.64975 0.62039
vt 0.16713 0.78147
vt 0.65351 0.62765
vt 0.43297 0.91145
vt 0.44475 0.91646
vt 0.44162 0.91936
vt 0.31126 0.84548
vt 0.30866 0.84493
vt 0.94187 0.68164
vt 0.83739 0.56513
vt 0.84318 0.56295
vt 0.66727 0.83768
vt 0.84683 0.57268
vt 0.82405 0.51292
vt 0.82415 0.51823
vt 0.82153 0.51897
vt 0.58167 0.67907
vt 0.99119 0.46419
vt 0.33329 0.92389
vt 0.31704 0.84509
vt 0.7187 0.73947
vt 0.7515 0.78453
vt 0.98841 0.4426
vt 0.31909 0.69247
vt 0.33698 0.65609
vt 0.14643 0.79071
vt 0.14772 0.79051
vt 0.14634 0.80025
vt 0.3519 0.64788
vt 0.32155 0.69287
vt 0.45905 0.83082
vt 0.45779 0.83147
vt 0.98931 0.42373
vt 0.72908 0.76417
vt 0.45996 0.74521
vt 0.58465 0.73815
vt 0.7296 0.67873
vt 0.45121 0.79107
vt 0.78445 0.32186
vt 0.78575 0.32175
vt 0.78557 0.31092
vt 0.78699 0.31085
vt 0.72086 0.72473
vt 0.72259 0.70966
vt 0.33798 0.94561
vt 0.33557 0.94976
vt 0.33365 0.94787
vt 0.3366 0.92131
vt 0.53972 0.65744
vt 0.44416 0.86343
vt 0.70226 0.86364
vt 0.70637 0.86845
vt 0.70343 0.85636
vt 0.70367 0.62585
vt 0.70287 0.62613
vt 0.70332 0.6223
vt 0.34241 0.94512
vt 0.34036 0.94908
vt 0.81863 0.52515
vt 0.81957 0.52177
vt 0.82247 0.5227
vt 0.34347 0.94906
vt 0.8241 0.52108
vt 0.44788 0.86254
vt 0.84858 0.56704
vt 0.84876 0.56844
vt 0.33728 0.95143
vt 0.33981 0.95145
vt 0.40638 0.83847
vt 0.41731 0.84645
vt 0.43009 0.85223
vt 0.78887 0.56012
vt 0.82289 0.32079
vt 0.3334 0.92976
vt 0.59791 0.76755
vt 0.99578 0.66696
vt 0.99685 0.67766
vt 0.99548 0.67765
vt 0.31883 0.70719
vt 0.46921 0.73135
vt 0.46752 0.73091
vt 0.47872 0.71782
vt 0.57217 0.63737
vt 0.70468 0.62256
vt 0.70448 0.62612
vt 0.80761 0.51681
vt 0.34036 0.92292
vt 0.34241 0.92688
vt 0.33798 0.9264
vt 0.34292 0.92173
vt 0.80061 0.52567
vt 0.33984 0.92024
vt 0.39779 0.63729
vt 0.14722 0.92558
vt 0.9428 0.16607
vt 0.94348 0.16522
vt 0.81388 0.79718
vt 0.14636 0.92441
vt 0.94209 0.17521
vt 0.94401 0.18781
vt 0.52419 0.86013
vt 0.14693 0.93429
vt 0.84878 0.80223
vt 0.9881 0.30085
vt 0.98748 0.30918
vt 0.70804 0.62977
vt 0.94295 0.15543
vt 0.94233 0.16322
vt 0.44047 0.62993
vt 0.44841 0.62977
vt 0.18742 0.92562
vt 0.18627 0.92293
vt 0.57006 0.86803
vt 0.55834 0.86691
vt 0.89301 0.92734
vt 0.42603 0.91424
vt 0.42631 0.91751
vt 0.84159 0.54994
vt 0.88175 0.93549
vt 0.41541 0.93359
vt 0.52992 0.91415
vt 0.53206 0.91251
vt 0.82371 0.55461
vt 0.89519 0.93487
vt 0.90868 0.91613
vt 0.91188 0.91663
vt 0.50845 0.9085
vt 0.50466 0.93039
vt 0.89844 0.92437
vt 0.49241 0.91664
vt 0.90463 0.5257
vt 0.49318 0.92629
vt 0.92525 0.92799
vt 0.92416 0.93258
vt 0.88956 0.50816
vt 0.66393 0.93191
vt 0.86196 0.93581
vt 0.85914 0.93592
vt 0.65867 0.92381
vt 0.66291 0.91138
vt 0.53777 0.9071
vt 0.91848 0.27492
vt 0.54764 0.90828
vt 0.65967 0.91332
vt 0.92467 0.27413
vt 0.5503 0.91195
vt 0.86927 0.9209
vt 0.87028 0.92583
vt 0.55211 0.91578
vt 0.53185 0.92673
vt 0.53497 0.92761
vt 0.55131 0.92445
vt 0.54544 0.9287
vt 0.9341 0.28615
vt 0.61812 0.91487
vt 0.48673 0.4841
vt 0.46611 0.44863
vt 0.61358 0.90865
vt 0.85834 0.26741
vt 0.85683 0.27012
vt 0.84918 0.92403
vt 0.86241 0.28622
vt 0.87609 0.26718
vt 0.86581 0.28819
vt 0.87087 0.28769
vt 0.87511 0.28659
vt 0.6758 0.93159
vt 0.87878 0.28067
usemtl mat0
f 1/1/1 2/2/1 3/3/1
f 4/4/2 5/5/2 6/6/2
f 7/7/3 8/8/3 4/4/3
f 9/9/4 6/6/4 10/10/4
f 11/11/5 12/12/5 13/13/5
f 14/14/6 15/15/6 16/16/6
f 17/17/7 16/16/7 18/18/7
f 7/7/8 19/19/8 20/20/8
f 8/8/9 7/7/9 20/20/9
f 21/21/10 22/22/10 23/23/10
f 21/21/11 24/24/11 25/25/11
f 26/26/12 27/27/12 28/28/12
f 28/28/13 27/27/13 29/29/13
f 30/30/14 31/31/14 32/32/14
f 33/33/15 34/34/15 35/35/15
f 22/22/16 34/34/16 33/33/16
f 22/22/17 36/36/17 34/34/17
f 37/37/18 38/38/18 39/39/18
f 40/40/19 38/38/19 37/37/19
f 41/41/20 42/42/20 43/43/20
f 43/43/21 42/42/21 44/44/21
f 21/21/22 23/23/22 24/24/22
f 23/23/23 45/45/23 24/24/23
f 46/46/24 47/47/24 48/48/24
f 25/25/25 24/24/25 49/49/25
f 50/50/26 51/51/26 52/52/26
f 53/53/27 54/54/27 55/55/27
f 54/54/28 56/56/28 55/55/28
f 57/57/29 58/58/29 59/59/29
f 59/59/30 58/58/30 60/60/30
f 61/61/31 54/54/31 62/62/31
f 63/63/32 64/64/32 65/65/32
f 66/66/33 67/67/33 64/64/33
f 64/64/34 68/68/34 69/69/34
f 70/70/35 71/71/35 72/72/35
f 71/71/36 73/73/36 74/74/36
f 29/29/37 75/75/37 76/76/37
f 45/45/38 29/29/38 46/46/38
f 77/77/39 78/78/39 79/79/39
f 79/79/40 78/78/40 80/80/40
f 79/79/41 80/80/41 81/81/41
f 82/82/42 83/83/42 84/84/42
f 85/85/43 86/86/43 87/87/43
f 88/88/44 89/89/44 90/90/44
f 90/90/45 91/91/45 92/92/45
f 93/93/46 90/90/46 94/94/46
f 30/30/47 95/95/47 31/31/47
f 95/95/48 37/37/48 31/31/48
f 31/31/49 37/37/49 2/2/49
f 31/31/50 2/2/50 1/1/50
f 96/96/51 97/97/51 41/41/51
f 98/98/52 99/99/52 100/100/52
f 98/98/53 100/100/53 69/69/53
f 101/101/54 102/102/54 103/103/54
f 102/102/55 104/104/55 58/58/55
f 105/105/56 106/106/56 107/107/56
f 108/108/57 109/109/57 106/106/57
f 106/106/58 109/109/58 110/110/58
f 85/85/59 111/111/59 83/83/59
f 111/111/60 112/112/60 83/83/60
f 87/87/61 111/111/61 85/85/61
f 113/113/62 114/114/62 115/115/62
f 116/116/63 117/117/63 114/114/63
f 118/118/64 119/119/64 120/120/64
f 121/121/65 120/120/65 122/122/65
f 115/115/66 123/123/66 124/124/66
f 125/125/67 126/126/67 127/127/67
f 128/128/68 126/126/68 129/129/68
f 107/107/69 127/127/69 128/128/69
f 130/130/70 125/125/70 127/127/70
f 131/131/71 132/132/71 133/133/71
f 62/62/72 134/134/72 135/135/72
f 35/35/73 62/62/73 135/135/73
f 135/135/74 134/134/74 28/28/74
f 136/136/75 137/137/75 138/138/75
f 139/139/76 103/103/76 15/15/76
f 59/59/77 60/60/77 77/77/77
f 140/140/78 141/141/78 142/142/78
f 143/143/79 144/144/79 140/140/79
f 145/145/80 146/146/80 142/142/80
f 142/142/81 146/146/81 140/140/81
f 147/147/82 148/148/82 149/149/82
f 150/150/83 149/149/83 151/151/83
f 147/147/84 149/149/84 150/150/84
f 136/136/85 152/152/85 137/137/85
f 136/136/86 153/153/86 105/105/86
f 60/60/87 58/58/87 109/109/87
f 154/154/88 155/155/88 156/156/88
f 157/157/89 158/158/89 159/159/89
f 156/156/90 145/145/90 141/141/90
f 160/160/91 161/161/91 66/66/91
f 162/162/92 163/163/92 164/164/92
f 162/162/93 165/165/93 166/166/93
f 167/167/94 168/168/94 163/163/94
f 164/164/95 169/169/95 170/170/95
f 8/8/96 20/20/96 171/171/96
f 172/172/97 171/171/97 79/79/97
f 169/169/98 173/173/98 174/174/98
f 175/175/99 174/174/99 138/138/99
f 170/170/100 138/138/100 176/176/100
f 162/162/101 177/177/101 178/178/101
f 179/179/102 180/180/102 68/68/102
f 68/68/103 180/180/103 98/98/103
f 68/68/104 98/98/104 69/69/104
f 160/160/105 66/66/105 63/63/105
f 63/63/106 66/66/106 64/64/106
f 181/181/107 182/182/107 183/183/107
f 183/183/108 184/184/108 185/185/108
f 186/186/109 187/187/109 188/188/109
f 88/88/110 189/189/110 89/89/110
f 190/190/111 191/191/111 192/192/111
f 192/192/112 180/180/112 179/179/112
f 193/193/113 194/194/113 195/195/113
f 191/191/114 196/196/114 180/180/114
f 197/197/115 198/198/115 199/199/115
f 199/199/116 200/200/116 201/201/116
f 102/102/117 202/202/117 104/104/117
f 203/203/118 204/204/118 205/205/118
f 199/199/119 198/198/119 206/206/119
f 199/199/120 206/206/120 200/200/120
f 206/206/121 198/198/121 207/207/121
f 208/208/122 206/206/122 207/207/122
f 200/200/123 206/206/123 208/208/123
f 209/209/124 112/112/124 111/111/124
f 209/209/125 111/111/125 87/87/125
f 210/210/126 211/211/126 112/112/126
f 112/112/127 212/212/127 213/213/127
f 214/214/128 215/215/128 216/216/128
f 215/215/129 217/217/129 218/218/129
f 219/219/130 220/220/130 221/221/130
f 55/55/131 222/222/131 223/223/131
f 223/223/132 224/224/132 225/225/132
f 223/223/133 225/225/133 226/226/133
f 227/227/134 228/228/134 229/229/134
f 230/230/135 219/219/135 231/231/135
f 232/232/136 233/233/136 234/234/136
f 234/234/137 233/233/137 235/235/137
f 236/236/138 237/237/138 232/232/138
f 234/234/139 235/235/139 238/238/139
f 239/239/140 240/240/140 167/167/140
f 241/241/141 242/242/141 236/236/141
f 6/6/142 5/5/142 241/241/142
f 242/242/143 243/243/143 237/237/143
f 244/244/144 236/236/144 245/245/144
f 10/10/145 241/241/145 246/246/145
f 247/247/146 188/188/146 248/248/146
f 249/249/147 250/250/147 251/251/147
f 252/252/148 253/253/148 254/254/148
f 255/255/149 252/252/149 256/256/149
f 257/257/150 219/219/150 258/258/150
f 168/168/151 240/240/151 172/172/151
f 168/168/152 167/167/152 240/240/152
f 240/240/153 259/259/153 172/172/153
f 260/260/154 261/261/154 250/250/154
f 260/260/155 258/258/155 261/261/155
f 262/262/156 263/263/156 264/264/156
f 265/265/157 266/266/157 267/267/157
f 263/263/158 268/268/158 264/264/158
f 264/264/159 269/269/159 217/217/159
f 270/270/160 271/271/160 272/272/160
f 273/273/161 274/274/161 260/260/161
f 275/275/162 276/276/162 270/270/162
f 277/277/163 278/278/163 279/279/163
f 280/280/164 279/279/164 281/281/164
f 282/282/165 277/277/165 280/280/165
f 283/283/166 284/284/166 285/285/166
f 286/286/167 287/287/167 283/283/167
f 283/283/168 287/287/168 284/284/168
f 285/285/169 284/284/169 288/288/169
f 281/281/170 209/209/170 289/289/170
f 290/290/171 291/291/171 240/240/171
f 292/292/172 293/293/172 294/294/172
f 295/295/173 296/296/173 291/291/173
f 296/296/174 297/297/174 298/298/174
f 291/291/175 298/298/175 299/299/175
f 300/300/176 301/301/176 302/302/176
f 303/303/177 301/301/177 300/300/177
f 301/301/178 304/304/178 305/305/178
f 306/306/179 307/307/179 308/308/179
f 226/226/180 309/309/180 310/310/180
f 311/311/181 307/307/181 312/312/181
f 218/218/182 313/313/182 314/314/182
f 217/217/183 313/313/183 218/218/183
f 298/298/184 315/315/184 316/316/184
f 315/315/185 317/317/185 318/318/185
f 319/319/186 280/280/186 320/320/186
f 321/321/187 319/319/187 322/322/187
f 323/323/188 324/324/188 319/319/188
f 325/325/189 297/297/189 296/296/189
f 326/326/190 327/327/190 325/325/190
f 328/328/191 329/329/191 327/327/191
f 327/327/192 329/329/192 330/330/192
f 331/331/193 305/305/193 332/332/193
f 305/305/194 318/318/194 333/333/194
f 302/302/195 305/305/195 331/331/195
f 334/334/196 335/335/196 336/336/196
f 337/337/197 336/336/197 338/338/197
f 339/339/198 340/340/198 341/341/198
f 341/341/199 337/337/199 342/342/199
f 343/343/200 344/344/200 268/268/200
f 344/344/201 345/345/201 346/346/201
f 347/347/202 343/343/202 263/263/202
f 348/348/203 349/349/203 350/350/203
f 268/268/204 346/346/204 269/269/204
f 351/351/205 352/352/205 353/353/205
f 353/353/206 354/354/206 355/355/206
f 352/352/207 356/356/207 252/252/207
f 352/352/208 252/252/208 354/354/208
f 256/256/209 357/357/209 358/358/209
f 359/359/210 360/360/210 361/361/210
f 362/362/211 363/363/211 364/364/211
f 25/25/212 362/362/212 365/365/212
f 49/49/213 362/362/213 25/25/213
f 366/366/214 363/363/214 49/49/214
f 367/367/215 255/255/215 256/256/215
f 368/368/216 369/369/216 370/370/216
f 360/360/217 371/371/217 361/361/217
f 372/372/218 373/373/218 360/360/218
f 373/373/219 374/374/219 375/375/219
f 376/376/220 377/377/220 378/378/220
f 379/379/221 380/380/221 381/381/221
f 365/365/222 382/382/222 383/383/222
f 25/25/223 365/365/223 21/21/223
f 383/383/224 384/384/224 21/21/224
f 385/385/225 386/386/225 387/387/225
f 387/387/226 131/131/226 133/133/226
f 388/388/227 389/389/227 390/390/227
f 391/391/228 392/392/228 393/393/228
f 382/382/229 394/394/229 383/383/229
f 395/395/230 396/396/230 394/394/230
f 397/397/231 398/398/231 399/399/231
f 400/400/232 401/401/232 117/117/232
f 402/402/233 403/403/233 404/404/233
f 405/405/234 406/406/234 407/407/234
f 408/408/235 406/406/235 409/409/235
f 410/410/236 113/113/236 411/411/236
f 113/113/237 115/115/237 412/412/237
f 413/413/238 414/414/238 415/415/238
f 416/416/239 417/417/239 418/418/239
f 419/419/240 420/420/240 421/421/240
f 422/422/241 423/423/241 424/424/241
f 425/425/242 426/426/242 427/427/242
f 428/428/243 425/425/243 429/429/243
f 430/430/244 431/431/244 432/432/244
f 405/405/245 433/433/245 434/434/245
f 435/435/246 436/436/246 437/437/246
f 438/438/247 439/439/247 440/440/247
f 423/423/248 441/441/248 424/424/248
f 435/435/249 442/442/249 443/443/249
f 436/436/250 443/443/250 444/444/250
f 445/445/251 446/446/251 421/421/251
f 408/408/252 447/447/252 448/448/252
f 124/124/253 449/449/253 412/412/253
f 124/124/254 450/450/254 449/449/254
f 124/124/255 451/451/255 450/450/255
f 450/450/256 452/452/256 453/453/256
f 454/454/257 455/455/257 456/456/257
f 457/457/258 458/458/258 459/459/258
f 460/460/259 455/455/259 454/454/259
f 461/461/260 462/462/260 406/406/260
f 457/457/261 459/459/261 463/463/261
f 345/345/262 464/464/262 322/322/262
f 322/322/263 320/320/263 465/465/263
f 466/466/264 326/326/264 467/467/264
f 468/468/265 469/469/265 328/328/265
f 470/470/266 471/471/266 472/472/266
f 473/473/267 474/474/267 475/475/267
f 476/476/268 477/477/268 478/478/268
f 479/479/269 480/480/269 481/481/269
f 482/482/270 483/483/270 484/484/270
f 485/485/271 486/486/271 483/483/271
f 480/480/272 487/487/272 488/488/272
f 481/481/273 488/488/273 489/489/273
f 490/490/274 491/491/274 492/492/274
f 493/493/275 476/476/275 491/491/275
f 494/494/276 495/495/276 496/496/276
f 497/497/277 289/289/277 498/498/277
f 498/498/278 289/289/278 30/30/278
f 229/229/279 497/497/279 498/498/279
f 499/499/280 500/500/280 501/501/280
f 193/193/281 501/501/281 194/194/281
f 502/502/282 496/496/282 503/503/282
f 328/328/283 504/504/283 490/490/283
f 505/505/284 506/506/284 507/507/284
f 504/504/285 508/508/285 509/509/285
f 509/509/286 508/508/286 510/510/286
f 493/493/287 510/510/287 476/476/287
f 511/511/288 489/489/288 512/512/288
f 513/513/289 514/514/289 515/515/289
f 512/512/290 489/489/290 516/516/290
f 517/517/291 518/518/291 519/519/291
f 517/517/292 520/520/292 521/521/292
f 522/522/293 523/523/293 524/524/293
f 525/525/294 522/522/294 526/526/294
f 524/524/295 523/523/295 527/527/295
f 528/528/296 529/529/296 530/530/296
f 528/528/297 530/530/297 531/531/297
f 532/532/298 533/533/298 529/529/298
f 534/534/299 523/523/299 522/522/299
f 534/534/300 522/522/300 525/525/300
f 535/535/301 536/536/301 537/537/301
f 535/535/302 538/538/302 536/536/302
f 535/535/303 537/537/303 539/539/303
f 529/529/304 540/540/304 535/535/304
f 541/541/305 542/542/305 543/543/305
f 542/542/306 544/544/306 545/545/306
f 536/536/307 546/546/307 547/547/307
f 548/548/308 549/549/308 550/550/308
f 551/551/309 550/550/309 538/538/309
f 551/551/310 538/538/310 535/535/310
f 552/552/311 553/553/311 554/554/311
f 555/555/312 556/556/312 557/557/312
f 557/557/313 558/558/313 559/559/313
f 550/550/314 560/560/314 538/538/314
f 550/550/315 561/561/315 560/560/315
f 550/550/316 549/549/316 561/561/316
f 562/562/317 563/563/317 564/564/317
f 557/557/318 565/565/318 566/566/318
f 558/558/319 566/566/319 567/567/319
f 568/568/320 565/565/320 556/556/320
f 569/569/321 570/570/321 566/566/321
f 567/567/322 570/570/322 571/571/322
f 572/572/323 573/573/323 574/574/323
f 575/575/324 523/523/324 534/534/324
f 576/576/325 577/577/325 569/569/325
f 578/578/326 579/579/326 580/580/326
f 581/581/327 582/582/327 583/583/327
f 583/583/328 582/582/328 584/584/328
f 585/585/329 563/563/329 562/562/329
f 586/586/330 587/587/330 562/562/330
f 585/585/331 588/588/331 563/563/331
f 589/589/332 590/590/332 591/591/332
f 592/592/333 593/593/333 578/578/333
f 578/578/334 593/593/334 579/579/334
f 594/594/335 595/595/335 596/596/335
f 589/589/336 597/597/336 590/590/336
f 598/598/337 589/589/337 579/579/337
f 599/599/338 553/553/338 552/552/338
f 600/600/339 564/564/339 563/563/339
f 601/601/340 527/527/340 523/523/340
f 602/602/341 523/523/341 575/575/341
f 603/603/342 575/575/342 604/604/342
f 605/605/343 606/606/343 553/553/343
f 607/607/344 608/608/344 597/597/344
f 609/609/345 610/610/345 611/611/345
f 612/612/346 607/607/346 589/589/346
f 611/611/347 613/613/347 521/521/347
f 614/614/348 615/615/348 616/616/348
f 617/617/349 562/562/349 595/595/349
f 615/615/350 618/618/350 619/619/350
f 554/554/351 553/553/351 620/620/351
f 621/621/352 604/604/352 534/534/352
f 622/622/353 623/623/353 624/624/353
f 521/521/354 625/625/354 611/611/354
f 626/626/355 554/554/355 627/627/355
f 628/628/356 617/617/356 594/594/356
f 530/530/357 539/539/357 531/531/357
f 629/629/358 630/630/358 631/631/358
f 571/571/359 632/632/359 567/567/359
f 633/633/360 634/634/360 635/635/360
f 520/520/361 636/636/361 637/637/361
f 521/521/362 520/520/362 625/625/362
f 637/637/363 638/638/363 626/626/363
f 539/539/364 586/586/364 617/617/364
f 537/537/365 639/639/365 539/539/365
f 539/539/366 640/640/366 586/586/366
f 626/626/367 641/641/367 554/554/367
f 567/567/368 642/642/368 558/558/368
f 632/632/369 635/635/369 642/642/369
f 591/591/370 525/525/370 643/643/370
f 611/611/371 644/644/371 609/609/371
f 559/559/372 642/642/372 629/629/372
f 642/642/373 635/635/373 629/629/373
f 645/645/374 646/646/374 647/647/374
f 648/648/375 649/649/375 650/650/375
f 651/651/376 652/652/376 653/653/376
f 650/650/377 649/649/377 654/654/377
f 655/655/378 656/656/378 657/657/378
f 658/658/379 659/659/379 646/646/379
f 660/660/380 661/661/380 662/662/380
f 655/655/381 663/663/381 664/664/381
f 664/664/382 665/665/382 656/656/382
f 666/666/383 667/667/383 663/663/383
f 668/668/384 669/669/384 652/652/384
f 668/668/385 652/652/385 651/651/385
f 664/664/386 670/670/386 671/671/386
f 664/664/387 672/672/387 670/670/387
f 664/664/388 671/671/388 665/665/388
f 663/663/389 673/673/389 664/664/389
f 674/674/390 675/675/390 676/676/390
f 675/675/391 677/677/391 678/678/391
f 670/670/392 672/672/392 679/679/392
f 680/680/393 681/681/393 672/672/393
f 680/680/394 672/672/394 664/664/394
f 682/682/395 683/683/395 684/684/395
f 681/681/396 685/685/396 672/672/396
f 681/681/397 686/686/397 685/685/397
f 687/687/398 688/688/398 689/689/398
f 690/690/399 691/691/399 692/692/399
f 693/693/400 692/692/400 694/694/400
f 685/685/401 695/695/401 672/672/401
f 696/696/402 697/697/402 692/692/402
f 694/694/403 697/697/403 698/698/403
f 699/699/404 669/669/404 668/668/404
f 700/700/405 668/668/405 651/651/405
f 701/701/406 702/702/406 703/703/406
f 704/704/407 705/705/407 706/706/407
f 707/707/408 708/708/408 702/702/408
f 702/702/409 708/708/409 709/709/409
f 710/710/410 708/708/410 707/707/410
f 711/711/411 688/688/411 687/687/411
f 712/712/412 713/713/412 687/687/412
f 711/711/413 714/714/413 688/688/413
f 715/715/414 716/716/414 717/717/414
f 718/718/415 719/719/415 704/704/415
f 720/720/416 721/721/416 718/718/416
f 704/704/417 719/719/417 705/705/417
f 722/722/418 723/723/418 724/724/418
f 715/715/419 725/725/419 716/716/419
f 716/716/420 725/725/420 726/726/420
f 727/727/421 715/715/421 705/705/421
f 728/728/422 683/683/422 682/682/422
f 729/729/423 689/689/423 688/688/423
f 730/730/424 669/669/424 699/699/424
f 731/731/425 699/699/425 732/732/425
f 733/733/426 661/661/426 683/683/426
f 734/734/427 735/735/427 725/725/427
f 736/736/428 737/737/428 738/738/428
f 739/739/429 734/734/429 715/715/429
f 720/720/430 740/740/430 721/721/430
f 741/741/431 742/742/431 734/734/431
f 743/743/432 687/687/432 723/723/432
f 744/744/433 658/658/433 645/645/433
f 745/745/434 746/746/434 738/738/434
f 747/747/435 748/748/435 749/749/435
f 684/684/436 683/683/436 660/660/436
f 750/750/437 699/699/437 700/700/437
f 726/726/438 751/751/438 716/716/438
f 752/752/439 753/753/439 751/751/439
f 753/753/440 750/750/440 700/700/440
f 754/754/441 743/743/441 722/722/441
f 755/755/442 756/756/442 757/757/442
f 698/698/443 758/758/443 694/694/443
f 759/759/444 760/760/444 761/761/444
f 751/751/445 700/700/445 717/717/445
f 762/762/446 763/763/446 764/764/446
f 746/746/447 762/762/447 765/765/447
f 764/764/448 766/766/448 767/767/448
f 665/665/449 712/712/449 743/743/449
f 671/671/450 768/768/450 665/665/450
f 767/767/451 769/769/451 684/684/451
f 694/694/452 770/770/452 693/693/452
f 758/758/453 761/761/453 770/770/453
f 717/717/454 651/651/454 771/771/454
f 738/738/455 772/772/455 736/736/455
f 693/693/456 770/770/456 773/773/456
f 770/770/457 761/761/457 755/755/457
f 774/774/458 775/775/458 776/776/458
f 777/777/459 778/778/459 779/779/459
f 780/780/460 781/781/460 782/782/460
f 783/783/461 780/780/461 784/784/461
f 782/782/462 781/781/462 785/785/462
f 786/786/463 787/787/463 788/788/463
f 789/789/464 790/790/464 791/791/464
f 778/778/465 792/792/465 775/775/465
f 793/793/466 794/794/466 795/795/466
f 786/786/467 793/793/467 795/795/467
f 795/795/468 796/796/468 787/787/468
f 797/797/469 798/798/469 799/799/469
f 800/800/470 801/801/470 793/793/470
f 802/802/471 781/781/471 780/780/471
f 802/802/472 803/803/472 781/781/472
f 802/802/473 780/780/473 783/783/473
f 795/795/474 804/804/474 805/805/474
f 794/794/475 806/806/475 804/804/475
f 795/795/476 805/805/476 796/796/476
f 799/799/477 807/807/477 808/808/477
f 793/793/478 809/809/478 794/794/478
f 810/810/479 811/811/479 812/812/479
f 811/811/480 813/813/480 814/814/480
f 804/804/481 806/806/481 815/815/481
f 808/808/482 807/807/482 816/816/482
f 817/817/483 816/816/483 806/806/483
f 817/817/484 806/806/484 794/794/484
f 818/818/485 819/819/485 820/820/485
f 821/821/486 822/822/486 820/820/486
f 816/816/487 823/823/487 806/806/487
f 816/816/488 824/824/488 823/823/488
f 816/816/489 825/825/489 824/824/489
f 826/826/490 827/827/490 828/828/490
f 827/827/491 829/829/491 828/828/491
f 828/828/492 829/829/492 830/830/492
f 831/831/493 832/832/493 833/833/493
f 834/834/494 832/832/494 835/835/494
f 836/836/495 837/837/495 838/838/495
f 839/839/496 840/840/496 841/841/496
f 842/842/497 843/843/497 822/822/497
f 844/844/498 845/845/498 832/832/498
f 846/846/499 844/844/499 831/831/499
f 835/835/500 845/845/500 847/847/500
f 848/848/501 849/849/501 850/850/501
f 837/837/502 849/849/502 846/846/502
f 851/851/503 803/803/503 802/802/503
f 852/852/504 802/802/504 783/783/504
f 846/846/505 853/853/505 844/844/505
f 854/854/506 855/855/506 856/856/506
f 857/857/507 858/858/507 859/859/507
f 860/860/508 861/861/508 854/854/508
f 862/862/509 858/858/509 857/857/509
f 863/863/510 829/829/510 827/827/510
f 826/826/511 864/864/511 827/827/511
f 863/863/512 865/865/512 829/829/512
f 866/866/513 867/867/513 855/855/513
f 867/867/514 868/868/514 869/869/514
f 861/861/515 870/870/515 854/854/515
f 871/871/516 872/872/516 861/861/516
f 854/854/517 870/870/517 866/866/517
f 873/873/518 874/874/518 875/875/518
f 867/867/519 876/876/519 868/868/519
f 868/868/520 876/876/520 877/877/520
f 878/878/521 879/879/521 872/872/521
f 880/880/522 867/867/522 866/866/522
f 881/881/523 819/819/523 818/818/523
f 881/881/524 818/818/524 882/882/524
f 883/883/525 830/830/525 829/829/525
f 884/884/526 785/785/526 781/781/526
f 885/885/527 781/781/527 803/803/527
f 885/885/528 803/803/528 851/851/528
f 886/886/529 851/851/529 887/887/529
f 888/888/530 889/889/530 819/819/530
f 890/890/531 891/891/531 876/876/531
f 892/892/532 893/893/532 894/894/532
f 878/878/533 895/895/533 879/879/533
f 896/896/534 890/890/534 867/867/534
f 897/897/535 898/898/535 899/899/535
f 873/873/536 828/828/536 874/874/536
f 900/900/537 901/901/537 894/894/537
f 897/897/538 902/902/538 898/898/538
f 821/821/539 820/820/539 903/903/539
f 820/820/540 819/819/540 903/903/540
f 904/904/541 887/887/541 852/852/541
f 877/877/542 905/905/542 868/868/542
f 906/906/543 907/907/543 908/908/543
f 787/787/544 826/826/544 873/873/544
f 909/909/545 873/873/545 910/910/545
f 911/911/546 912/912/546 913/913/546
f 847/847/547 914/914/547 835/835/547
f 915/915/548 916/916/548 917/917/548
f 918/918/549 919/919/549 920/920/549
f 901/901/550 918/918/550 921/921/550
f 922/922/551 842/842/551 821/821/551
f 920/920/552 842/842/552 922/922/552
f 805/805/553 923/923/553 796/796/553
f 835/835/554 924/924/554 834/834/554
f 914/914/555 917/917/555 924/924/555
f 869/869/556 783/783/556 925/925/556
f 894/894/557 926/926/557 892/892/557
f 927/927/558 906/906/558 905/905/558
f 925/925/559 928/928/559 929/929/559
f 930/930/560 924/924/560 931/931/560
f 834/834/561 924/924/561 930/930/561
f 924/924/562 917/917/562 911/911/562
f 932/932/563 933/933/563 934/934/563
f 935/935/564 936/936/564 937/937/564
f 938/938/565 939/939/565 940/940/565
f 941/941/566 938/938/566 942/942/566
f 940/940/567 939/939/567 943/943/567
f 944/944/568 945/945/568 946/946/568
f 947/947/569 948/948/569 945/945/569
f 949/949/570 950/950/570 951/951/570
f 952/952/571 939/939/571 938/938/571
f 952/952/572 953/953/572 939/939/572
f 952/952/573 938/938/573 941/941/573
f 948/948/574 954/954/574 955/955/574
f 950/950/575 956/956/575 957/957/575
f 950/950/576 958/958/576 959/959/576
f 960/960/577 961/961/577 962/962/577
f 961/961/578 963/963/578 964/964/578
f 959/959/579 965/965/579 956/956/579
f 959/959/580 958/958/580 966/966/580
f 967/967/581 968/968/581 969/969/581
f 970/970/582 971/971/582 969/969/582
f 972/972/583 973/973/583 974/974/583
f 975/975/584 973/973/584 972/972/584
f 976/976/585 975/975/585 972/972/585
f 977/977/586 978/978/586 965/965/586
f 965/965/587 978/978/587 979/979/587
f 980/980/588 981/981/588 982/982/588
f 981/981/589 983/983/589 982/982/589
f 982/982/590 983/983/590 984/984/590
f 975/975/591 985/985/591 973/973/591
f 986/986/592 985/985/592 975/975/592
f 987/987/593 988/988/593 989/989/593
f 985/985/594 990/990/594 991/991/594
f 991/991/595 990/990/595 992/992/595
f 989/989/596 986/986/596 993/993/596
f 993/993/597 986/986/597 975/975/597
f 994/994/598 953/953/598 952/952/598
f 995/995/599 952/952/599 941/941/599
f 985/985/600 996/996/600 997/997/600
f 998/998/601 999/999/601 1000/1000/601
f 1001/1001/602 1002/1002/602 1003/1003/602
f 1004/1004/603 1001/1001/603 1003/1003/603
f 996/996/604 1005/1005/604 1006/1006/604
f 1007/1007/605 983/983/605 981/981/605
f 1008/1008/606 1009/1009/606 981/981/606
f 1007/1007/607 1010/1010/607 983/983/607
f 1003/1003/608 1011/1011/608 1012/1012/608
f 1013/1013/609 1014/1014/609 1015/1015/609
f 1016/1016/610 1017/1017/610 1014/1014/610
f 1018/1018/611 1019/1019/611 1020/1020/611
f 1012/1012/612 1021/1021/612 1022/1022/612
f 1015/1015/613 1017/1017/613 1023/1023/613
f 1024/1024/614 1025/1025/614 1017/1017/614
f 1026/1026/615 968/968/615 967/967/615
f 1026/1026/616 967/967/616 1027/1027/616
f 1028/1028/617 984/984/617 983/983/617
f 1029/1029/618 943/943/618 939/939/618
f 1030/1030/619 939/939/619 953/953/619
f 1030/1030/620 953/953/620 994/994/620
f 1031/1031/621 994/994/621 1032/1032/621
f 1033/1033/622 1034/1034/622 968/968/622
f 1035/1035/623 1036/1036/623 1037/1037/623
f 1023/1023/624 1025/1025/624 1038/1038/624
f 1024/1024/625 1039/1039/625 1025/1025/625
f 1025/1025/626 1039/1039/626 1038/1038/626
f 1023/1023/627 1038/1038/627 1040/1040/627
f 1041/1041/628 1042/1042/628 1043/1043/628
f 980/980/629 982/982/629 1019/1019/629
f 1044/1044/630 936/936/630 932/932/630
f 1044/1044/631 937/937/631 936/936/631
f 1044/1044/632 934/934/632 1037/1037/632
f 1045/1045/633 1046/1046/633 1042/1042/633
f 969/969/634 968/968/634 1047/1047/634
f 1048/1048/635 1032/1032/635 995/995/635
f 1022/1022/636 1049/1049/636 1012/1012/636
f 1050/1050/637 1051/1051/637 1052/1052/637
f 1053/1053/638 970/970/638 1054/1054/638
f 1055/1055/639 980/980/639 1056/1056/639
f 946/946/640 945/945/640 1057/1057/640
f 1058/1058/641 1059/1059/641 1060/1060/641
f 992/992/642 1061/1061/642 991/991/642
f 1062/1062/643 1063/1063/643 1064/1064/643
f 1065/1065/644 1066/1066/644 1067/1067/644
f 934/934/645 1065/1065/645 1068/1068/645
f 1069/1069/646 1070/1070/646 971/971/646
f 1067/1067/647 1069/1069/647 1053/1053/647
f 955/955/648 1008/1008/648 980/980/648
f 954/954/649 1071/1071/649 955/955/649
f 1053/1053/650 971/971/650 970/970/650
f 1061/1061/651 1064/1064/651 1072/1072/651
f 1003/1003/652 941/941/652 1004/1004/652
f 1037/1037/653 1073/1073/653 1035/1035/653
f 1074/1074/654 1050/1050/654 1049/1049/654
f 1075/1075/655 1072/1072/655 1076/1076/655
f 1077/1077/656 1072/1072/656 1075/1075/656
f 1072/1072/657 1064/1064/657 1058/1058/657
f 1078/1078/658 1079/1079/658 1080/1080/658
f 1081/1081/659 1082/1082/659 1083/1083/659
f 1084/1084/660 1081/1081/660 1085/1085/660
f 1083/1083/661 1082/1082/661 1086/1086/661
f 1087/1087/662 1088/1088/662 1089/1089/662
f 1087/1087/663 1089/1089/663 1090/1090/663
f 1091/1091/664 1092/1092/664 1093/1093/664
f 1088/1088/665 1094/1094/665 1095/1095/665
f 1096/1096/666 1097/1097/666 1098/1098/666
f 1099/1099/667 1100/1100/667 1088/1088/667
f 1101/1101/668 1082/1082/668 1081/1081/668
f 1101/1101/669 1102/1102/669 1082/1082/669
f 1101/1101/670 1081/1081/670 1084/1084/670
f 1095/1095/671 1103/1103/671 1104/1104/671
f 1095/1095/672 1104/1104/672 1105/1105/672
f 1098/1098/673 1106/1106/673 1107/1107/673
f 1088/1088/674 1108/1108/674 1094/1094/674
f 1109/1109/675 1110/1110/675 1111/1111/675
f 1110/1110/676 1112/1112/676 1113/1113/676
f 1103/1103/677 1114/1114/677 1115/1115/677
f 1107/1107/678 1106/1106/678 1116/1116/678
f 1117/1117/679 1116/1116/679 1114/1114/679
f 1117/1117/680 1114/1114/680 1094/1094/680
f 1118/1118/681 1119/1119/681 1120/1120/681
f 1121/1121/682 1122/1122/682 1120/1120/682
f 1123/1123/683 1124/1124/683 1125/1125/683
f 1116/1116/684 1126/1126/684 1114/1114/684
f 1116/1116/685 1127/1127/685 1126/1126/685
f 1116/1116/686 1128/1128/686 1127/1127/686
f 1129/1129/687 1130/1130/687 1131/1131/687
f 1130/1130/688 1132/1132/688 1131/1131/688
f 1131/1131/689 1132/1132/689 1133/1133/689
f 1125/1125/690 1134/1134/690 1135/1135/690
f 1136/1136/691 1134/1134/691 1125/1125/691
f 1137/1137/692 1138/1138/692 1139/1139/692
f 1140/1140/693 1124/1124/693 1141/1141/693
f 1142/1142/694 1143/1143/694 1144/1144/694
f 1134/1134/695 1145/1145/695 1138/1138/695
f 1146/1146/696 1145/1145/696 1134/1134/696
f 1136/1136/697 1146/1146/697 1134/1134/697
f 1139/1139/698 1145/1145/698 1147/1147/698
f 1148/1148/699 1149/1149/699 1150/1150/699
f 1151/1151/700 1102/1102/700 1101/1101/700
f 1152/1152/701 1101/1101/701 1084/1084/701
f 1136/1136/702 1153/1153/702 1146/1146/702
f 1154/1154/703 1155/1155/703 1156/1156/703
f 1157/1157/704 1158/1158/704 1159/1159/704
f 1160/1160/705 1161/1161/705 1154/1154/705
f 1162/1162/706 1158/1158/706 1157/1157/706
f 1163/1163/707 1132/1132/707 1130/1130/707
f 1164/1164/708 1165/1165/708 1130/1130/708
f 1163/1163/709 1166/1166/709 1132/1132/709
f 1167/1167/710 1168/1168/710 1155/1155/710
f 1168/1168/711 1169/1169/711 1170/1170/711
f 1161/1161/712 1171/1171/712 1154/1154/712
f 1172/1172/713 1173/1173/713 1161/1161/713
f 1154/1154/714 1171/1171/714 1167/1167/714
f 1174/1174/715 1175/1175/715 1176/1176/715
f 1168/1168/716 1177/1177/716 1169/1169/716
f 1169/1169/717 1177/1177/717 1178/1178/717
f 1179/1179/718 1180/1180/718 1173/1173/718
f 1181/1181/719 1168/1168/719 1167/1167/719
f 1182/1182/720 1119/1119/720 1118/1118/720
f 1182/1182/721 1118/1118/721 1183/1183/721
f 1184/1184/722 1133/1133/722 1132/1132/722
f 1185/1185/723 1086/1086/723 1082/1082/723
f 1186/1186/724 1082/1082/724 1102/1102/724
f 1186/1186/725 1102/1102/725 1151/1151/725
f 1187/1187/726 1151/1151/726 1188/1188/726
f 1189/1189/727 1190/1190/727 1119/1119/727
f 1191/1191/728 1192/1192/728 1177/1177/728
f 1193/1193/729 1194/1194/729 1195/1195/729
f 1179/1179/730 1196/1196/730 1180/1180/730
f 1197/1197/731 1191/1191/731 1168/1168/731
f 1198/1198/732 1199/1199/732 1200/1200/732
f 1201/1201/733 1202/1202/733 1203/1203/733
f 1129/1129/734 1131/1131/734 1175/1175/734
f 1204/1204/735 1205/1205/735 1195/1195/735
f 1198/1198/736 1206/1206/736 1199/1199/736
f 1202/1202/737 1207/1207/737 1208/1208/737
f 1120/1120/738 1119/1119/738 1209/1209/738
f 1210/1210/739 1188/1188/739 1152/1152/739
f 1178/1178/740 1211/1211/740 1169/1169/740
f 1212/1212/741 1213/1213/741 1214/1214/741
f 1215/1215/742 1121/1121/742 1216/1216/742
f 1217/1217/743 1129/1129/743 1218/1218/743
f 1089/1089/744 1219/1219/744 1220/1220/744
f 1221/1221/745 1222/1222/745 1223/1223/745
f 1147/1147/746 1224/1224/746 1139/1139/746
f 1225/1225/747 1226/1226/747 1227/1227/747
f 1228/1228/748 1229/1229/748 1230/1230/748
f 1205/1205/749 1228/1228/749 1231/1231/749
f 1232/1232/750 1233/1233/750 1122/1122/750
f 1230/1230/751 1232/1232/751 1215/1215/751
f 1105/1105/752 1164/1164/752 1129/1129/752
f 1104/1104/753 1234/1234/753 1105/1105/753
f 1215/1215/754 1122/1122/754 1121/1121/754
f 1139/1139/755 1235/1235/755 1137/1137/755
f 1224/1224/756 1227/1227/756 1235/1235/756
f 1170/1170/757 1084/1084/757 1236/1236/757
f 1195/1195/758 1237/1237/758 1193/1193/758
f 1238/1238/759 1212/1212/759 1211/1211/759
f 1236/1236/760 1239/1239/760 1240/1240/760
f 1241/1241/761 1235/1235/761 1242/1242/761
f 1137/1137/762 1235/1235/762 1241/1241/762
f 1235/1235/763 1227/1227/763 1221/1221/763
f 1243/1243/764 1244/1244/764 1245/1245/764
f 367/367/765 1246/1246/765 355/355/765
f 1247/1247/766 1248/1248/766 1249/1249/766
f 1250/1250/767 1251/1251/767 1252/1252/767
f 1253/1253/768 1254/1254/768 1255/1255/768
f 488/488/769 1253/1253/769 489/489/769
f 316/316/770 1256/1256/770 1257/1257/770
f 1258/1258/771 1257/1257/771 1259/1259/771
f 1260/1260/772 1261/1261/772 1262/1262/772
f 207/207/773 1263/1263/773 1264/1264/773
f 1258/1258/774 1259/1259/774 1265/1265/774
f 1266/1266/775 1267/1267/775 1268/1268/775
f 1269/1269/776 1270/1270/776 1266/1266/776
f 1268/1268/777 1267/1267/777 1271/1271/777
f 1272/1272/778 259/259/778 243/243/778
f 5/5/779 1272/1272/779 242/242/779
f 1273/1273/780 1274/1274/780 1275/1275/780
f 363/363/781 1273/1273/781 364/364/781
f 171/171/782 172/172/782 1272/1272/782
f 8/8/783 1272/1272/783 5/5/783
f 1276/1276/784 1277/1277/784 173/173/784
f 168/168/785 81/81/785 1278/1278/785
f 155/155/786 1279/1279/786 145/145/786
f 1280/1280/787 1281/1281/787 1282/1282/787
f 1283/1283/788 1284/1284/788 1285/1285/788
f 1286/1286/789 153/153/789 136/136/789
f 153/153/790 1287/1287/790 105/105/790
f 407/407/791 1288/1288/791 1289/1289/791
f 475/475/792 1290/1290/792 1291/1291/792
f 1290/1290/793 1292/1292/793 1293/1293/793
f 1294/1294/794 1289/1289/794 1295/1295/794
f 1296/1296/795 1297/1297/795 1298/1298/795
f 1299/1299/796 1298/1298/796 1300/1300/796
f 1301/1301/797 287/287/797 1302/1302/797
f 1303/1303/798 390/390/798 389/389/798
f 110/110/799 1304/1304/799 1305/1305/799
f 110/110/800 1305/1305/800 130/130/800
f 80/80/801 1277/1277/801 1276/1276/801
f 80/80/802 78/78/802 1286/1286/802
f 80/80/803 1286/1286/803 1277/1277/803
f 401/401/804 1306/1306/804 1307/1307/804
f 1308/1308/805 1309/1309/805 94/94/805
f 1310/1310/806 1311/1311/806 1312/1312/806
f 130/130/807 1313/1313/807 1314/1314/807
f 1315/1315/808 1316/1316/808 1317/1317/808
f 1318/1318/809 1319/1319/809 1320/1320/809
f 1280/1280/810 1318/1318/810 1320/1320/810
f 1321/1321/811 1322/1322/811 42/42/811
f 1322/1322/812 1323/1323/812 1324/1324/812
f 1324/1324/813 1323/1323/813 1297/1297/813
f 44/44/814 1324/1324/814 1296/1296/814
f 1325/1325/815 1326/1326/815 1327/1327/815
f 1328/1328/816 1329/1329/816 1330/1330/816
f 1329/1329/817 1331/1331/817 1332/1332/817
f 1333/1333/818 1334/1334/818 1335/1335/818
f 1333/1333/819 1336/1336/819 1334/1334/819
f 1332/1332/820 1333/1333/820 1335/1335/820
f 1337/1337/821 1338/1338/821 1339/1339/821
f 1340/1340/822 1341/1341/822 1342/1342/822
f 1343/1343/823 1344/1344/823 1345/1345/823
f 1346/1346/824 1344/1344/824 1343/1343/824
f 1347/1347/825 1336/1336/825 1333/1333/825
f 1347/1347/826 1348/1348/826 1336/1336/826
f 1331/1331/827 1347/1347/827 1333/1333/827
f 1349/1349/828 1350/1350/828 1344/1344/828
f 1351/1351/829 1352/1352/829 1353/1353/829
f 1351/1351/830 1354/1354/830 1352/1352/830
f 1344/1344/831 1351/1351/831 1353/1353/831
f 1355/1355/832 1356/1356/832 1338/1338/832
f 1350/1350/833 1357/1357/833 1358/1358/833
f 1359/1359/834 1354/1354/834 1351/1351/834
f 1360/1360/835 1361/1361/835 1362/1362/835
f 1363/1363/836 1364/1364/836 1365/1365/836
f 1366/1366/837 1367/1367/837 1359/1359/837
f 1357/1357/838 1366/1366/838 1358/1358/838
f 1359/1359/839 1367/1367/839 1368/1368/839
f 1369/1369/840 1370/1370/840 1371/1371/840
f 1372/1372/841 1371/1371/841 1373/1373/841
f 1374/1374/842 1375/1375/842 1376/1376/842
f 1377/1377/843 1367/1367/843 1366/1366/843
f 1377/1377/844 1378/1378/844 1367/1367/844
f 1379/1379/845 1366/1366/845 1357/1357/845
f 1379/1379/846 1377/1377/846 1366/1366/846
f 1374/1374/847 1380/1380/847 1375/1375/847
f 1375/1375/848 1381/1381/848 1382/1382/848
f 1383/1383/849 1384/1384/849 1385/1385/849
f 1383/1383/850 1386/1386/850 1384/1384/850
f 1382/1382/851 1387/1387/851 1388/1388/851
f 1382/1382/852 1389/1389/852 1387/1387/852
f 1371/1371/853 1370/1370/853 1390/1390/853
f 1391/1391/854 1392/1392/854 1380/1380/854
f 1393/1393/855 1391/1391/855 1380/1380/855
f 1394/1394/856 1386/1386/856 1383/1383/856
f 1394/1394/857 1395/1395/857 1386/1386/857
f 1381/1381/858 1389/1389/858 1382/1382/858
f 1381/1381/859 1396/1396/859 1389/1389/859
f 1356/1356/860 1397/1397/860 1339/1339/860
f 1398/1398/861 1399/1399/861 1400/1400/861
f 1401/1401/862 1395/1395/862 1394/1394/862
f 1401/1401/863 1402/1402/863 1395/1395/863
f 1381/1381/864 1403/1403/864 1396/1396/864
f 1361/1361/865 1340/1340/865 1326/1326/865
f 1326/1326/866 1342/1342/866 1327/1327/866
f 1404/1404/867 1405/1405/867 1399/1399/867
f 1406/1406/868 1407/1407/868 1408/1408/868
f 1406/1406/869 1409/1409/869 1407/1407/869
f 1410/1410/870 1406/1406/870 1408/1408/870
f 1411/1411/871 1412/1412/871 1413/1413/871
f 1414/1414/872 1415/1415/872 1416/1416/872
f 1415/1415/873 1417/1417/873 1404/1404/873
f 1418/1418/874 1409/1409/874 1406/1406/874
f 1405/1405/875 1417/1417/875 1406/1406/875
f 1419/1419/876 1420/1420/876 1421/1421/876
f 1422/1422/877 1419/1419/877 1421/1421/877
f 1423/1423/878 1415/1415/878 1414/1414/878
f 1424/1424/879 1425/1425/879 1418/1418/879
f 1418/1418/880 1425/1425/880 1426/1426/880
f 1360/1360/881 1427/1427/881 1428/1428/881
f 1429/1429/882 1430/1430/882 1431/1431/882
f 1432/1432/883 1433/1433/883 1423/1423/883
f 1434/1434/884 1425/1425/884 1424/1424/884
f 1433/1433/885 1424/1424/885 1415/1415/885
f 1435/1435/886 1334/1334/886 1336/1336/886
f 1435/1435/887 1336/1336/887 1348/1348/887
f 1436/1436/888 1348/1348/888 1437/1437/888
f 1438/1438/889 1354/1354/889 1368/1368/889
f 1439/1439/890 1368/1368/890 1367/1367/890
f 1440/1440/891 1441/1441/891 1384/1384/891
f 1440/1440/892 1384/1384/892 1386/1386/892
f 1442/1442/893 1386/1386/893 1395/1395/893
f 1442/1442/894 1395/1395/894 1402/1402/894
f 1443/1443/895 1402/1402/895 1444/1444/895
f 1445/1445/896 1409/1409/896 1426/1426/896
f 1446/1446/897 1426/1426/897 1425/1425/897
f 1447/1447/898 1425/1425/898 1448/1448/898
f 1449/1449/899 1450/1450/899 1334/1334/899
f 1451/1451/900 1452/1452/900 1430/1430/900
f 1452/1452/901 1332/1332/901 1430/1430/901
f 1421/1421/902 1453/1453/902 1411/1411/902
f 1330/1330/903 1452/1452/903 1451/1451/903
f 1452/1452/904 1329/1329/904 1332/1332/904
f 1335/1335/905 1334/1334/905 1454/1454/905
f 1332/1332/906 1335/1335/906 1455/1455/906
f 1454/1454/907 1334/1334/907 1450/1450/907
f 1456/1456/908 1371/1371/908 1457/1457/908
f 1456/1456/909 1369/1369/909 1371/1371/909
f 1458/1458/910 1459/1459/910 1397/1397/910
f 1460/1460/911 1461/1461/911 1462/1462/911
f 1463/1463/912 1464/1464/912 1465/1465/912
f 1466/1466/913 1411/1411/913 1365/1365/913
f 1467/1467/914 1422/1422/914 1466/1466/914
f 1365/1365/915 1468/1468/915 1363/1363/915
f 1397/1397/916 1462/1462/916 1416/1416/916
f 1464/1464/917 1373/1373/917 1469/1469/917
f 1330/1330/918 1469/1469/918 1328/1328/918
f 1451/1451/919 1470/1470/919 1330/1330/919
f 1325/1325/920 1327/1327/920 1471/1471/920
f 1472/1472/921 1393/1393/921 1374/1374/921
f 1465/1465/922 1451/1451/922 1429/1429/922
f 1473/1473/923 1474/1474/923 1393/1393/923
f 1475/1475/924 1476/1476/924 1477/1477/924
f 1478/1478/925 1479/1479/925 1480/1480/925
f 1481/1481/926 1482/1482/926 1483/1483/926
f 1481/1481/927 1484/1484/927 1482/1482/927
f 1480/1480/928 1485/1485/928 1486/1486/928
f 1487/1487/929 1488/1488/929 1489/1489/929
f 1490/1490/930 1491/1491/930 1492/1492/930
f 1493/1493/931 1491/1491/931 1490/1490/931
f 1494/1494/932 1484/1484/932 1481/1481/932
f 1494/1494/933 1495/1495/933 1484/1484/933
f 1479/1479/934 1496/1496/934 1485/1485/934
f 1497/1497/935 1498/1498/935 1499/1499/935
f 1500/1500/936 1501/1501/936 1491/1491/936
f 1502/1502/937 1503/1503/937 1504/1504/937
f 1502/1502/938 1505/1505/938 1503/1503/938
f 1491/1491/939 1502/1502/939 1504/1504/939
f 1506/1506/940 1507/1507/940 1508/1508/940
f 1501/1501/941 1509/1509/941 1510/1510/941
f 1511/1511/942 1505/1505/942 1502/1502/942
f 1512/1512/943 1513/1513/943 1514/1514/943
f 1515/1515/944 1516/1516/944 1511/1511/944
f 1509/1509/945 1515/1515/945 1510/1510/945
f 1511/1511/946 1516/1516/946 1517/1517/946
f 1518/1518/947 1519/1519/947 1520/1520/947
f 1519/1519/948 1521/1521/948 1520/1520/948
f 1522/1522/949 1516/1516/949 1515/1515/949
f 1522/1522/950 1523/1523/950 1516/1516/950
f 1524/1524/951 1515/1515/951 1509/1509/951
f 1524/1524/952 1522/1522/952 1515/1515/952
f 1525/1525/953 1526/1526/953 1527/1527/953
f 1525/1525/954 1528/1528/954 1526/1526/954
f 1526/1526/955 1529/1529/955 1530/1530/955
f 1531/1531/956 1532/1532/956 1533/1533/956
f 1531/1531/957 1534/1534/957 1532/1532/957
f 1535/1535/958 1533/1533/958 1536/1536/958
f 1535/1535/959 1531/1531/959 1533/1533/959
f 1537/1537/960 1538/1538/960 1528/1528/960
f 1539/1539/961 1537/1537/961 1528/1528/961
f 1540/1540/962 1534/1534/962 1531/1531/962
f 1540/1540/963 1541/1541/963 1534/1534/963
f 1542/1542/964 1531/1531/964 1535/1535/964
f 1542/1542/965 1540/1540/965 1531/1531/965
f 1507/1507/966 1499/1499/966 1488/1488/966
f 1543/1543/967 1544/1544/967 1545/1545/967
f 1546/1546/968 1541/1541/968 1540/1540/968
f 1546/1546/969 1547/1547/969 1541/1541/969
f 1542/1542/970 1546/1546/970 1540/1540/970
f 1513/1513/971 1548/1548/971 1549/1549/971
f 1548/1548/972 1550/1550/972 1549/1549/972
f 1551/1551/973 1552/1552/973 1544/1544/973
f 1553/1553/974 1554/1554/974 1555/1555/974
f 1553/1553/975 1556/1556/975 1554/1554/975
f 1557/1557/976 1553/1553/976 1555/1555/976
f 1558/1558/977 1559/1559/977 1560/1560/977
f 1561/1561/978 1562/1562/978 1563/1563/978
f 1564/1564/979 1565/1565/979 1551/1551/979
f 1566/1566/980 1556/1556/980 1553/1553/980
f 1552/1552/981 1565/1565/981 1553/1553/981
f 1567/1567/982 1568/1568/982 1569/1569/982
f 1570/1570/983 1564/1564/983 1571/1571/983
f 1572/1572/984 1573/1573/984 1566/1566/984
f 1566/1566/985 1573/1573/985 1574/1574/985
f 1512/1512/986 1575/1575/986 1576/1576/986
f 1577/1577/987 1578/1578/987 1570/1570/987
f 1578/1578/988 1579/1579/988 1570/1570/988
f 1580/1580/989 1573/1573/989 1572/1572/989
f 1579/1579/990 1572/1572/990 1564/1564/990
f 1581/1581/991 1482/1482/991 1484/1484/991
f 1581/1581/992 1484/1484/992 1495/1495/992
f 1582/1582/993 1495/1495/993 1583/1583/993
f 1584/1584/994 1505/1505/994 1517/1517/994
f 1585/1585/995 1517/1517/995 1516/1516/995
f 1586/1586/996 1587/1587/996 1532/1532/996
f 1586/1586/997 1532/1532/997 1534/1534/997
f 1588/1588/998 1534/1534/998 1541/1541/998
f 1588/1588/999 1541/1541/999 1547/1547/999
f 1589/1589/1000 1547/1547/1000 1590/1590/1000
f 1591/1591/1001 1556/1556/1001 1574/1574/1001
f 1592/1592/1002 1574/1574/1002 1573/1573/1002
f 1593/1593/1003 1594/1594/1003 1595/1595/1003
f 1596/1596/1004 1595/1595/1004 1482/1482/1004
f 1597/1597/1005 1598/1598/1005 1599/1599/1005
f 1600/1600/1006 1480/1480/1006 1601/1601/1006
f 1569/1569/1007 1602/1602/1007 1560/1560/1007
f 1600/1600/1008 1478/1478/1008 1480/1480/1008
f 1483/1483/1009 1482/1482/1009 1603/1603/1009
f 1480/1480/1010 1486/1486/1010 1604/1604/1010
f 1603/1603/1011 1482/1482/1011 1595/1595/1011
f 1605/1605/1012 1518/1518/1012 1606/1606/1012
f 1605/1605/1013 1519/1519/1013 1518/1518/1013
f 1607/1607/1014 1477/1477/1014 1597/1597/1014
f 1608/1608/1015 1569/1569/1015 1500/1500/1015
f 1609/1609/1016 1610/1610/1016 1608/1608/1016
f 1610/1610/1017 1567/1567/1017 1569/1569/1017
f 1611/1611/1018 1608/1608/1018 1493/1493/1018
f 1612/1612/1019 1613/1613/1019 1614/1614/1019
f 1550/1550/1020 1615/1615/1020 1616/1616/1020
f 1477/1477/1021 1617/1617/1021 1475/1475/1021
f 1618/1618/1022 1518/1518/1022 1619/1619/1022
f 1527/1527/1023 1620/1620/1023 1525/1525/1023
f 1549/1549/1024 1550/1550/1024 1616/1616/1024
f 1616/1616/1025 1539/1539/1025 1620/1620/1025
f 1488/1488/1026 1571/1571/1026 1543/1543/1026
f 1489/1489/1027 1488/1488/1027 1621/1621/1027
f 1618/1618/1028 1622/1622/1028 1623/1623/1028
f 1621/1621/1029 1543/1543/1029 1624/1624/1029
f 1527/1527/1030 1625/1625/1030 1620/1620/1030
f 1626/1626/1031 1563/1563/1031 1616/1616/1031
f 1627/1627/1032 1628/1628/1032 1629/1629/1032
f 1630/1630/1033 1627/1627/1033 1629/1629/1033
f 1631/1631/1034 1632/1632/1034 1633/1633/1034
f 1632/1632/1035 1634/1634/1035 1635/1635/1035
f 1636/1636/1036 1637/1637/1036 1638/1638/1036
f 1636/1636/1037 1639/1639/1037 1637/1637/1037
f 1635/1635/1038 1636/1636/1038 1638/1638/1038
f 1640/1640/1039 1641/1641/1039 1642/1642/1039
f 1643/1643/1040 1644/1644/1040 1645/1645/1040
f 1646/1646/1041 1647/1647/1041 1648/1648/1041
f 1647/1647/1042 1649/1649/1042 1650/1650/1042
f 1651/1651/1043 1639/1639/1043 1636/1636/1043
f 1651/1651/1044 1652/1652/1044 1639/1639/1044
f 1634/1634/1045 1651/1651/1045 1636/1636/1045
f 1653/1653/1046 1654/1654/1046 1655/1655/1046
f 1656/1656/1047 1657/1657/1047 1658/1658/1047
f 1659/1659/1048 1660/1660/1048 1649/1649/1048
f 1661/1661/1049 1662/1662/1049 1663/1663/1049
f 1661/1661/1050 1664/1664/1050 1662/1662/1050
f 1649/1649/1051 1661/1661/1051 1663/1663/1051
f 1660/1660/1052 1665/1665/1052 1666/1666/1052
f 1667/1667/1053 1664/1664/1053 1661/1661/1053
f 1628/1628/1054 1668/1668/1054 1669/1669/1054
f 1670/1670/1055 1671/1671/1055 1667/1667/1055
f 1665/1665/1056 1670/1670/1056 1666/1666/1056
f 1667/1667/1057 1671/1671/1057 1672/1672/1057
f 1673/1673/1058 1674/1674/1058 1675/1675/1058
f 1657/1657/1059 1675/1675/1059 1676/1676/1059
f 1677/1677/1060 1678/1678/1060 1679/1679/1060
f 1680/1680/1061 1671/1671/1061 1670/1670/1061
f 1680/1680/1062 1681/1681/1062 1671/1671/1062
f 1682/1682/1063 1670/1670/1063 1665/1665/1063
f 1682/1682/1064 1680/1680/1064 1670/1670/1064
f 1683/1683/1065 1684/1684/1065 1685/1685/1065
f 1686/1686/1066 1687/1687/1066 1677/1677/1066
f 1686/1686/1067 1688/1688/1067 1687/1687/1067
f 1689/1689/1068 1690/1690/1068 1691/1691/1068
f 1687/1687/1069 1689/1689/1069 1691/1691/1069
f 1692/1692/1070 1693/1693/1070 1694/1694/1070
f 1692/1692/1071 1695/1695/1071 1693/1693/1071
f 1691/1691/1072 1696/1696/1072 1697/1697/1072
f 1691/1691/1073 1698/1698/1073 1696/1696/1073
f 1675/1675/1074 1674/1674/1074 1676/1676/1074
f 1676/1676/1075 1699/1699/1075 1700/1700/1075
f 1701/1701/1076 1702/1702/1076 1688/1688/1076
f 1703/1703/1077 1701/1701/1077 1688/1688/1077
f 1702/1702/1078 1690/1690/1078 1689/1689/1078
f 1704/1704/1079 1705/1705/1079 1698/1698/1079
f 1704/1704/1080 1706/1706/1080 1705/1705/1080
f 1690/1690/1081 1698/1698/1081 1691/1691/1081
f 1690/1690/1082 1704/1704/1082 1698/1698/1082
f 1707/1707/1083 1708/1708/1083 1642/1642/1083
f 1709/1709/1084 1710/1710/1084 1711/1711/1084
f 1712/1712/1085 1706/1706/1085 1704/1704/1085
f 1712/1712/1086 1713/1713/1086 1706/1706/1086
f 1690/1690/1087 1712/1712/1087 1704/1704/1087
f 1714/1714/1088 1715/1715/1088 1710/1710/1088
f 1716/1716/1089 1717/1717/1089 1718/1718/1089
f 1716/1716/1090 1719/1719/1090 1717/1717/1090
f 1720/1720/1091 1716/1716/1091 1718/1718/1091
f 1685/1685/1092 1721/1721/1092 1722/1722/1092
f 1723/1723/1093 1724/1724/1093 1725/1725/1093
f 1724/1724/1094 1726/1726/1094 1714/1714/1094
f 1727/1727/1095 1719/1719/1095 1716/1716/1095
f 1715/1715/1096 1726/1726/1096 1716/1716/1096
f 1728/1728/1097 1729/1729/1097 1730/1730/1097
f 1731/1731/1098 1724/1724/1098 1723/1723/1098
f 1732/1732/1099 1733/1733/1099 1727/1727/1099
f 1727/1727/1100 1733/1733/1100 1734/1734/1100
f 1735/1735/1101 1736/1736/1101 1737/1737/1101
f 1738/1738/1102 1739/1739/1102 1731/1731/1102
f 1740/1740/1103 1733/1733/1103 1732/1732/1103
f 1739/1739/1104 1732/1732/1104 1724/1724/1104
f 1741/1741/1105 1637/1637/1105 1639/1639/1105
f 1742/1742/1106 1639/1639/1106 1652/1652/1106
f 1742/1742/1107 1652/1652/1107 1743/1743/1107
f 1744/1744/1108 1664/1664/1108 1672/1672/1108
f 1745/1745/1109 1746/1746/1109 1747/1747/1109
f 1748/1748/1110 1747/1747/1110 1693/1693/1110
f 1748/1748/1111 1693/1693/1111 1695/1695/1111
f 1749/1749/1112 1695/1695/1112 1750/1750/1112
f 1749/1749/1113 1750/1750/1113 1751/1751/1113
f 1749/1749/1114 1751/1751/1114 1752/1752/1114
f 1753/1753/1115 1752/1752/1115 1754/1754/1115
f 1755/1755/1116 1734/1734/1116 1733/1733/1116
f 1756/1756/1117 1733/1733/1117 1757/1757/1117
f 1741/1741/1118 1758/1758/1118 1637/1637/1118
f 1735/1735/1119 1759/1759/1119 1736/1736/1119
f 1730/1730/1120 1683/1683/1120 1760/1760/1120
f 1638/1638/1121 1637/1637/1121 1761/1761/1121
f 1635/1635/1122 1638/1638/1122 1762/1762/1122
f 1761/1761/1123 1637/1637/1123 1758/1758/1123
f 1763/1763/1124 1675/1675/1124 1656/1656/1124
f 1763/1763/1125 1673/1673/1125 1675/1675/1125
f 1764/1764/1126 1655/1655/1126 1708/1708/1126
f 1765/1765/1127 1766/1766/1127 1767/1767/1127
f 1767/1767/1128 1768/1768/1128 1723/1723/1128
f 1769/1769/1129 1770/1770/1129 1771/1771/1129
f 1657/1657/1130 1772/1772/1130 1769/1769/1130
f 1773/1773/1131 1633/1633/1131 1735/1735/1131
f 1646/1646/1132 1774/1774/1132 1659/1659/1132
f 1775/1775/1133 1776/1776/1133 1774/1774/1133
f 1777/1777/1134 1778/1778/1134 1779/1779/1134
f 1780/1780/1135 1703/1703/1135 1781/1781/1135
f 1781/1781/1136 1703/1703/1136 1686/1686/1136
f 1708/1708/1137 1767/1767/1137 1725/1725/1137
f 1770/1770/1138 1782/1782/1138 1783/1783/1138
f 1659/1659/1139 1760/1760/1139 1777/1777/1139
f 1760/1760/1140 1784/1784/1140 1778/1778/1140
f 1677/1677/1141 1781/1781/1141 1686/1686/1141
f 1677/1677/1142 1785/1785/1142 1781/1781/1142
f 1629/1629/1143 1780/1780/1143 1785/1785/1143
f 1766/1766/1144 1786/1786/1144 1767/1767/1144
f 1787/1787/1145 1709/1709/1145 1788/1788/1145
f 1679/1679/1146 1789/1789/1146 1677/1677/1146
f 1630/1630/1147 1629/1629/1147 1785/1785/1147
f 1790/1790/1148 1791/1791/1148 1792/1792/1148
f 1793/1793/1149 1792/1792/1149 1794/1794/1149
f 1795/1795/1150 1796/1796/1150 1797/1797/1150
f 1798/1798/1151 1799/1799/1151 1800/1800/1151
f 1801/1801/1152 1802/1802/1152 1803/1803/1152
f 1804/1804/1153 1805/1805/1153 1806/1806/1153
f 1807/1807/1154 1808/1808/1154 1809/1809/1154
f 1810/1810/1155 1811/1811/1155 1812/1812/1155
f 1813/1813/1156 1814/1814/1156 1815/1815/1156
f 1816/1816/1157 1817/1817/1157 1804/1804/1157
f 1818/1818/1158 1819/1819/1158 1820/1820/1158
f 1821/1821/1159 1822/1822/1159 1823/1823/1159
f 1824/1824/1160 1816/1816/1160 1825/1825/1160
f 1826/1826/1161 1827/1827/1161 1818/1818/1161
f 1826/1826/1162 1818/1818/1162 1817/1817/1162
f 1828/1828/1163 1829/1829/1163 1791/1791/1163
f 1830/1830/1164 1831/1831/1164 1824/1824/1164
f 1832/1832/1165 1833/1833/1165 1826/1826/1165
f 1834/1834/1166 1835/1835/1166 1814/1814/1166
f 1814/1814/1167 1835/1835/1167 1836/1836/1167
f 1837/1837/1168 1838/1838/1168 1839/1839/1168
f 1837/1837/1169 1840/1840/1169 1838/1838/1169
f 1841/1841/1170 1842/1842/1170 1832/1832/1170
f 1843/1843/1171 1844/1844/1171 1845/1845/1171
f 1846/1846/1172 1840/1840/1172 1837/1837/1172
f 1840/1840/1173 1847/1847/1173 1838/1838/1173
f 1836/1836/1174 1848/1848/1174 1849/1849/1174
f 1850/1850/1175 1851/1851/1175 1844/1844/1175
f 1851/1851/1176 1852/1852/1176 1853/1853/1176
f 1846/1846/1177 1853/1853/1177 1840/1840/1177
f 1822/1822/1178 1854/1854/1178 1802/1802/1178
f 1855/1855/1179 1856/1856/1179 1857/1857/1179
f 1856/1856/1180 1858/1858/1180 1859/1859/1180
f 1853/1853/1181 1860/1860/1181 1861/1861/1181
f 1792/1792/1182 1862/1862/1182 1794/1794/1182
f 1856/1856/1183 1863/1863/1183 1858/1858/1183
f 1864/1864/1184 1865/1865/1184 1866/1866/1184
f 1867/1867/1185 1790/1790/1185 1793/1793/1185
f 1868/1868/1186 1869/1869/1186 1863/1863/1186
f 1870/1870/1187 1871/1871/1187 1872/1872/1187
f 1873/1873/1188 1874/1874/1188 1869/1869/1188
f 1873/1873/1189 1875/1875/1189 1874/1874/1189
f 1869/1869/1190 1874/1874/1190 1876/1876/1190
f 1877/1877/1191 1878/1878/1191 1879/1879/1191
f 1880/1880/1192 1799/1799/1192 1881/1881/1192
f 1882/1882/1193 1881/1881/1193 1883/1883/1193
f 1884/1884/1194 1885/1885/1194 1886/1886/1194
f 1887/1887/1195 1888/1888/1195 1889/1889/1195
f 1890/1890/1196 1891/1891/1196 1892/1892/1196
f 1893/1893/1197 1894/1894/1197 1895/1895/1197
f 1896/1896/1198 1895/1895/1198 1897/1897/1198
f 1898/1898/1199 1899/1899/1199 1878/1878/1199
f 1900/1900/1200 1898/1898/1200 1877/1877/1200
f 1901/1901/1201 1902/1902/1201 1903/1903/1201
f 1902/1902/1202 1897/1897/1202 1903/1903/1202
f 1903/1903/1203 1897/1897/1203 1895/1895/1203
f 1872/1872/1204 1904/1904/1204 1866/1866/1204
f 1800/1800/1205 1897/1897/1205 1902/1902/1205
f 1800/1800/1206 1799/1799/1206 1897/1897/1206
f 1834/1834/1207 1814/1814/1207 1813/1813/1207
f 1905/1905/1208 1834/1834/1208 1813/1813/1208
f 1906/1906/1209 1812/1812/1209 1854/1854/1209
f 1907/1907/1210 1908/1908/1210 1909/1909/1210
f 1909/1909/1211 1910/1910/1211 1873/1873/1211
f 1911/1911/1212 1912/1912/1212 1913/1913/1212
f 1814/1814/1213 1914/1914/1213 1915/1915/1213
f 1912/1912/1214 1916/1916/1214 1900/1900/1214
f 1917/1917/1215 1866/1866/1215 1825/1825/1215
f 1804/1804/1216 1825/1825/1216 1816/1816/1216
f 1918/1918/1217 1919/1919/1217 1917/1917/1217
f 1806/1806/1218 1917/1917/1218 1804/1804/1218
f 1920/1920/1219 1793/1793/1219 1921/1921/1219
f 1824/1824/1220 1922/1922/1220 1923/1923/1220
f 1794/1794/1221 1862/1862/1221 1924/1924/1221
f 1925/1925/1222 1850/1850/1222 1843/1843/1222
f 1854/1854/1223 1909/1909/1223 1868/1868/1223
f 1912/1912/1224 1926/1926/1224 1927/1927/1224
f 1797/1797/1225 1927/1927/1225 1795/1795/1225
f 1825/1825/1226 1928/1928/1226 1922/1922/1226
f 1911/1911/1227 1929/1929/1227 1926/1926/1227
f 1916/1916/1228 1912/1912/1228 1797/1797/1228
f 1845/1845/1229 1930/1930/1229 1843/1843/1229
f 1793/1793/1230 1794/1794/1230 1924/1924/1230
f 1924/1924/1231 1925/1925/1231 1930/1930/1231
f 1802/1802/1232 1868/1868/1232 1931/1931/1232
f 1803/1803/1233 1802/1802/1233 1932/1932/1233
f 1915/1915/1234 1911/1911/1234 1913/1913/1234
f 1932/1932/1235 1931/1931/1235 1933/1933/1235
f 1925/1925/1236 1934/1934/1236 1850/1850/1236
f 1935/1935/1237 1921/1921/1237 1930/1930/1237
f 1936/1936/1238 1937/1937/1238 1938/1938/1238
f 1939/1939/1239 1938/1938/1239 1940/1940/1239
f 1941/1941/1240 1942/1942/1240 1943/1943/1240
f 1942/1942/1241 1944/1944/1241 1945/1945/1241
f 1946/1946/1242 1947/1947/1242 1948/1948/1242
f 1946/1946/1243 1949/1949/1243 1947/1947/1243
f 1945/1945/1244 1946/1946/1244 1948/1948/1244
f 1950/1950/1245 1951/1951/1245 1952/1952/1245
f 1953/1953/1246 1954/1954/1246 1955/1955/1246
f 1956/1956/1247 1954/1954/1247 1953/1953/1247
f 1957/1957/1248 1949/1949/1248 1946/1946/1248
f 1957/1957/1249 1958/1958/1249 1949/1949/1249
f 1944/1944/1250 1957/1957/1250 1946/1946/1250
f 1959/1959/1251 1960/1960/1251 1961/1961/1251
f 1962/1962/1252 1963/1963/1252 1964/1964/1252
f 1965/1965/1253 1966/1966/1253 1954/1954/1253
f 1967/1967/1254 1968/1968/1254 1969/1969/1254
f 1967/1967/1255 1970/1970/1255 1968/1968/1255
f 1954/1954/1256 1967/1967/1256 1969/1969/1256
f 1971/1971/1257 1972/1972/1257 1973/1973/1257
f 1966/1966/1258 1974/1974/1258 1975/1975/1258
f 1976/1976/1259 1970/1970/1259 1967/1967/1259
f 1937/1937/1260 1977/1977/1260 1978/1978/1260
f 1979/1979/1261 1980/1980/1261 1976/1976/1261
f 1974/1974/1262 1979/1979/1262 1975/1975/1262
f 1976/1976/1263 1980/1980/1263 1981/1981/1263
f 1982/1982/1264 1983/1983/1264 1963/1963/1264
f 1963/1963/1265 1983/1983/1265 1984/1984/1265
f 1985/1985/1266 1986/1986/1266 1987/1987/1266
f 1988/1988/1267 1980/1980/1267 1979/1979/1267
f 1988/1988/1268 1989/1989/1268 1980/1980/1268
f 1990/1990/1269 1979/1979/1269 1974/1974/1269
f 1990/1990/1270 1988/1988/1270 1979/1979/1270
f 1991/1991/1271 1992/1992/1271 1985/1985/1271
f 1991/1991/1272 1993/1993/1272 1992/1992/1272
f 1994/1994/1273 1995/1995/1273 1996/1996/1273
f 1992/1992/1274 1994/1994/1274 1996/1996/1274
f 1997/1997/1275 1998/1998/1275 1999/1999/1275
f 1997/1997/1276 2000/2000/1276 1998/1998/1276
f 1996/1996/1277 1999/1999/1277 2001/2001/1277
f 1996/1996/1278 1997/1997/1278 1999/1999/1278
f 1984/1984/1279 2002/2002/1279 2003/2003/1279
f 2004/2004/1280 2005/2005/1280 1993/1993/1280
f 2006/2006/1281 2004/2004/1281 1993/1993/1281
f 2005/2005/1282 1995/1995/1282 1994/1994/1282
f 2007/2007/1283 2000/2000/1283 1997/1997/1283
f 2007/2007/1284 2008/2008/1284 2000/2000/1284
f 1995/1995/1285 1997/1997/1285 1996/1996/1285
f 1995/1995/1286 2007/2007/1286 1997/1997/1286
f 1972/1972/1287 2009/2009/1287 1951/1951/1287
f 2010/2010/1288 2011/2011/1288 2012/2012/1288
f 2013/2013/1289 2008/2008/1289 2007/2007/1289
f 2013/2013/1290 2014/2014/1290 2008/2008/1290
f 1995/1995/1291 2013/2013/1291 2007/2007/1291
f 1938/1938/1292 2015/2015/1292 1940/1940/1292
f 2016/2016/1293 2017/2017/1293 2011/2011/1293
f 2018/2018/1294 2019/2019/1294 2020/2020/1294
f 2018/2018/1295 2021/2021/1295 2019/2019/1295
f 2022/2022/1296 2018/2018/1296 2020/2020/1296
f 2023/2023/1297 2024/2024/1297 2025/2025/1297
f 2026/2026/1298 1936/1936/1298 1939/1939/1298
f 2027/2027/1299 2028/2028/1299 2029/2029/1299
f 2028/2028/1300 2030/2030/1300 2016/2016/1300
f 2031/2031/1301 2021/2021/1301 2018/2018/1301
f 2017/2017/1302 2030/2030/1302 2018/2018/1302
f 2032/2032/1303 2033/2033/1303 2034/2034/1303
f 2035/2035/1304 2028/2028/1304 2027/2027/1304
f 2036/2036/1305 2037/2037/1305 2031/2031/1305
f 2031/2031/1306 2037/2037/1306 2038/2038/1306
f 2039/2039/1307 2040/2040/1307 2041/2041/1307
f 2040/2040/1308 2042/2042/1308 2041/2041/1308
f 2043/2043/1309 2037/2037/1309 2036/2036/1309
f 2044/2044/1310 2036/2036/1310 2028/2028/1310
f 2045/2045/1311 1947/1947/1311 1949/1949/1311
f 2045/2045/1312 1949/1949/1312 1958/1958/1312
f 2046/2046/1313 2047/2047/1313 2048/2048/1313
f 2049/2049/1314 1970/1970/1314 1981/1981/1314
f 2050/2050/1315 2051/2051/1315 2052/2052/1315
f 2050/2050/1316 2052/2052/1316 2053/2053/1316
f 2050/2050/1317 2053/2053/1317 2054/2054/1317
f 2055/2055/1318 2054/2054/1318 2056/2056/1318
f 2055/2055/1319 2056/2056/1319 2057/2057/1319
f 2058/2058/1320 2057/2057/1320 2059/2059/1320
f 2058/2058/1321 2059/2059/1321 2060/2060/1321
f 2061/2061/1322 2038/2038/1322 2037/2037/1322
f 2061/2061/1323 2037/2037/1323 2062/2062/1323
f 2063/2063/1324 2064/2064/1324 1947/1947/1324
f 2039/2039/1325 2065/2065/1325 2040/2040/1325
f 2065/2065/1326 1945/1945/1326 2040/2040/1326
f 2034/2034/1327 2066/2066/1327 2025/2025/1327
f 2065/2065/1328 1942/1942/1328 1945/1945/1328
f 1948/1948/1329 1947/1947/1329 2067/2067/1329
f 1945/1945/1330 1948/1948/1330 2068/2068/1330
f 2067/2067/1331 1947/1947/1331 2064/2064/1331
f 1982/1982/1332 1963/1963/1332 1962/1962/1332
f 2069/2069/1333 1982/1982/1333 1962/1962/1333
f 2070/2070/1334 1961/1961/1334 2009/2009/1334
f 2071/2071/1335 2072/2072/1335 2073/2073/1335
f 2074/2074/1336 2075/2075/1336 2076/2076/1336
f 1963/1963/1337 2077/2077/1337 2074/2074/1337
f 2078/2078/1338 1943/1943/1338 2039/2039/1338
f 2079/2079/1339 2034/2034/1339 1965/1965/1339
f 2080/2080/1340 2081/2081/1340 2079/2079/1340
f 2082/2082/1341 2079/2079/1341 1956/1956/1341
f 2083/2083/1342 2084/2084/1342 2085/2085/1342
f 1940/1940/1343 2015/2015/1343 2086/2086/1343
f 2087/2087/1344 2088/2088/1344 2089/2089/1344
f 2089/2089/1345 2006/2006/1345 1991/1991/1345
f 2073/2073/1346 2027/2027/1346 2029/2029/1346
f 1943/1943/1347 2090/2090/1347 1941/1941/1347
f 2075/2075/1348 2091/2091/1348 2090/2090/1348
f 1965/1965/1349 2092/2092/1349 2084/2084/1349
f 2078/2078/1350 2075/2075/1350 2090/2090/1350
f 2077/2077/1351 1984/1984/1351 2091/2091/1351
f 1985/1985/1352 2089/2089/1352 1991/1991/1352
f 1985/1985/1353 2093/2093/1353 2089/2089/1353
f 1939/1939/1354 1940/1940/1354 2086/2086/1354
f 2086/2086/1355 2087/2087/1355 2093/2093/1355
f 1951/1951/1356 2029/2029/1356 2010/2010/1356
f 1952/1952/1357 1951/1951/1357 2094/2094/1357
f 2076/2076/1358 2078/2078/1358 2095/2095/1358
f 2015/2015/1359 2088/2088/1359 2087/2087/1359
f 2088/2088/1360 2096/2096/1360 2006/2006/1360
f 2097/2097/1361 1939/1939/1361 2093/2093/1361
f 1987/1987/1362 2097/2097/1362 1985/1985/1362
f 2098/2098/1363 2099/2099/1363 2100/2100/1363
f 2101/2101/1364 2102/2102/1364 2103/2103/1364
f 2100/2100/1365 2099/2099/1365 2104/2104/1365
f 2105/2105/1366 2106/2106/1366 2107/2107/1366
f 2105/2105/1367 2108/2108/1367 2106/2106/1367
f 2109/2109/1368 1292/1292/1368 2110/2110/1368
f 2111/2111/1369 2112/2112/1369 2113/2113/1369
f 510/510/1370 2114/2114/1370 2115/2115/1370
f 2116/2116/1371 2117/2117/1371 2118/2118/1371
f 2110/2110/1372 1292/1292/1372 1290/1290/1372
f 505/505/1373 2119/2119/1373 506/506/1373
f 2120/2120/1374 2121/2121/1374 2122/2122/1374
f 2123/2123/1375 2124/2124/1375 2122/2122/1375
f 124/124/1376 123/123/1376 2125/2125/1376
f 122/122/1377 120/120/1377 2126/2126/1377
f 2127/2127/1378 2128/2128/1378 2129/2129/1378
f 2130/2130/1379 1270/1270/1379 1269/1269/1379
f 1302/1302/1380 287/287/1380 2131/2131/1380
f 1275/1275/1381 2132/2132/1381 395/395/1381
f 382/382/1382 2133/2133/1382 395/395/1382
f 1275/1275/1383 1274/1274/1383 2134/2134/1383
f 254/254/1384 2135/2135/1384 372/372/1384
f 2136/2136/1385 357/357/1385 372/372/1385
f 254/254/1386 253/253/1386 2137/2137/1386
f 465/465/1387 313/313/1387 217/217/1387
f 2138/2138/1388 428/428/1388 2139/2139/1388
f 2139/2139/1389 397/397/1389 2140/2140/1389
f 282/282/1390 2140/2140/1390 277/277/1390
f 2141/2141/1391 2142/2142/1391 443/443/1391
f 1269/1269/1392 1266/1266/1392 2143/2143/1392
f 2144/2144/1393 2145/2145/1393 2146/2146/1393
f 2147/2147/1394 2146/2146/1394 2148/2148/1394
f 2149/2149/1395 2150/2150/1395 2151/2151/1395
f 2131/2131/1396 2152/2152/1396 417/417/1396
f 2131/2131/1397 286/286/1397 2152/2152/1397
f 2152/2152/1398 2153/2153/1398 418/418/1398
f 2148/2148/1399 2154/2154/1399 2155/2155/1399
f 2146/2146/1400 463/463/1400 2154/2154/1400
f 463/463/1401 459/459/1401 2156/2156/1401
f 279/279/1402 210/210/1402 209/209/1402
f 2135/2135/1403 2137/2137/1403 374/374/1403
f 1260/1260/1404 1262/1262/1404 2157/2157/1404
f 399/399/1405 2158/2158/1405 2159/2159/1405
f 2159/2159/1406 2160/2160/1406 376/376/1406
f 1271/1271/1407 1267/1267/1407 2161/2161/1407
f 2161/2161/1408 1267/1267/1408 2162/2162/1408
f 2161/2161/1409 2162/2162/1409 2163/2163/1409
f 2164/2164/1410 2165/2165/1410 2166/2166/1410
f 2167/2167/1411 2168/2168/1411 2103/2103/1411
f 2167/2167/1412 2169/2169/1412 2168/2168/1412
f 2170/2170/1413 2171/2171/1413 2172/2172/1413
f 2103/2103/1414 2173/2173/1414 2101/2101/1414
f 2174/2174/1415 2175/2175/1415 2176/2176/1415
f 194/194/1416 2177/2177/1416 1321/1321/1416
f 194/194/1417 1321/1321/1417 97/97/1417
f 341/341/1418 342/342/1418 2178/2178/1418
f 2179/2179/1419 2180/2180/1419 348/348/1419
f 2178/2178/1420 2181/2181/1420 2182/2182/1420
f 2183/2183/1421 2178/2178/1421 2150/2150/1421
f 2184/2184/1422 1247/1247/1422 2185/2185/1422
f 2186/2186/1423 2187/2187/1423 2188/2188/1423
f 500/500/1424 2189/2189/1424 203/203/1424
f 2190/2190/1425 2191/2191/1425 51/51/1425
f 223/223/1426 226/226/1426 2191/2191/1426
f 2191/2191/1427 310/310/1427 2192/2192/1427
f 2177/2177/1428 500/500/1428 2193/2193/1428
f 500/500/1429 203/203/1429 2194/2194/1429
f 2195/2195/1430 26/26/1430 134/134/1430
f 50/50/1431 52/52/1431 27/27/1431
f 1323/1323/1432 2194/2194/1432 2196/2196/1432
f 69/69/1433 100/100/1433 40/40/1433
f 100/100/1434 99/99/1434 38/38/1434
f 2197/2197/1435 1297/1297/1435 2198/2198/1435
f 1/1/1436 3/3/1436 2199/2199/1436
f 3/3/1437 2200/2200/1437 2201/2201/1437
f 2202/2202/1438 2203/2203/1438 2204/2204/1438
f 2205/2205/1439 2206/2206/1439 154/154/1439
f 2207/2207/1440 2208/2208/1440 2199/2199/1440
f 1308/1308/1441 92/92/1441 2209/2209/1441
f 2210/2210/1442 229/229/1442 2211/2211/1442
f 2199/2199/1443 2211/2211/1443 1/1/1443
f 355/355/1444 2212/2212/1444 2213/2213/1444
f 2213/2213/1445 366/366/1445 2214/2214/1445
f 1246/1246/1446 2212/2212/1446 355/355/1446
f 2212/2212/1447 1273/1273/1447 366/366/1447
f 2215/2215/1448 2216/2216/1448 2217/2217/1448
f 2218/2218/1449 2219/2219/1449 2220/2220/1449
f 2221/2221/1450 2222/2222/1450 2223/2223/1450
f 2224/2224/1451 2225/2225/1451 2226/2226/1451
f 2219/2219/1452 2227/2227/1452 2228/2228/1452
f 2223/2223/1453 2222/2222/1453 2229/2229/1453
f 2229/2229/1454 2230/2230/1454 2231/2231/1454
f 2232/2232/1455 2233/2233/1455 2234/2234/1455
f 2235/2235/1456 2233/2233/1456 2232/2232/1456
f 2236/2236/1457 2237/2237/1457 2238/2238/1457
f 2237/2237/1458 2217/2217/1458 2238/2238/1458
f 2239/2239/1459 2240/2240/1459 2241/2241/1459
f 2242/2242/1460 2243/2243/1460 2244/2244/1460
f 2245/2245/1461 2246/2246/1461 2247/2247/1461
f 2245/2245/1462 2247/2247/1462 2248/2248/1462
f 2249/2249/1463 2215/2215/1463 2237/2237/1463
f 2250/2250/1464 2249/2249/1464 2237/2237/1464
f 2251/2251/1465 2252/2252/1465 2253/2253/1465
f 2228/2228/1466 2254/2254/1466 2255/2255/1466
f 2256/2256/1467 2257/2257/1467 2258/2258/1467
f 2259/2259/1468 2260/2260/1468 2249/2249/1468
f 2261/2261/1469 2262/2262/1469 2216/2216/1469
f 2260/2260/1470 2263/2263/1470 2264/2264/1470
f 2265/2265/1471 2266/2266/1471 2260/2260/1471
f 2267/2267/1472 2268/2268/1472 2269/2269/1472
f 2270/2270/1473 2267/2267/1473 2262/2262/1473
f 2271/2271/1474 2272/2272/1474 2254/2254/1474
f 2227/2227/1475 2271/2271/1475 2228/2228/1475
f 2273/2273/1476 2251/2251/1476 2233/2233/1476
f 2273/2273/1477 2233/2233/1477 2235/2235/1477
f 2233/2233/1478 2251/2251/1478 2234/2234/1478
f 2274/2274/1479 2275/2275/1479 2276/2276/1479
f 2234/2234/1480 2251/2251/1480 2277/2277/1480
f 2246/2246/1481 2278/2278/1481 2279/2279/1481
f 2276/2276/1482 2280/2280/1482 2281/2281/1482
f 2245/2245/1483 2276/2276/1483 2282/2282/1483
f 2283/2283/1484 2221/2221/1484 2257/2257/1484
f 2284/2284/1485 2285/2285/1485 2222/2222/1485
f 2263/2263/1486 2286/2286/1486 2287/2287/1486
f 2280/2280/1487 2288/2288/1487 2281/2281/1487
f 2289/2289/1488 2290/2290/1488 2291/2291/1488
f 2217/2217/1489 2292/2292/1489 2293/2293/1489
f 2294/2294/1490 2254/2254/1490 2295/2295/1490
f 2255/2255/1491 2254/2254/1491 2294/2294/1491
f 2258/2258/1492 2257/2257/1492 2223/2223/1492
f 2296/2296/1493 2297/2297/1493 2298/2298/1493
f 2299/2299/1494 2300/2300/1494 2298/2298/1494
f 2301/2301/1495 2302/2302/1495 2303/2303/1495
f 2302/2302/1496 2304/2304/1496 2303/2303/1496
f 2273/2273/1497 2226/2226/1497 2251/2251/1497
f 2305/2305/1498 2306/2306/1498 2307/2307/1498
f 2308/2308/1499 2309/2309/1499 2305/2305/1499
f 2277/2277/1500 2253/2253/1500 2310/2310/1500
f 2311/2311/1501 2312/2312/1501 2313/2313/1501
f 2247/2247/1502 2279/2279/1502 2314/2314/1502
f 2248/2248/1503 2314/2314/1503 2315/2315/1503
f 2313/2313/1504 2316/2316/1504 2317/2317/1504
f 2313/2313/1505 2220/2220/1505 2316/2316/1505
f 2316/2316/1506 2255/2255/1506 2294/2294/1506
f 2288/2288/1507 2282/2282/1507 2281/2281/1507
f 2318/2318/1508 2229/2229/1508 2231/2231/1508
f 2319/2319/1509 2223/2223/1509 2318/2318/1509
f 2302/2302/1510 2320/2320/1510 2321/2321/1510
f 2253/2253/1511 2322/2322/1511 2323/2323/1511
f 2243/2243/1512 2324/2324/1512 2325/2325/1512
f 2285/2285/1513 2326/2326/1513 2230/2230/1513
f 2230/2230/1514 2326/2326/1514 2327/2327/1514
f 2231/2231/1515 2230/2230/1515 2327/2327/1515
f 2328/2328/1516 2329/2329/1516 2330/2330/1516
f 2268/2268/1517 2331/2331/1517 2301/2301/1517
f 2331/2331/1518 2302/2302/1518 2301/2301/1518
f 2253/2253/1519 2330/2330/1519 2322/2322/1519
f 2323/2323/1520 2322/2322/1520 2332/2332/1520
f 2333/2333/1521 2334/2334/1521 2335/2335/1521
f 2332/2332/1522 2322/2322/1522 2336/2336/1522
f 2304/2304/1523 2337/2337/1523 2338/2338/1523
f 2337/2337/1524 2321/2321/1524 2339/2339/1524
f 2340/2340/1525 2341/2341/1525 2342/2342/1525
f 2343/2343/1526 2344/2344/1526 2345/2345/1526
f 2346/2346/1527 2347/2347/1527 2348/2348/1527
f 2340/2340/1528 2342/2342/1528 2349/2349/1528
f 2350/2350/1529 2348/2348/1529 2351/2351/1529
f 2345/2345/1530 2352/2352/1530 2353/2353/1530
f 2354/2354/1531 2355/2355/1531 2320/2320/1531
f 2356/2356/1532 2354/2354/1532 2302/2302/1532
f 2357/2357/1533 2358/2358/1533 2333/2333/1533
f 2359/2359/1534 2360/2360/1534 2361/2361/1534
f 2362/2362/1535 2363/2363/1535 2364/2364/1535
f 2362/2362/1536 2364/2364/1536 2365/2365/1536
f 2364/2364/1537 2363/2363/1537 2366/2366/1537
f 2339/2339/1538 2321/2321/1538 2367/2367/1538
f 2368/2368/1539 2369/2369/1539 2370/2370/1539
f 2371/2371/1540 2372/2372/1540 2352/2352/1540
f 2372/2372/1541 2373/2373/1541 2374/2374/1541
f 2372/2372/1542 2370/2370/1542 2373/2373/1542
f 2352/2352/1543 2372/2372/1543 2374/2374/1543
f 2342/2342/1544 2360/2360/1544 2375/2375/1544
f 2376/2376/1545 2377/2377/1545 2378/2378/1545
f 2379/2379/1546 2380/2380/1546 2381/2381/1546
f 2382/2382/1547 2383/2383/1547 2384/2384/1547
f 2382/2382/1548 2384/2384/1548 2385/2385/1548
f 2386/2386/1549 2383/2383/1549 2382/2382/1549
f 2385/2385/1550 2384/2384/1550 2387/2387/1550
f 2388/2388/1551 2389/2389/1551 2390/2390/1551
f 2391/2391/1552 2392/2392/1552 2393/2393/1552
f 2390/2390/1553 2389/2389/1553 2394/2394/1553
f 2394/2394/1554 2395/2395/1554 2396/2396/1554
f 2397/2397/1555 2398/2398/1555 2399/2399/1555
f 2398/2398/1556 2400/2400/1556 2401/2401/1556
f 2402/2402/1557 2403/2403/1557 2404/2404/1557
f 2403/2403/1558 2381/2381/1558 2404/2404/1558
f 2405/2405/1559 2406/2406/1559 2407/2407/1559
f 2408/2408/1560 2409/2409/1560 2410/2410/1560
f 2411/2411/1561 2412/2412/1561 2413/2413/1561
f 2411/2411/1562 2413/2413/1562 2414/2414/1562
f 2415/2415/1563 2379/2379/1563 2403/2403/1563
f 2416/2416/1564 2415/2415/1564 2403/2403/1564
f 2417/2417/1565 2418/2418/1565 2419/2419/1565
f 2420/2420/1566 2421/2421/1566 2422/2422/1566
f 2423/2423/1567 2424/2424/1567 2415/2415/1567
f 2425/2425/1568 2426/2426/1568 2380/2380/1568
f 2424/2424/1569 2427/2427/1569 2428/2428/1569
f 2429/2429/1570 2430/2430/1570 2431/2431/1570
f 2432/2432/1571 2433/2433/1571 2434/2434/1571
f 2435/2435/1572 2436/2436/1572 2437/2437/1572
f 2438/2438/1573 2422/2422/1573 2387/2387/1573
f 2438/2438/1574 2420/2420/1574 2422/2422/1574
f 2439/2439/1575 2438/2438/1575 2387/2387/1575
f 2397/2397/1576 2440/2440/1576 2417/2417/1576
f 2398/2398/1577 2417/2417/1577 2400/2400/1577
f 2412/2412/1578 2405/2405/1578 2435/2435/1578
f 2411/2411/1579 2441/2441/1579 2442/2442/1579
f 2443/2443/1580 2388/2388/1580 2444/2444/1580
f 2445/2445/1581 2446/2446/1581 2389/2389/1581
f 2447/2447/1582 2414/2414/1582 2448/2448/1582
f 2381/2381/1583 2449/2449/1583 2450/2450/1583
f 2392/2392/1584 2422/2422/1584 2451/2451/1584
f 2452/2452/1585 2453/2453/1585 2454/2454/1585
f 2397/2397/1586 2452/2452/1586 2440/2440/1586
f 2455/2455/1587 2456/2456/1587 2457/2457/1587
f 2456/2456/1588 2458/2458/1588 2457/2457/1588
f 2459/2459/1589 2460/2460/1589 2440/2440/1589
f 2460/2460/1590 2461/2461/1590 2417/2417/1590
f 2454/2454/1591 2462/2462/1591 2459/2459/1591
f 2440/2440/1592 2454/2454/1592 2459/2459/1592
f 2401/2401/1593 2400/2400/1593 2463/2463/1593
f 2464/2464/1594 2465/2465/1594 2391/2391/1594
f 2466/2466/1595 2465/2465/1595 2467/2467/1595
f 2413/2413/1596 2435/2435/1596 2468/2468/1596
f 2414/2414/1597 2468/2468/1597 2448/2448/1597
f 2465/2465/1598 2385/2385/1598 2391/2391/1598
f 2466/2466/1599 2382/2382/1599 2465/2465/1599
f 2442/2442/1600 2469/2469/1600 2412/2412/1600
f 2470/2470/1601 2399/2399/1601 2471/2471/1601
f 2418/2418/1602 2472/2472/1602 2473/2473/1602
f 2456/2456/1603 2474/2474/1603 2475/2475/1603
f 2419/2419/1604 2476/2476/1604 2477/2477/1604
f 2409/2409/1605 2478/2478/1605 2479/2479/1605
f 2446/2446/1606 2480/2480/1606 2395/2395/1606
f 2395/2395/1607 2480/2480/1607 2481/2481/1607
f 2396/2396/1608 2395/2395/1608 2481/2481/1608
f 2473/2473/1609 2482/2482/1609 2483/2483/1609
f 2433/2433/1610 2484/2484/1610 2455/2455/1610
f 2484/2484/1611 2456/2456/1611 2455/2455/1611
f 2419/2419/1612 2483/2483/1612 2476/2476/1612
f 2477/2477/1613 2476/2476/1613 2485/2485/1613
f 2486/2486/1614 2487/2487/1614 2488/2488/1614
f 2485/2485/1615 2476/2476/1615 2489/2489/1615
f 2458/2458/1616 2490/2490/1616 2491/2491/1616
f 2490/2490/1617 2475/2475/1617 2492/2492/1617
f 2493/2493/1618 2494/2494/1618 2495/2495/1618
f 2496/2496/1619 2497/2497/1619 2498/2498/1619
f 2499/2499/1620 2496/2496/1620 2500/2500/1620
f 2493/2493/1621 2495/2495/1621 2501/2501/1621
f 2502/2502/1622 2503/2503/1622 2504/2504/1622
f 2498/2498/1623 2505/2505/1623 2506/2506/1623
f 2507/2507/1624 2508/2508/1624 2474/2474/1624
f 2509/2509/1625 2507/2507/1625 2456/2456/1625
f 2510/2510/1626 2511/2511/1626 2486/2486/1626
f 2512/2512/1627 2513/2513/1627 2514/2514/1627
f 2515/2515/1628 2516/2516/1628 2517/2517/1628
f 2518/2518/1629 2519/2519/1629 2520/2520/1629
f 2521/2521/1630 2522/2522/1630 2523/2523/1630
f 2512/2512/1631 2524/2524/1631 2513/2513/1631
f 2523/2523/1632 2522/2522/1632 2525/2525/1632
f 2492/2492/1633 2475/2475/1633 2526/2526/1633
f 2525/2525/1634 2522/2522/1634 2527/2527/1634
f 2528/2528/1635 2529/2529/1635 2505/2505/1635
f 2529/2529/1636 2519/2519/1636 2530/2530/1636
f 2529/2529/1637 2520/2520/1637 2519/2519/1637
f 2505/2505/1638 2529/2529/1638 2530/2530/1638
f 2495/2495/1639 2513/2513/1639 2531/2531/1639
f 2532/2532/1640 2517/2517/1640 2516/2516/1640
f 2533/2533/1641 2534/2534/1641 2535/2535/1641
f 2536/2536/1642 2537/2537/1642 2538/2538/1642
f 2539/2539/1643 2540/2540/1643 2541/2541/1643
f 2542/2542/1644 2543/2543/1644 2544/2544/1644
f 2537/2537/1645 2545/2545/1645 2546/2546/1645
f 2541/2541/1646 2540/2540/1646 2547/2547/1646
f 2547/2547/1647 2548/2548/1647 2549/2549/1647
f 2550/2550/1648 2551/2551/1648 2552/2552/1648
f 2553/2553/1649 2551/2551/1649 2550/2550/1649
f 2554/2554/1650 2555/2555/1650 2556/2556/1650
f 2555/2555/1651 2535/2535/1651 2556/2556/1651
f 2557/2557/1652 2558/2558/1652 2559/2559/1652
f 2560/2560/1653 2561/2561/1653 2562/2562/1653
f 2563/2563/1654 2564/2564/1654 2565/2565/1654
f 2563/2563/1655 2565/2565/1655 2566/2566/1655
f 2567/2567/1656 2533/2533/1656 2555/2555/1656
f 2568/2568/1657 2567/2567/1657 2555/2555/1657
f 2569/2569/1658 2570/2570/1658 2571/2571/1658
f 2546/2546/1659 2572/2572/1659 2573/2573/1659
f 2574/2574/1660 2575/2575/1660 2576/2576/1660
f 2577/2577/1661 2578/2578/1661 2567/2567/1661
f 2579/2579/1662 2580/2580/1662 2534/2534/1662
f 2578/2578/1663 2581/2581/1663 2582/2582/1663
f 2583/2583/1664 2584/2584/1664 2578/2578/1664
f 2585/2585/1665 2586/2586/1665 2587/2587/1665
f 2588/2588/1666 2585/2585/1666 2580/2580/1666
f 2589/2589/1667 2590/2590/1667 2572/2572/1667
f 2545/2545/1668 2589/2589/1668 2546/2546/1668
f 2591/2591/1669 2569/2569/1669 2551/2551/1669
f 2591/2591/1670 2551/2551/1670 2553/2553/1670
f 2551/2551/1671 2569/2569/1671 2552/2552/1671
f 2592/2592/1672 2593/2593/1672 2594/2594/1672
f 2552/2552/1673 2569/2569/1673 2595/2595/1673
f 2564/2564/1674 2596/2596/1674 2597/2597/1674
f 2594/2594/1675 2598/2598/1675 2599/2599/1675
f 2563/2563/1676 2594/2594/1676 2600/2600/1676
f 2601/2601/1677 2539/2539/1677 2575/2575/1677
f 2602/2602/1678 2603/2603/1678 2540/2540/1678
f 2581/2581/1679 2604/2604/1679 2605/2605/1679
f 2598/2598/1680 2606/2606/1680 2599/2599/1680
f 2607/2607/1681 2608/2608/1681 2609/2609/1681
f 2535/2535/1682 2610/2610/1682 2611/2611/1682
f 2612/2612/1683 2572/2572/1683 2613/2613/1683
f 2573/2573/1684 2572/2572/1684 2612/2612/1684
f 2576/2576/1685 2575/2575/1685 2541/2541/1685
f 2614/2614/1686 2615/2615/1686 2616/2616/1686
f 2615/2615/1687 2617/2617/1687 2616/2616/1687
f 2591/2591/1688 2544/2544/1688 2569/2569/1688
f 2618/2618/1689 2619/2619/1689 2620/2620/1689
f 2595/2595/1690 2571/2571/1690 2621/2621/1690
f 2622/2622/1691 2623/2623/1691 2624/2624/1691
f 2565/2565/1692 2597/2597/1692 2625/2625/1692
f 2566/2566/1693 2625/2625/1693 2626/2626/1693
f 2624/2624/1694 2627/2627/1694 2628/2628/1694
f 2624/2624/1695 2538/2538/1695 2627/2627/1695
f 2627/2627/1696 2573/2573/1696 2612/2612/1696
f 2606/2606/1697 2600/2600/1697 2599/2599/1697
f 2629/2629/1698 2547/2547/1698 2549/2549/1698
f 2630/2630/1699 2541/2541/1699 2629/2629/1699
f 2615/2615/1700 2631/2631/1700 2617/2617/1700
f 2561/2561/1701 2632/2632/1701 2633/2633/1701
f 2548/2548/1702 2634/2634/1702 2635/2635/1702
f 2549/2549/1703 2548/2548/1703 2635/2635/1703
f 2636/2636/1704 2637/2637/1704 2614/2614/1704
f 2638/2638/1705 2639/2639/1705 2640/2640/1705
f 2641/2641/1706 2615/2615/1706 2614/2614/1706
f 2571/2571/1707 2640/2640/1707 2642/2642/1707
f 2643/2643/1708 2642/2642/1708 2644/2644/1708
f 2617/2617/1709 2645/2645/1709 2646/2646/1709
f 2644/2644/1710 2647/2647/1710 2648/2648/1710
f 2633/2633/1711 2632/2632/1711 2649/2649/1711
f 2650/2650/1712 2651/2651/1712 2634/2634/1712
f 2652/2652/1713 2653/2653/1713 2654/2654/1713
f 2649/2649/1714 2655/2655/1714 2656/2656/1714
f 2634/2634/1715 2651/2651/1715 2657/2657/1715
f 2658/2658/1716 2659/2659/1716 2660/2660/1716
f 2661/2661/1717 2662/2662/1717 2615/2615/1717
f 2663/2663/1718 2615/2615/1718 2641/2641/1718
f 2658/2658/1719 2660/2660/1719 2642/2642/1719
f 2640/2640/1720 2658/2658/1720 2642/2642/1720
f 2664/2664/1721 2665/2665/1721 2666/2666/1721
f 2667/2667/1722 2668/2668/1722 2669/2669/1722
f 2670/2670/1723 2671/2671/1723 2672/2672/1723
f 2615/2615/1724 2669/2669/1724 2631/2631/1724
f 2673/2673/1725 2674/2674/1725 2675/2675/1725
f 2653/2653/1726 2676/2676/1726 2654/2654/1726
f 2666/2666/1727 2665/2665/1727 2677/2677/1727
f 2676/2676/1728 2678/2678/1728 2679/2679/1728
f 2654/2654/1729 2679/2679/1729 2680/2680/1729
f 2667/2667/1730 2669/2669/1730 2615/2615/1730
f 2681/2681/1731 2682/2682/1731 2683/2683/1731
f 2684/2684/1732 2685/2685/1732 2686/2686/1732
f 2687/2687/1733 2688/2688/1733 2689/2689/1733
f 2690/2690/1734 2691/2691/1734 2692/2692/1734
f 2685/2685/1735 2693/2693/1735 2694/2694/1735
f 2689/2689/1736 2688/2688/1736 2695/2695/1736
f 2696/2696/1737 2697/2697/1737 2698/2698/1737
f 2699/2699/1738 2697/2697/1738 2696/2696/1738
f 2700/2700/1739 2701/2701/1739 2702/2702/1739
f 2701/2701/1740 2683/2683/1740 2702/2702/1740
f 2703/2703/1741 2704/2704/1741 2705/2705/1741
f 2706/2706/1742 2707/2707/1742 2708/2708/1742
f 2709/2709/1743 2710/2710/1743 2711/2711/1743
f 2709/2709/1744 2711/2711/1744 2712/2712/1744
f 2713/2713/1745 2681/2681/1745 2701/2701/1745
f 2714/2714/1746 2713/2713/1746 2701/2701/1746
f 2715/2715/1747 2716/2716/1747 2717/2717/1747
f 2694/2694/1748 2718/2718/1748 2719/2719/1748
f 2720/2720/1749 2721/2721/1749 2722/2722/1749
f 2723/2723/1750 2724/2724/1750 2713/2713/1750
f 2725/2725/1751 2726/2726/1751 2682/2682/1751
f 2724/2724/1752 2727/2727/1752 2728/2728/1752
f 2723/2723/1753 2729/2729/1753 2724/2724/1753
f 2730/2730/1754 2731/2731/1754 2732/2732/1754
f 2733/2733/1755 2734/2734/1755 2735/2735/1755
f 2736/2736/1756 2720/2720/1756 2718/2718/1756
f 2693/2693/1757 2736/2736/1757 2694/2694/1757
f 2737/2737/1758 2715/2715/1758 2697/2697/1758
f 2737/2737/1759 2697/2697/1759 2699/2699/1759
f 2697/2697/1760 2715/2715/1760 2698/2698/1760
f 2698/2698/1761 2715/2715/1761 2738/2738/1761
f 2710/2710/1762 2703/2703/1762 2733/2733/1762
f 2739/2739/1763 2740/2740/1763 2741/2741/1763
f 2709/2709/1764 2739/2739/1764 2742/2742/1764
f 2743/2743/1765 2687/2687/1765 2721/2721/1765
f 2744/2744/1766 2745/2745/1766 2746/2746/1766
f 2727/2727/1767 2747/2747/1767 2748/2748/1767
f 2740/2740/1768 2749/2749/1768 2741/2741/1768
f 2740/2740/1769 2750/2750/1769 2751/2751/1769
f 2683/2683/1770 2752/2752/1770 2753/2753/1770
f 2691/2691/1771 2718/2718/1771 2722/2722/1771
f 2719/2719/1772 2718/2718/1772 2691/2691/1772
f 2722/2722/1773 2721/2721/1773 2689/2689/1773
f 2754/2754/1774 2755/2755/1774 2756/2756/1774
f 2757/2757/1775 2755/2755/1775 2758/2758/1775
f 2759/2759/1776 2757/2757/1776 2760/2760/1776
f 2737/2737/1777 2761/2761/1777 2715/2715/1777
f 2762/2762/1778 2763/2763/1778 2764/2764/1778
f 2765/2765/1779 2766/2766/1779 2767/2767/1779
f 2768/2768/1780 2769/2769/1780 2770/2770/1780
f 2770/2770/1781 2769/2769/1781 2771/2771/1781
f 2738/2738/1782 2717/2717/1782 2772/2772/1782
f 2773/2773/1783 2774/2774/1783 2775/2775/1783
f 2711/2711/1784 2733/2733/1784 2776/2776/1784
f 2712/2712/1785 2776/2776/1785 2777/2777/1785
f 2778/2778/1786 2779/2779/1786 2690/2690/1786
f 2778/2778/1787 2686/2686/1787 2779/2779/1787
f 2779/2779/1788 2719/2719/1788 2691/2691/1788
f 2749/2749/1789 2742/2742/1789 2741/2741/1789
f 2780/2780/1790 2781/2781/1790 2782/2782/1790
f 2715/2715/1791 2783/2783/1791 2716/2716/1791
f 2784/2784/1792 2785/2785/1792 2786/2786/1792
f 2707/2707/1793 2787/2787/1793 2788/2788/1793
f 2789/2789/1794 2790/2790/1794 2791/2791/1794
f 2792/2792/1795 2793/2793/1795 2794/2794/1795
f 2731/2731/1796 2795/2795/1796 2796/2796/1796
f 2717/2717/1797 2794/2794/1797 2797/2797/1797
f 2798/2798/1798 2799/2799/1798 2785/2785/1798
f 2800/2800/1799 2801/2801/1799 2802/2802/1799
f 2788/2788/1800 2803/2803/1800 2804/2804/1800
f 2788/2788/1801 2787/2787/1801 2803/2803/1801
f 2805/2805/1802 2806/2806/1802 2807/2807/1802
f 2806/2806/1803 2808/2808/1803 2809/2809/1803
f 2800/2800/1804 2802/2802/1804 2810/2810/1804
f 2794/2794/1805 2811/2811/1805 2812/2812/1805
f 2813/2813/1806 2814/2814/1806 2815/2815/1806
f 2812/2812/1807 2816/2816/1807 2817/2817/1807
f 2814/2814/1808 2818/2818/1808 2798/2798/1808
f 2819/2819/1809 2820/2820/1809 2821/2821/1809
f 2819/2819/1810 2821/2821/1810 2822/2822/1810
f 2823/2823/1811 2824/2824/1811 2825/2825/1811
f 2823/2823/1812 2826/2826/1812 2824/2824/1812
f 2797/2797/1813 2817/2817/1813 2827/2827/1813
f 2828/2828/1814 2829/2829/1814 2801/2801/1814
f 2821/2821/1815 2820/2820/1815 2830/2830/1815
f 2810/2810/1816 2831/2831/1816 2832/2832/1816
f 2833/2833/1817 2834/2834/1817 2818/2818/1817
f 2834/2834/1818 2826/2826/1818 2823/2823/1818
f 2817/2817/1819 2835/2835/1819 2827/2827/1819
f 2836/2836/1820 2837/2837/1820 2737/2737/1820
f 2838/2838/1821 2839/2839/1821 2840/2840/1821
f 2841/2841/1822 2842/2842/1822 2699/2699/1822
f 2843/2843/1823 2844/2844/1823 2845/2845/1823
f 2846/2846/1824 2847/2847/1824 2848/2848/1824
f 2849/2849/1825 2850/2850/1825 2845/2845/1825
f 2851/2851/1826 2542/2542/1826 2591/2591/1826
f 2852/2852/1827 2853/2853/1827 2854/2854/1827
f 2855/2855/1828 2856/2856/1828 2553/2553/1828
f 2857/2857/1829 2856/2856/1829 2855/2855/1829
f 2858/2858/1830 2859/2859/1830 2860/2860/1830
f 2861/2861/1831 2623/2623/1831 2854/2854/1831
f 2862/2862/1832 2863/2863/1832 2864/2864/1832
f 2865/2865/1833 2224/2224/1833 2273/2273/1833
f 2866/2866/1834 2867/2867/1834 2868/2868/1834
f 2869/2869/1835 2870/2870/1835 2235/2235/1835
f 2871/2871/1836 2872/2872/1836 2873/2873/1836
f 2874/2874/1837 2875/2875/1837 2876/2876/1837
f 2877/2877/1838 2878/2878/1838 2879/2879/1838
f 2880/2880/1839 2881/2881/1839 2299/2299/1839
f 2882/2882/1840 2881/2881/1840 2880/2880/1840
f 2307/2307/1841 2883/2883/1841 2884/2884/1841
f 2881/2881/1842 2300/2300/1842 2299/2299/1842
f 2885/2885/1843 2769/2769/1843 2768/2768/1843
f 2886/2886/1844 2768/2768/1844 2887/2887/1844
f 2888/2888/1845 2889/2889/1845 2890/2890/1845
f 2891/2891/1846 2889/2889/1846 2888/2888/1846
f 2892/2892/1847 2886/2886/1847 2887/2887/1847
f 2893/2893/1848 2894/2894/1848 2892/2892/1848
f 2895/2895/1849 2896/2896/1849 2885/2885/1849
f 2897/2897/1850 2898/2898/1850 2899/2899/1850
f 2900/2900/1851 2901/2901/1851 2902/2902/1851
f 2901/2901/1852 2903/2903/1852 2904/2904/1852
f 2905/2905/1853 2906/2906/1853 2300/2300/1853
f 2759/2759/1854 2907/2907/1854 2908/2908/1854
f 2759/2759/1855 2909/2909/1855 2907/2907/1855
f 2760/2760/1856 2909/2909/1856 2759/2759/1856
f 2760/2760/1857 2910/2910/1857 2909/2909/1857
f 2755/2755/1858 2765/2765/1858 2911/2911/1858
f 2912/2912/1859 2910/2910/1859 2760/2760/1859
f 2306/2306/1860 2913/2913/1860 2883/2883/1860
f 2893/2893/1861 2914/2914/1861 2894/2894/1861
f 2886/2886/1862 2894/2894/1862 2895/2895/1862
f 2915/2915/1863 2916/2916/1863 2912/2912/1863
f 2915/2915/1864 2912/2912/1864 2760/2760/1864
f 2917/2917/1865 2887/2887/1865 2918/2918/1865
f 2900/2900/1866 2919/2919/1866 2901/2901/1866
f 2920/2920/1867 2921/2921/1867 2891/2891/1867
f 2922/2922/1868 2923/2923/1868 2924/2924/1868
f 2922/2922/1869 2925/2925/1869 2926/2926/1869
f 2756/2756/1870 2757/2757/1870 2927/2927/1870
f 2908/2908/1871 2757/2757/1871 2759/2759/1871
f 2298/2298/1872 2297/2297/1872 2922/2922/1872
f 2299/2299/1873 2298/2298/1873 2928/2928/1873
f 2922/2922/1874 2297/2297/1874 2925/2925/1874
f 2758/2758/1875 2911/2911/1875 2929/2929/1875
f 2758/2758/1876 2915/2915/1876 2760/2760/1876
f 2758/2758/1877 2929/2929/1877 2915/2915/1877
f 2930/2930/1878 2931/2931/1878 2307/2307/1878
f 2931/2931/1879 2932/2932/1879 2305/2305/1879
f 2933/2933/1880 2934/2934/1880 2920/2920/1880
f 2933/2933/1881 2935/2935/1881 2934/2934/1881
f 2936/2936/1882 2937/2937/1882 2938/2938/1882
f 2939/2939/1883 2940/2940/1883 2308/2308/1883
f 2308/2308/1884 2940/2940/1884 2309/2309/1884
f 2932/2932/1885 2941/2941/1885 2308/2308/1885
f 2942/2942/1886 2941/2941/1886 2932/2932/1886
f 2943/2943/1887 2900/2900/1887 2944/2944/1887
f 2938/2938/1888 2945/2945/1888 2878/2878/1888
f 2946/2946/1889 2947/2947/1889 2948/2948/1889
f 2949/2949/1890 2950/2950/1890 2945/2945/1890
f 2951/2951/1891 2950/2950/1891 2952/2952/1891
f 2933/2933/1892 2920/2920/1892 2953/2953/1892
f 2954/2954/1893 2955/2955/1893 2956/2956/1893
f 2957/2957/1894 2958/2958/1894 2959/2959/1894
f 2960/2960/1895 2961/2961/1895 2962/2962/1895
f 2963/2963/1896 2939/2939/1896 2964/2964/1896
f 2965/2965/1897 2966/2966/1897 2958/2958/1897
f 2956/2956/1898 2967/2967/1898 2968/2968/1898
f 2965/2965/1899 2957/2957/1899 2969/2969/1899
f 2970/2970/1900 2960/2960/1900 2971/2971/1900
f 2941/2941/1901 2972/2972/1901 2964/2964/1901
f 2947/2947/1902 2973/2973/1902 2950/2950/1902
f 2948/2948/1903 2947/2947/1903 2951/2951/1903
f 2974/2974/1904 2975/2975/1904 2976/2976/1904
f 2977/2977/1905 2978/2978/1905 2946/2946/1905
f 2979/2979/1906 2980/2980/1906 2981/2981/1906
f 2982/2982/1907 2946/2946/1907 2948/2948/1907
f 2981/2981/1908 2983/2983/1908 2984/2984/1908
f 2984/2984/1909 2983/2983/1909 2954/2954/1909
f 2975/2975/1910 2958/2958/1910 2966/2966/1910
f 2979/2979/1911 2984/2984/1911 2985/2985/1911
f 2976/2976/1912 2966/2966/1912 2965/2965/1912
f 2986/2986/1913 2985/2985/1913 2954/2954/1913
f 2976/2976/1914 2965/2965/1914 2987/2987/1914
f 2988/2988/1915 2989/2989/1915 2990/2990/1915
f 2935/2935/1916 2988/2988/1916 2991/2991/1916
f 2992/2992/1917 2993/2993/1917 2994/2994/1917
f 2995/2995/1918 2996/2996/1918 2994/2994/1918
f 2997/2997/1919 2998/2998/1919 2999/2999/1919
f 3000/3000/1920 3001/3001/1920 3002/3002/1920
f 3003/3003/1921 3002/3002/1921 3004/3004/1921
f 3005/3005/1922 3006/3006/1922 3007/3007/1922
f 3008/3008/1923 3006/3006/1923 3005/3005/1923
f 3009/3009/1924 3010/3010/1924 3006/3006/1924
f 3011/3011/1925 3012/3012/1925 3013/3013/1925
f 3014/3014/1926 3015/3015/1926 3016/3016/1926
f 3017/3017/1927 3018/3018/1927 3019/3019/1927
f 3020/3020/1928 3018/3018/1928 3021/3021/1928
f 3022/3022/1929 3020/3020/1929 3023/3023/1929
f 3024/3024/1930 3025/3025/1930 3026/3026/1930
f 3026/3026/1931 3025/3025/1931 3027/3027/1931
f 3028/3028/1932 3029/3029/1932 3030/3030/1932
f 3028/3028/1933 3030/3030/1933 3031/3031/1933
f 3032/3032/1934 3033/3033/1934 3034/3034/1934
f 3033/3033/1935 2996/2996/1935 2995/2995/1935
f 3035/3035/1936 3025/3025/1936 3024/3024/1936
f 3036/3036/1937 3024/3024/1937 3037/3037/1937
f 3038/3038/1938 3039/3039/1938 3040/3040/1938
f 3041/3041/1939 3036/3036/1939 3037/3037/1939
f 3042/3042/1940 3043/3043/1940 3041/3041/1940
f 3044/3044/1941 3045/3045/1941 3035/3035/1941
f 3035/3035/1942 3045/3045/1942 3046/3046/1942
f 3047/3047/1943 3048/3048/1943 3049/3049/1943
f 3050/3050/1944 3017/3017/1944 3051/3051/1944
f 3052/3052/1945 3053/3053/1945 2996/2996/1945
f 3022/3022/1946 3054/3054/1946 3055/3055/1946
f 3022/3022/1947 3056/3056/1947 3054/3054/1947
f 3023/3023/1948 3056/3056/1948 3022/3022/1948
f 3023/3023/1949 3057/3057/1949 3056/3056/1949
f 3018/3018/1950 3014/3014/1950 3058/3058/1950
f 3021/3021/1951 3058/3058/1951 3059/3059/1951
f 3060/3060/1952 3057/3057/1952 3023/3023/1952
f 3060/3060/1953 3061/3061/1953 3057/3057/1953
f 3062/3062/1954 3063/3063/1954 3004/3004/1954
f 3001/3001/1955 3062/3062/1955 3002/3002/1955
f 3051/3051/1956 3019/3019/1956 3064/3064/1956
f 3065/3065/1957 3064/3064/1957 3055/3055/1957
f 3066/3066/1958 3067/3067/1958 3068/3068/1958
f 3069/3069/1959 3037/3037/1959 3070/3070/1959
f 3071/3071/1960 3072/3072/1960 3066/3066/1960
f 3007/3007/1961 3071/3071/1961 3005/3005/1961
f 3066/3066/1962 3072/3072/1962 3073/3073/1962
f 3074/3074/1963 3075/3075/1963 3048/3048/1963
f 2999/2999/1964 3034/3034/1964 2995/2995/1964
f 3076/3076/1965 3072/3072/1965 3071/3071/1965
f 3077/3077/1966 3078/3078/1966 3038/3038/1966
f 3079/3079/1967 3080/3080/1967 3081/3081/1967
f 3082/3082/1968 3083/3083/1968 3084/3084/1968
f 3082/3082/1969 3084/3084/1969 3085/3085/1969
f 3086/3086/1970 3085/3085/1970 3087/3087/1970
f 3088/3088/1971 3087/3087/1971 3089/3089/1971
f 3088/3088/1972 3089/3089/1972 3090/3090/1972
f 3091/3091/1973 3090/3090/1973 3092/3092/1973
f 3091/3091/1974 3092/3092/1974 3093/3093/1974
f 3094/3094/1975 3095/3095/1975 3096/3096/1975
f 3094/3094/1976 3096/3096/1976 3097/3097/1976
f 3098/3098/1977 3099/3099/1977 3100/3100/1977
f 3101/3101/1978 3072/3072/1978 3102/3102/1978
f 3103/3103/1979 3104/3104/1979 3105/3105/1979
f 3103/3103/1980 3106/3106/1980 3107/3107/1980
f 3019/3019/1981 3020/3020/1981 3064/3064/1981
f 3055/3055/1982 3020/3020/1982 3022/3022/1982
f 2994/2994/1983 2993/2993/1983 3108/3108/1983
f 2995/2995/1984 2994/2994/1984 2999/2999/1984
f 3108/3108/1985 2993/2993/1985 3109/3109/1985
f 3008/3008/1986 3009/3009/1986 3006/3006/1986
f 3008/3008/1987 3005/3005/1987 3068/3068/1987
f 3110/3110/1988 3003/3003/1988 3111/3111/1988
f 3112/3112/1989 3113/3113/1989 3077/3077/1989
f 3114/3114/1990 3115/3115/1990 3116/3116/1990
f 3117/3117/1991 3118/3118/1991 3074/3074/1991
f 3000/3000/1992 3119/3119/1992 3001/3001/1992
f 3120/3120/1993 3074/3074/1993 3047/3047/1993
f 3121/3121/1994 3122/3122/1994 3000/3000/1994
f 3123/3123/1995 3124/3124/1995 3078/3078/1995
f 3116/3116/1996 3125/3125/1996 3029/3029/1996
f 3115/3115/1997 3126/3126/1997 3127/3127/1997
f 3128/3128/1998 3129/3129/1998 3130/3130/1998
f 3131/3131/1999 3129/3129/1999 3132/3132/1999
f 3133/3133/2000 3134/3134/2000 3131/3131/2000
f 3135/3135/2001 3136/3136/2001 3137/3137/2001
f 3138/3138/2002 3131/3131/2002 3132/3132/2002
f 3132/3132/2003 3128/3128/2003 3139/3139/2003
f 3122/3122/2004 3140/3140/2004 3119/3119/2004
f 3141/3141/2005 3142/3142/2005 3131/3131/2005
f 3143/3143/2006 3144/3144/2006 3126/3126/2006
f 3112/3112/2007 3145/3145/2007 3146/3146/2007
f 3146/3146/2008 3147/3147/2008 3113/3113/2008
f 3127/3127/2009 3126/3126/2009 3125/3125/2009
f 3148/3148/2010 3149/3149/2010 3150/3150/2010
f 3151/3151/2011 3152/3152/2011 3153/3153/2011
f 3112/3112/2012 3153/3153/2012 3145/3145/2012
f 3154/3154/2013 3155/3155/2013 3156/3156/2013
f 3157/3157/2014 3151/3151/2014 3112/3112/2014
f 3158/3158/2015 3154/3154/2015 3156/3156/2015
f 3159/3159/2016 3150/3150/2016 3160/3160/2016
f 3161/3161/2017 3134/3134/2017 3133/3133/2017
f 3162/3162/2018 3148/3148/2018 3159/3159/2018
f 3142/3142/2019 3163/3163/2019 3161/3161/2019
f 3164/3164/2020 3148/3148/2020 3162/3162/2020
f 3153/3153/2021 3165/3165/2021 3166/3166/2021
f 3145/3145/2022 3153/3153/2022 3166/3166/2022
f 3167/3167/2023 3168/3168/2023 3169/3169/2023
f 3170/3170/2024 3171/3171/2024 3169/3169/2024
f 3172/3172/2025 3173/3173/2025 3174/3174/2025
f 3175/3175/2026 3176/3176/2026 3177/3177/2026
f 3178/3178/2027 3174/3174/2027 3179/3179/2027
f 3180/3180/2028 3181/3181/2028 3182/3182/2028
f 3183/3183/2029 3184/3184/2029 3185/3185/2029
f 3186/3186/2030 3183/3183/2030 3187/3187/2030
f 3188/3188/2031 3189/3189/2031 3190/3190/2031
f 3191/3191/2032 3192/3192/2032 3193/3193/2032
f 3193/3193/2033 3192/3192/2033 3194/3194/2033
f 3195/3195/2034 3196/3196/2034 3197/3197/2034
f 3198/3198/2035 3199/3199/2035 3200/3200/2035
f 3199/3199/2036 3171/3171/2036 3170/3170/2036
f 3201/3201/2037 3192/3192/2037 3191/3191/2037
f 3202/3202/2038 3191/3191/2038 3203/3203/2038
f 3204/3204/2039 3205/3205/2039 3206/3206/2039
f 3207/3207/2040 3202/3202/2040 3203/3203/2040
f 3208/3208/2041 3209/3209/2041 3207/3207/2041
f 3210/3210/2042 3211/3211/2042 3201/3201/2042
f 3212/3212/2043 3213/3213/2043 3214/3214/2043
f 3215/3215/2044 3216/3216/2044 3217/3217/2044
f 3218/3218/2045 3219/3219/2045 3171/3171/2045
f 3188/3188/2046 3220/3220/2046 3221/3221/2046
f 3188/3188/2047 3222/3222/2047 3220/3220/2047
f 3190/3190/2048 3222/3222/2048 3188/3188/2048
f 3190/3190/2049 3223/3223/2049 3222/3222/2049
f 3224/3224/2050 3223/3223/2050 3190/3190/2050
f 3176/3176/2051 3225/3225/2051 3172/3172/2051
f 3172/3172/2052 3225/3225/2052 3173/3173/2052
f 3207/3207/2053 3226/3226/2053 3202/3202/2053
f 3209/3209/2054 3226/3226/2054 3207/3207/2054
f 3202/3202/2055 3226/3226/2055 3210/3210/2055
f 3227/3227/2056 3228/3228/2056 3229/3229/2056
f 3230/3230/2057 3224/3224/2057 3190/3190/2057
f 3231/3231/2058 3203/3203/2058 3232/3232/2058
f 3233/3233/2059 3234/3234/2059 3215/3215/2059
f 3235/3235/2060 3200/3200/2060 3170/3170/2060
f 3236/3236/2061 3237/3237/2061 3204/3204/2061
f 3238/3238/2062 3239/3239/2062 3240/3240/2062
f 3238/3238/2063 3241/3241/2063 3242/3242/2063
f 3243/3243/2064 3189/3189/2064 3244/3244/2064
f 3245/3245/2065 3186/3186/2065 3243/3243/2065
f 3221/3221/2066 3189/3189/2066 3188/3188/2066
f 3169/3169/2067 3168/3168/2067 3238/3238/2067
f 3170/3170/2068 3169/3169/2068 3235/3235/2068
f 3238/3238/2069 3168/3168/2069 3241/3241/2069
f 3246/3246/2070 3230/3230/2070 3190/3190/2070
f 3187/3187/2071 3185/3185/2071 3247/3247/2071
f 3246/3246/2072 3247/3247/2072 3230/3230/2072
f 3248/3248/2073 3249/3249/2073 3172/3172/2073
f 3249/3249/2074 3250/3250/2074 3177/3177/2074
f 3248/3248/2075 3172/3172/2075 3174/3174/2075
f 3251/3251/2076 3252/3252/2076 3253/3253/2076
f 3254/3254/2077 3255/3255/2077 3175/3175/2077
f 3175/3175/2078 3255/3255/2078 3176/3176/2078
f 3256/3256/2079 3257/3257/2079 3258/3258/2079
f 3259/3259/2080 3260/3260/2080 3256/3256/2080
f 3250/3250/2081 3261/3261/2081 3175/3175/2081
f 3262/3262/2082 3263/3263/2082 3250/3250/2082
f 3264/3264/2083 3259/3259/2083 3265/3265/2083
f 3253/3253/2084 3266/3266/2084 3196/3196/2084
f 3266/3266/2085 3267/3267/2085 3196/3196/2085
f 3268/3268/2086 3269/3269/2086 3270/3270/2086
f 3271/3271/2087 3236/3236/2087 3272/3272/2087
f 3273/3273/2088 3268/3268/2088 3266/3266/2088
f 3274/3274/2089 3275/3275/2089 3276/3276/2089
f 3277/3277/2090 3278/3278/2090 3279/3279/2090
f 3280/3280/2091 3254/3254/2091 3261/3261/2091
f 3281/3281/2092 3282/3282/2092 3280/3280/2092
f 3283/3283/2093 3284/3284/2093 3285/3285/2093
f 3263/3263/2094 3281/3281/2094 3261/3261/2094
f 3266/3266/2095 3270/3270/2095 3267/3267/2095
f 3286/3286/2096 3287/3287/2096 3288/3288/2096
f 3289/3289/2097 3290/3290/2097 3291/3291/2097
f 3292/3292/2098 3289/3289/2098 3291/3291/2098
f 3291/3291/2099 3293/3293/2099 3236/3236/2099
f 3292/3292/2100 3236/3236/2100 3294/3294/2100
f 3286/3286/2101 3295/3295/2101 3296/3296/2101
f 3286/3286/2102 3296/3296/2102 3284/3284/2102
f 3297/3297/2103 3286/3286/2103 3283/3283/2103
f 3298/3298/2104 3299/3299/2104 3300/3300/2104
f 3301/3301/2105 3282/3282/2105 3302/3302/2105
f 3269/3269/2106 3303/3303/2106 3270/3270/2106
f 3291/3291/2107 3304/3304/2107 3293/3293/2107
f 3305/3305/2108 3306/3306/2108 3307/3307/2108
f 3308/3308/2109 3309/3309/2109 3307/3307/2109
f 3310/3310/2110 3311/3311/2110 3312/3312/2110
f 3313/3313/2111 3314/3314/2111 3315/3315/2111
f 3316/3316/2112 3317/3317/2112 3318/3318/2112
f 3319/3319/2113 3320/3320/2113 3321/3321/2113
f 3319/3319/2114 3321/3321/2114 3322/3322/2114
f 3323/3323/2115 3324/3324/2115 3325/3325/2115
f 3326/3326/2116 3327/3327/2116 3328/3328/2116
f 3329/3329/2117 3330/3330/2117 3331/3331/2117
f 3332/3332/2118 3333/3333/2118 3334/3334/2118
f 3335/3335/2119 3333/3333/2119 3336/3336/2119
f 3337/3337/2120 3335/3335/2120 3338/3338/2120
f 3339/3339/2121 3340/3340/2121 3341/3341/2121
f 3341/3341/2122 3340/3340/2122 3342/3342/2122
f 3317/3317/2123 3343/3343/2123 3344/3344/2123
f 3322/3322/2124 3345/3345/2124 3314/3314/2124
f 3346/3346/2125 3309/3309/2125 3308/3308/2125
f 3347/3347/2126 3340/3340/2126 3339/3339/2126
f 3348/3348/2127 3339/3339/2127 3349/3349/2127
f 3350/3350/2128 3351/3351/2128 3352/3352/2128
f 3353/3353/2129 3351/3351/2129 3350/3350/2129
f 3354/3354/2130 3348/3348/2130 3349/3349/2130
f 3355/3355/2131 3356/3356/2131 3347/3347/2131
f 3347/3347/2132 3356/3356/2132 3357/3357/2132
f 3358/3358/2133 3332/3332/2133 3359/3359/2133
f 3345/3345/2134 3360/3360/2134 3346/3346/2134
f 3360/3360/2135 3361/3361/2135 3309/3309/2135
f 3337/3337/2136 3362/3362/2136 3363/3363/2136
f 3337/3337/2137 3364/3364/2137 3362/3362/2137
f 3365/3365/2138 3366/3366/2138 3367/3367/2138
f 3365/3365/2139 3368/3368/2139 3366/3366/2139
f 3338/3338/2140 3364/3364/2140 3337/3337/2140
f 3338/3338/2141 3369/3369/2141 3364/3364/2141
f 3333/3333/2142 3329/3329/2142 3370/3370/2142
f 3371/3371/2143 3369/3369/2143 3338/3338/2143
f 3321/3321/2144 3372/3372/2144 3322/3322/2144
f 3354/3354/2145 3373/3373/2145 3348/3348/2145
f 3374/3374/2146 3375/3375/2146 3354/3354/2146
f 3348/3348/2147 3373/3373/2147 3355/3355/2147
f 3376/3376/2148 3377/3377/2148 3378/3378/2148
f 3379/3379/2149 3371/3371/2149 3338/3338/2149
f 3351/3351/2150 3380/3380/2150 3381/3381/2150
f 3380/3380/2151 3349/3349/2151 3382/3382/2151
f 3365/3365/2152 3330/3330/2152 3358/3358/2152
f 3332/3332/2153 3330/3330/2153 3329/3329/2153
f 3383/3383/2154 3315/3315/2154 3308/3308/2154
f 3384/3384/2155 3316/3316/2155 3385/3385/2155
f 3327/3327/2156 3386/3386/2156 3328/3328/2156
f 3387/3387/2157 3388/3388/2157 3389/3389/2157
f 3390/3390/2158 3391/3391/2158 3392/3392/2158
f 3393/3393/2159 3394/3394/2159 3395/3395/2159
f 3334/3334/2160 3335/3335/2160 3396/3396/2160
f 3363/3363/2161 3335/3335/2161 3337/3337/2161
f 3307/3307/2162 3306/3306/2162 3387/3387/2162
f 3308/3308/2163 3307/3307/2163 3383/3383/2163
f 3387/3387/2164 3306/3306/2164 3397/3397/2164
f 3336/3336/2165 3370/3370/2165 3398/3398/2165
f 3336/3336/2166 3379/3379/2166 3338/3338/2166
f 3336/3336/2167 3398/3398/2167 3379/3379/2167
f 3399/3399/2168 3400/3400/2168 3401/3401/2168
f 3400/3400/2169 3310/3310/2169 3312/3312/2169
f 3402/3402/2170 3403/3403/2170 3404/3404/2170
f 3405/3405/2171 3353/3353/2171 3350/3350/2171
f 3368/3368/2172 3406/3406/2172 3366/3366/2172
f 3407/3407/2173 3311/3311/2173 3310/3310/2173
f 3408/3408/2174 3409/3409/2174 3393/3393/2174
f 3410/3410/2175 3411/3411/2175 3310/3310/2175
f 3412/3412/2176 3393/3393/2176 3413/3413/2176
f 3403/3403/2177 3414/3414/2177 3415/3415/2177
f 3386/3386/2178 3416/3416/2178 3343/3343/2178
f 3417/3417/2179 3418/3418/2179 3416/3416/2179
f 3419/3419/2180 3404/3404/2180 3405/3405/2180
f 3420/3420/2181 3421/3421/2181 3417/3417/2181
f 3422/3422/2182 3423/3423/2182 3424/3424/2182
f 3425/3425/2183 3424/3424/2183 3423/3423/2183
f 3426/3426/2184 3427/3427/2184 3428/3428/2184
f 3429/3429/2185 3426/3426/2185 3430/3430/2185
f 3431/3431/2186 3423/3423/2186 3432/3432/2186
f 3416/3416/2187 3418/3418/2187 3433/3433/2187
f 3416/3416/2188 3433/3433/2188 3434/3434/2188
f 3435/3435/2189 3436/3436/2189 3403/3403/2189
f 3437/3437/2190 3402/3402/2190 3404/3404/2190
f 3437/3437/2191 3404/3404/2191 3419/3419/2191
f 3438/3438/2192 3439/3439/2192 3421/3421/2192
f 3440/3440/2193 3441/3441/2193 3442/3442/2193
f 3440/3440/2194 3442/3442/2194 3427/3427/2194
f 3443/3443/2195 3425/3425/2195 3431/3431/2195
f 3444/3444/2196 3440/3440/2196 3445/3445/2196
f 3445/3445/2197 3440/3440/2197 3427/3427/2197
f 3446/3446/2198 3443/3443/2198 3447/3447/2198
f 3447/3447/2199 3431/3431/2199 3448/3448/2199
f 3418/3418/2200 3449/3449/2200 3450/3450/2200
f 3451/3451/2201 3435/3435/2201 3402/3402/2201
f 3452/3452/2202 3453/3453/2202 3454/3454/2202
f 3385/3385/2203 3454/3454/2203 3384/3384/2203
f 3384/3384/2204 3455/3455/2204 3456/3456/2204
f 3457/3457/2205 3456/3456/2205 3458/3458/2205
f 3458/3458/2206 3456/3456/2206 3459/3459/2206
f 3325/3325/2207 3456/3456/2207 3457/3457/2207
f 3456/3456/2208 3325/3325/2208 3384/3384/2208
f 3460/3460/2209 3461/3461/2209 3462/3462/2209
f 3463/3463/2210 3462/3462/2210 3464/3464/2210
f 3463/3463/2211 3464/3464/2211 3465/3465/2211
f 3466/3466/2212 3467/3467/2212 3468/3468/2212
f 3469/3469/2213 3364/3364/2213 3369/3369/2213
f 2846/2846/2214 3470/3470/2214 3471/3471/2214
f 2848/2848/2215 3472/3472/2215 3473/3473/2215
f 3460/3460/2216 3474/3474/2216 3461/3461/2216
f 3475/3475/2217 3476/3476/2217 3477/3477/2217
f 3478/3478/2218 3477/3477/2218 3479/3479/2218
f 3479/3479/2219 3480/3480/2219 3481/3481/2219
f 3482/3482/2220 3481/3481/2220 3483/3483/2220
f 3483/3483/2221 3481/3481/2221 3484/3484/2221
f 3180/3180/2222 3481/3481/2222 3482/3482/2222
f 3481/3481/2223 3180/3180/2223 3479/3479/2223
f 3485/3485/2224 3168/3168/2224 3486/3486/2224
f 3487/3487/2225 3486/3486/2225 3488/3488/2225
f 3489/3489/2226 3490/3490/2226 3491/3491/2226
f 3492/3492/2227 3214/3214/2227 3213/3213/2227
f 3493/3493/2228 3494/3494/2228 3495/3495/2228
f 2864/2864/2229 3496/3496/2229 2862/2862/2229
f 3497/3497/2230 2863/2863/2230 3498/3498/2230
f 3499/3499/2231 2854/2854/2231 3500/3500/2231
f 3485/3485/2232 3241/3241/2232 3168/3168/2232
f 3501/3501/2233 3502/3502/2233 3503/3503/2233
f 3504/3504/2234 3503/3503/2234 3505/3505/2234
f 3505/3505/2235 3506/3506/2235 3507/3507/2235
f 3508/3508/2236 3507/3507/2236 3509/3509/2236
f 3507/3507/2237 3508/3508/2237 3505/3505/2237
f 3510/3510/2238 2297/2297/2238 3511/3511/2238
f 3510/3510/2239 3511/3511/2239 3512/3512/2239
f 3513/3513/2240 3514/3514/2240 3515/3515/2240
f 3516/3516/2241 2899/2899/2241 2898/2898/2241
f 3517/3517/2242 3518/3518/2242 3519/3519/2242
f 2871/2871/2243 3520/3520/2243 2874/2874/2243
f 3521/3521/2244 2868/2868/2244 3522/3522/2244
f 3510/3510/2245 2925/2925/2245 2297/2297/2245
f 3523/3523/2246 3524/3524/2246 3525/3525/2246
f 3526/3526/2247 3527/3527/2247 3523/3523/2247
f 3528/3528/2248 3529/3529/2248 3530/3530/2248
f 3531/3531/2249 3532/3532/2249 3533/3533/2249
f 3534/3534/2250 3535/3535/2250 3536/3536/2250
f 3528/3528/2251 3537/3537/2251 3529/3529/2251
f 3529/3529/2252 3537/3537/2252 3538/3538/2252
f 3533/3533/2253 3539/3539/2253 3535/3535/2253
f 3540/3540/2254 3541/3541/2254 3542/3542/2254
f 3543/3543/2255 3540/3540/2255 3542/3542/2255
f 3544/3544/2256 3526/3526/2256 3545/3545/2256
f 3546/3546/2257 3547/3547/2257 3548/3548/2257
f 3549/3549/2258 3550/3550/2258 3551/3551/2258
f 3552/3552/2259 3548/3548/2259 3553/3553/2259
f 3554/3554/2260 3555/3555/2260 3556/3556/2260
f 3557/3557/2261 3558/3558/2261 3559/3559/2261
f 3560/3560/2262 3561/3561/2262 3558/3558/2262
f 3556/3556/2263 3562/3562/2263 3526/3526/2263
f 3556/3556/2264 3563/3563/2264 3562/3562/2264
f 3562/3562/2265 3564/3564/2265 3527/3527/2265
f 3565/3565/2266 3566/3566/2266 3567/3567/2266
f 3567/3567/2267 3568/3568/2267 3569/3569/2267
f 3529/3529/2268 3538/3538/2268 3531/3531/2268
f 3547/3547/2269 3570/3570/2269 3571/3571/2269
f 3551/3551/2270 3572/3572/2270 3549/3549/2270
f 3573/3573/2271 3574/3574/2271 3549/3549/2271
f 3574/3574/2272 3552/3552/2272 3550/3550/2272
f 3572/3572/2273 3575/3575/2273 3576/3576/2273
f 3549/3549/2274 3576/3576/2274 3573/3573/2274
f 3532/3532/2275 3577/3577/2275 3533/3533/2275
f 3577/3577/2276 3578/3578/2276 3579/3579/2276
f 3580/3580/2277 3581/3581/2277 3564/3564/2277
f 3564/3564/2278 3565/3565/2278 3524/3524/2278
f 3576/3576/2279 3582/3582/2279 3583/3583/2279
f 3584/3584/2280 3585/3585/2280 3586/3586/2280
f 3548/3548/2281 3571/3571/2281 3587/3587/2281
f 3588/3588/2282 3589/3589/2282 3590/3590/2282
f 3591/3591/2283 3592/3592/2283 3593/3593/2283
f 3594/3594/2284 3559/3559/2284 3540/3540/2284
f 3557/3557/2285 3559/3559/2285 3594/3594/2285
f 3595/3595/2286 3596/3596/2286 3597/3597/2286
f 3596/3596/2287 3586/3586/2287 3598/3598/2287
f 3558/3558/2288 3599/3599/2288 3600/3600/2288
f 3536/3536/2289 3601/3601/2289 3534/3534/2289
f 3602/3602/2290 3570/3570/2290 3603/3603/2290
f 3553/3553/2291 3548/3548/2291 3587/3587/2291
f 3604/3604/2292 3605/3605/2292 3606/3606/2292
f 3601/3601/2293 3607/3607/2293 3528/3528/2293
f 3608/3608/2294 3546/3546/2294 3552/3552/2294
f 3535/3535/2295 3539/3539/2295 3609/3609/2295
f 3610/3610/2296 3611/3611/2296 3612/3612/2296
f 3613/3613/2297 3614/3614/2297 3615/3615/2297
f 3616/3616/2298 3617/3617/2298 3618/3618/2298
f 3619/3619/2299 3620/3620/2299 3621/3621/2299
f 3610/3610/2300 3612/3612/2300 3622/3622/2300
f 3593/3593/2301 3588/3588/2301 3623/3623/2301
f 3624/3624/2302 3625/3625/2302 3626/3626/2302
f 3627/3627/2303 3628/3628/2303 3624/3624/2303
f 3629/3629/2304 3630/3630/2304 3631/3631/2304
f 3632/3632/2305 3631/3631/2305 3633/3633/2305
f 3624/3624/2306 3634/3634/2306 3625/3625/2306
f 3635/3635/2307 3636/3636/2307 3637/3637/2307
f 3638/3638/2308 3639/3639/2308 3640/3640/2308
f 3639/3639/2309 3641/3641/2309 3640/3640/2309
f 3642/3642/2310 3643/3643/2310 3644/3644/2310
f 3645/3645/2311 3639/3639/2311 3638/3638/2311
f 3646/3646/2312 3647/3647/2312 3648/3648/2312
f 3649/3649/2313 3650/3650/2313 3651/3651/2313
f 3647/3647/2314 3652/3652/2314 3653/3653/2314
f 3654/3654/2315 3610/3610/2315 3655/3655/2315
f 3656/3656/2316 3655/3655/2316 3657/3657/2316
f 3612/3612/2317 3658/3658/2317 3659/3659/2317
f 3592/3592/2318 3660/3660/2318 3588/3588/2318
f 3589/3589/2319 3661/3661/2319 3662/3662/2319
f 3654/3654/2320 3663/3663/2320 3610/3610/2320
f 3611/3611/2321 3664/3664/2321 3658/3658/2321
f 3665/3665/2322 3666/3666/2322 3667/3667/2322
f 3668/3668/2323 3669/3669/2323 3614/3614/2323
f 3666/3666/2324 3613/3613/2324 3670/3670/2324
f 3671/3671/2325 3672/3672/2325 3673/3673/2325
f 3674/3674/2326 3675/3675/2326 3676/3676/2326
f 3677/3677/2327 3678/3678/2327 3671/3671/2327
f 3679/3679/2328 3680/3680/2328 3681/3681/2328
f 3682/3682/2329 3681/3681/2329 3683/3683/2329
f 3684/3684/2330 3685/3685/2330 3686/3686/2330
f 3687/3687/2331 3686/3686/2331 3688/3688/2331
f 3689/3689/2332 3690/3690/2332 3691/3691/2332
f 3692/3692/2333 3693/3693/2333 3656/3656/2333
f 3694/3694/2334 3695/3695/2334 3696/3696/2334
f 3691/3691/2335 3695/3695/2335 3694/3694/2335
f 3697/3697/2336 3698/3698/2336 3682/3682/2336
f 3698/3698/2337 3699/3699/2337 3679/3679/2337
f 3700/3700/2338 3701/3701/2338 3702/3702/2338
f 3703/3703/2339 3704/3704/2339 3705/3705/2339
f 3706/3706/2340 3690/3690/2340 3689/3689/2340
f 3707/3707/2341 3708/3708/2341 3709/3709/2341
f 3709/3709/2342 3710/3710/2342 3711/3711/2342
f 3712/3712/2343 3713/3713/2343 3714/3714/2343
f 3714/3714/2344 3707/3707/2344 3715/3715/2344
f 3693/3693/2345 3716/3716/2345 3656/3656/2345
f 3717/3717/2346 3718/3718/2346 3719/3719/2346
f 3720/3720/2347 3721/3721/2347 3717/3717/2347
f 3722/3722/2348 3723/3723/2348 3724/3724/2348
f 3725/3725/2349 3726/3726/2349 3727/3727/2349
f 3728/3728/2350 3729/3729/2350 3730/3730/2350
f 3728/3728/2351 3731/3731/2351 3732/3732/2351
f 3733/3733/2352 3734/3734/2352 3735/3735/2352
f 3735/3735/2353 3736/3736/2353 3737/3737/2353
f 3738/3738/2354 3739/3739/2354 3740/3740/2354
f 3741/3741/2355 3742/3742/2355 3743/3743/2355
f 3744/3744/2356 3742/3742/2356 3745/3745/2356
f 3746/3746/2357 3747/3747/2357 3748/3748/2357
f 3583/3583/2358 3749/3749/2358 3573/3573/2358
f 3749/3749/2359 3583/3583/2359 3750/3750/2359
f 3542/3542/2360 3751/3751/2360 3543/3543/2360
f 3752/3752/2361 3753/3753/2361 3605/3605/2361
f 3754/3754/2362 3755/3755/2362 3756/3756/2362
f 3756/3756/2363 3757/3757/2363 3725/3725/2363
f 3758/3758/2364 3759/3759/2364 3760/3760/2364
f 3597/3597/2365 3598/3598/2365 3761/3761/2365
f 3762/3762/2366 3763/3763/2366 3764/3764/2366
f 3765/3765/2367 3766/3766/2367 3767/3767/2367
f 3768/3768/2368 3769/3769/2368 3770/3770/2368
f 3769/3769/2369 3771/3771/2369 3772/3772/2369
f 3760/3760/2370 3759/3759/2370 3773/3773/2370
f 3737/3737/2371 3766/3766/2371 3774/3774/2371
f 3737/3737/2372 3775/3775/2372 3766/3766/2372
f 3776/3776/2373 3738/3738/2373 3772/3772/2373
f 3736/3736/2374 3775/3775/2374 3737/3737/2374
f 3736/3736/2375 3777/3777/2375 3775/3775/2375
f 3740/3740/2376 3778/3778/2376 3733/3733/2376
f 3734/3734/2377 3779/3779/2377 3736/3736/2377
f 3779/3779/2378 3777/3777/2378 3736/3736/2378
f 3779/3779/2379 3780/3780/2379 3777/3777/2379
f 3721/3721/2380 3781/3781/2380 3782/3782/2380
f 3783/3783/2381 3784/3784/2381 3785/3785/2381
f 3786/3786/2382 3787/3787/2382 3788/3788/2382
f 3586/3586/2383 3585/3585/2383 3789/3789/2383
f 3790/3790/2384 3596/3596/2384 3595/3595/2384
f 3772/3772/2385 3740/3740/2385 3770/3770/2385
f 3718/3718/2386 3721/3721/2386 3758/3758/2386
f 3579/3579/2387 3791/3791/2387 3792/3792/2387
f 3793/3793/2388 3712/3712/2388 3794/3794/2388
f 3795/3795/2389 3796/3796/2389 3561/3561/2389
f 3726/3726/2390 3757/3757/2390 3797/3797/2390
f 3798/3798/2391 3756/3756/2391 3799/3799/2391
f 3800/3800/2392 3801/3801/2392 3802/3802/2392
f 3803/3803/2393 3804/3804/2393 3805/3805/2393
f 3718/3718/2394 3758/3758/2394 3806/3806/2394
f 3807/3807/2395 3808/3808/2395 3809/3809/2395
f 3810/3810/2396 3727/3727/2396 3786/3786/2396
f 3811/3811/2397 3812/3812/2397 3813/3813/2397
f 3814/3814/2398 3815/3815/2398 3793/3793/2398
f 3579/3579/2399 3816/3816/2399 3791/3791/2399
f 3816/3816/2400 3817/3817/2400 3814/3814/2400
f 3702/3702/2401 3818/3818/2401 3819/3819/2401
f 3820/3820/2402 3821/3821/2402 3822/3822/2402
f 3823/3823/2403 3824/3824/2403 3825/3825/2403
f 3826/3826/2404 3827/3827/2404 3828/3828/2404
f 3656/3656/2405 3657/3657/2405 3829/3829/2405
f 3830/3830/2406 3831/3831/2406 3832/3832/2406
f 3830/3830/2407 3833/3833/2407 3831/3831/2407
f 3834/3834/2408 3835/3835/2408 3836/3836/2408
f 3561/3561/2409 3830/3830/2409 3837/3837/2409
f 3561/3561/2410 3837/3837/2410 3599/3599/2410
f 3838/3838/2411 3703/3703/2411 3839/3839/2411
f 3840/3840/2412 3841/3841/2412 3842/3842/2412
f 3840/3840/2413 3843/3843/2413 3841/3841/2413
f 3844/3844/2414 3688/3688/2414 3843/3843/2414
f 3845/3845/2415 3846/3846/2415 3771/3771/2415
f 3847/3847/2416 3848/3848/2416 3849/3849/2416
f 3850/3850/2417 3851/3851/2417 3570/3570/2417
f 3820/3820/2418 3852/3852/2418 3821/3821/2418
f 3852/3852/2419 3823/3823/2419 3821/3821/2419
f 3853/3853/2420 3854/3854/2420 3824/3824/2420
f 3855/3855/2421 3684/3684/2421 3687/3687/2421
f 3821/3821/2422 3825/3825/2422 3856/3856/2422
f 3857/3857/2423 3858/3858/2423 3844/3844/2423
f 3859/3859/2424 3860/3860/2424 3585/3585/2424
f 3861/3861/2425 3862/3862/2425 3812/3812/2425
f 3863/3863/2426 3811/3811/2426 3864/3864/2426
f 3860/3860/2427 3840/3840/2427 3865/3865/2427
f 3866/3866/2428 3867/3867/2428 3854/3854/2428
f 3851/3851/2429 3849/3849/2429 3603/3603/2429
f 3848/3848/2430 3864/3864/2430 3868/3868/2430
f 3858/3858/2431 3687/3687/2431 3844/3844/2431
f 3798/3798/2432 3869/3869/2432 3870/3870/2432
f 3679/3679/2433 3700/3700/2433 3680/3680/2433
f 3871/3871/2434 3872/3872/2434 3689/3689/2434
f 3569/3569/2435 3568/3568/2435 3871/3871/2435
f 3852/3852/2436 3853/3853/2436 3823/3823/2436
f 3873/3873/2437 3689/3689/2437 3874/3874/2437
f 3569/3569/2438 3871/3871/2438 3875/3875/2438
f 3568/3568/2439 3876/3876/2439 3871/3871/2439
f 3872/3872/2440 3706/3706/2440 3689/3689/2440
f 3798/3798/2441 3870/3870/2441 3754/3754/2441
f 3877/3877/2442 3878/3878/2442 3879/3879/2442
f 3771/3771/2443 3846/3846/2443 3877/3877/2443
f 3879/3879/2444 3880/3880/2444 3881/3881/2444
f 3881/3881/2445 3838/3838/2445 3882/3882/2445
f 3883/3883/2446 3884/3884/2446 3885/3885/2446
f 3886/3886/2447 3887/3887/2447 3888/3888/2447
f 3745/3745/2448 3889/3889/2448 3744/3744/2448
f 3726/3726/2449 3884/3884/2449 3890/3890/2449
f 3891/3891/2450 3741/3741/2450 3892/3892/2450
f 3893/3893/2451 3775/3775/2451 3777/3777/2451
f 3894/3894/2452 3895/3895/2452 3896/3896/2452
f 3886/3886/2453 3897/3897/2453 3752/3752/2453
f 3898/3898/2454 3899/3899/2454 3900/3900/2454
f 3901/3901/2455 3902/3902/2455 3903/3903/2455
f 3904/3904/2456 3905/3905/2456 3906/3906/2456
f 3904/3904/2457 3906/3906/2457 3907/3907/2457
f 3908/3908/2458 3909/3909/2458 3910/3910/2458
f 3908/3908/2459 3911/3911/2459 3909/3909/2459
f 3909/3909/2460 3911/3911/2460 3912/3912/2460
f 3913/3913/2461 3908/3908/2461 3910/3910/2461
f 3914/3914/2462 3915/3915/2462 3916/3916/2462
f 3917/3917/2463 3918/3918/2463 3919/3919/2463
f 3920/3920/2464 3921/3921/2464 3922/3922/2464
f 3923/3923/2465 3619/3619/2465 3924/3924/2465
f 3925/3925/2466 3926/3926/2466 3899/3899/2466
f 3678/3678/2467 3903/3903/2467 3672/3672/2467
f 3662/3662/2468 3927/3927/2468 3928/3928/2468
f 3927/3927/2469 3929/3929/2469 3928/3928/2469
f 3930/3930/2470 3904/3904/2470 3931/3931/2470
f 3932/3932/2471 3912/3912/2471 3933/3933/2471
f 3934/3934/2472 3910/3910/2472 3935/3935/2472
f 3916/3916/2473 3915/3915/2473 3936/3936/2473
f 3937/3937/2474 3916/3916/2474 3938/3938/2474
f 3910/3910/2475 3909/3909/2475 3932/3932/2475
f 3939/3939/2476 3619/3619/2476 3923/3923/2476
f 3940/3940/2477 3650/3650/2477 3649/3649/2477
f 3941/3941/2478 3902/3902/2478 3942/3942/2478
f 3927/3927/2479 3943/3943/2479 3929/3929/2479
f 3924/3924/2480 3621/3621/2480 3944/3944/2480
f 3669/3669/2481 3923/3923/2481 3945/3945/2481
f 3946/3946/2482 3947/3947/2482 3647/3647/2482
f 3940/3940/2483 3948/3948/2483 3650/3650/2483
f 3947/3947/2484 3940/3940/2484 3652/3652/2484
f 3658/3658/2485 3925/3925/2485 3898/3898/2485
f 3899/3899/2486 3949/3949/2486 3950/3950/2486
f 3902/3902/2487 3951/3951/2487 3920/3920/2487
f 3952/3952/2488 3650/3650/2488 3948/3948/2488
f 3953/3953/2489 3954/3954/2489 3955/3955/2489
f 3956/3956/2490 3957/3957/2490 3958/3958/2490
f 3959/3959/2491 3960/3960/2491 3958/3958/2491
f 3955/3955/2492 3954/3954/2492 3961/3961/2492
f 3958/3958/2493 3960/3960/2493 3962/3962/2493
f 3963/3963/2494 3958/3958/2494 3962/3962/2494
f 3957/3957/2495 3964/3964/2495 3959/3959/2495
f 3953/3953/2496 3965/3965/2496 3966/3966/2496
f 3960/3960/2497 3967/3967/2497 3968/3968/2497
f 3969/3969/2498 3957/3957/2498 3956/3956/2498
f 3970/3970/2499 3971/3971/2499 3972/3972/2499
f 3973/3973/2500 3970/3970/2500 3974/3974/2500
f 3975/3975/2501 3976/3976/2501 3967/3967/2501
f 3966/3966/2502 3977/3977/2502 3978/3978/2502
f 3966/3966/2503 3978/3978/2503 3954/3954/2503
f 3979/3979/2504 3967/3967/2504 3980/3980/2504
f 3972/3972/2505 3981/3981/2505 3982/3982/2505
f 3983/3983/2506 3984/3984/2506 3981/3981/2506
f 3981/3981/2507 3985/3985/2507 3986/3986/2507
f 3977/3977/2508 3987/3987/2508 3988/3988/2508
f 3985/3985/2509 3989/3989/2509 3990/3990/2509
f 3977/3977/2510 3988/3988/2510 3978/3978/2510
f 3991/3991/2511 3992/3992/2511 3993/3993/2511
f 3992/3992/2512 3991/3991/2512 3971/3971/2512
f 3994/3994/2513 3995/3995/2513 3996/3996/2513
f 3997/3997/2514 3994/3994/2514 3996/3996/2514
f 3998/3998/2515 3999/3999/2515 3989/3989/2515
f 4000/4000/2516 4001/4001/2516 4002/4002/2516
f 4003/4003/2517 4004/4004/2517 3995/3995/2517
f 3985/3985/2518 3984/3984/2518 3998/3998/2518
f 3984/3984/2519 4005/4005/2519 3998/3998/2519
f 4005/4005/2520 3999/3999/2520 3998/3998/2520
f 4000/4000/2521 4006/4006/2521 4001/4001/2521
f 3991/3991/2522 4000/4000/2522 4007/4007/2522
f 3988/3988/2523 3987/3987/2523 4008/4008/2523
f 3999/3999/2524 4009/4009/2524 4010/4010/2524
f 4011/4011/2525 4012/4012/2525 4013/4013/2525
f 4006/4006/2526 4014/4014/2526 4002/4002/2526
f 3987/3987/2527 4015/4015/2527 4008/4008/2527
f 4003/4003/2528 4016/4016/2528 4004/4004/2528
f 4017/4017/2529 4018/4018/2529 4004/4004/2529
f 4011/4011/2530 4019/4019/2530 4020/4020/2530
f 4021/4021/2531 4022/4022/2531 4023/4023/2531
f 3995/3995/2532 4004/4004/2532 4024/4024/2532
f 4025/4025/2533 4022/4022/2533 4026/4026/2533
f 4018/4018/2534 4027/4027/2534 4024/4024/2534
f 4012/4012/2535 4020/4020/2535 4028/4028/2535
f 4026/4026/2536 4029/4029/2536 4019/4019/2536
f 4022/4022/2537 4029/4029/2537 4026/4026/2537
f 4029/4029/2538 4030/4030/2538 4031/4031/2538
f 4020/4020/2539 4029/4029/2539 4031/4031/2539
f 4032/4032/2540 4033/4033/2540 4018/4018/2540
f 4020/4020/2541 4031/4031/2541 4034/4034/2541
f 4035/4035/2542 4036/4036/2542 4033/4033/2542
f 4037/4037/2543 4038/4038/2543 4030/4030/2543
f 4036/4036/2544 4039/4039/2544 4027/4027/2544
f 4030/4030/2545 4040/4040/2545 4031/4031/2545
f 4027/4027/2546 4041/4041/2546 4042/4042/2546
f 4032/4032/2547 4043/4043/2547 4035/4035/2547
f 4034/4034/2548 4044/4044/2548 4045/4045/2548
f 4044/4044/2549 4046/4046/2549 4045/4045/2549
f 4047/4047/2550 4048/4048/2550 4035/4035/2550
f 4044/4044/2551 4040/4040/2551 4049/4049/2551
f 4027/4027/2552 4039/4039/2552 4041/4041/2552
f 4050/4050/2553 4051/4051/2553 4052/4052/2553
f 4051/4051/2554 4053/4053/2554 4052/4052/2554
f 4040/4040/2555 4054/4054/2555 4049/4049/2555
f 4055/4055/2556 4056/4056/2556 4057/4057/2556
f 4048/4048/2557 4058/4058/2557 4036/4036/2557
f 4051/4051/2558 4059/4059/2558 4060/4060/2558
f 4061/4061/2559 4062/4062/2559 4038/4038/2559
f 4063/4063/2560 4064/4064/2560 4059/4059/2560
f 4038/4038/2561 4054/4054/2561 4040/4040/2561
f 4065/4065/2562 4066/4066/2562 4067/4067/2562
f 4060/4060/2563 4068/4068/2563 4053/4053/2563
f 4064/4064/2564 4069/4069/2564 4070/4070/2564
f 4039/4039/2565 4071/4071/2565 4041/4041/2565
f 4053/4053/2566 4072/4072/2566 4073/4073/2566
f 4064/4064/2567 4070/4070/2567 4059/4059/2567
f 4056/4056/2568 4066/4066/2568 4057/4057/2568
f 4074/4074/2569 4073/4073/2569 4075/4075/2569
f 4074/4074/2570 4053/4053/2570 4073/4073/2570
f 4060/4060/2571 4070/4070/2571 4068/4068/2571
f 4066/4066/2572 4076/4076/2572 4077/4077/2572
f 4073/4073/2573 4078/4078/2573 4079/4079/2573
f 4080/4080/2574 4081/4081/2574 4079/4079/2574
f 4070/4070/2575 4082/4082/2575 4068/4068/2575
f 4082/4082/2576 4083/4083/2576 4084/4084/2576
f 4066/4066/2577 4085/4085/2577 4067/4067/2577
f 4082/4082/2578 4084/4084/2578 4080/4080/2578
f 4085/4085/2579 4086/4086/2579 4087/4087/2579
f 4086/4086/2580 4085/4085/2580 4088/4088/2580
f 4072/4072/2581 4080/4080/2581 4078/4078/2581
f 4069/4069/2582 4089/4089/2582 4070/4070/2582
f 4089/4089/2583 4090/4090/2583 4083/4083/2583
f 4088/4088/2584 4091/4091/2584 4092/4092/2584
f 4080/4080/2585 4084/4084/2585 4093/4093/2585
f 4094/4094/2586 4092/4092/2586 4095/4095/2586
f 4080/4080/2587 4093/4093/2587 4081/4081/2587
f 4096/4096/2588 4097/4097/2588 4098/4098/2588
f 4083/4083/2589 4099/4099/2589 4084/4084/2589
f 4077/4077/2590 4100/4100/2590 4085/4085/2590
f 4101/4101/2591 4098/4098/2591 4102/4102/2591
f 4098/4098/2592 4103/4103/2592 4102/4102/2592
f 4084/4084/2593 4099/4099/2593 4093/4093/2593
f 4104/4104/2594 4105/4105/2594 4096/4096/2594
f 4103/4103/2595 3979/3979/2595 4102/4102/2595
f 3962/3962/2596 3968/3968/2596 4103/4103/2596
f 4091/4091/2597 3955/3955/2597 4092/4092/2597
f 4106/4106/2598 4107/4107/2598 4071/4071/2598
f 4097/4097/2599 3956/3956/2599 3963/3963/2599
f 4108/4108/2600 3969/3969/2600 4105/4105/2600
f 4071/4071/2601 4107/4107/2601 4109/4109/2601
f 4076/4076/2602 3965/3965/2602 3953/3953/2602
f 4076/4076/2603 3953/3953/2603 4100/4100/2603
f 4097/4097/2604 3963/3963/2604 3962/3962/2604
f 4110/4110/2605 4111/4111/2605 4112/4112/2605
f 4113/4113/2606 4114/4114/2606 4115/4115/2606
f 4116/4116/2607 4115/4115/2607 4117/4117/2607
f 4118/4118/2608 4112/4112/2608 4119/4119/2608
f 4120/4120/2609 4115/4115/2609 4121/4121/2609
f 4121/4121/2610 4115/4115/2610 4116/4116/2610
f 4114/4114/2611 4122/4122/2611 4117/4117/2611
f 4117/4117/2612 4122/4122/2612 4123/4123/2612
f 4124/4124/2613 4125/4125/2613 4126/4126/2613
f 4127/4127/2614 4118/4118/2614 4128/4128/2614
f 4125/4125/2615 4129/4129/2615 4130/4130/2615
f 4131/4131/2616 4132/4132/2616 4133/4133/2616
f 4134/4134/2617 4135/4135/2617 4136/4136/2617
f 4131/4131/2618 4110/4110/2618 4118/4118/2618
f 4137/4137/2619 4138/4138/2619 4139/4139/2619
f 4140/4140/2620 4141/4141/2620 4142/4142/2620
f 4143/4143/2621 4144/4144/2621 4145/4145/2621
f 4124/4124/2622 4137/4137/2622 4125/4125/2622
f 4139/4139/2623 4146/4146/2623 4140/4140/2623
f 4147/4147/2624 4133/4133/2624 4132/4132/2624
f 4144/4144/2625 4148/4148/2625 4149/4149/2625
f 4150/4150/2626 4151/4151/2626 4152/4152/2626
f 4153/4153/2627 4146/4146/2627 4138/4138/2627
f 4154/4154/2628 4155/4155/2628 4147/4147/2628
f 4156/4156/2629 4141/4141/2629 4140/4140/2629
f 4157/4157/2630 4158/4158/2630 4144/4144/2630
f 4144/4144/2631 4158/4158/2631 4148/4148/2631
f 4137/4137/2632 4151/4151/2632 4138/4138/2632
f 4153/4153/2633 4159/4159/2633 4156/4156/2633
f 4156/4156/2634 4140/4140/2634 4146/4146/2634
f 4147/4147/2635 4160/4160/2635 4161/4161/2635
f 4161/4161/2636 4160/4160/2636 4162/4162/2636
f 4163/4163/2637 4164/4164/2637 4150/4150/2637
f 4165/4165/2638 4166/4166/2638 4167/4167/2638
f 4168/4168/2639 4160/4160/2639 4155/4155/2639
f 4169/4169/2640 4170/4170/2640 4165/4165/2640
f 4171/4171/2641 4172/4172/2641 4173/4173/2641
f 4171/4171/2642 4174/4174/2642 4172/4172/2642
f 4151/4151/2643 4164/4164/2643 4175/4175/2643
f 4176/4176/2644 4177/4177/2644 4157/4157/2644
f 4157/4157/2645 4177/4177/2645 4158/4158/2645
f 4178/4178/2646 4171/4171/2646 4166/4166/2646
f 4176/4176/2647 4179/4179/2647 4177/4177/2647
f 4180/4180/2648 4181/4181/2648 4182/4182/2648
f 4183/4183/2649 4184/4184/2649 4185/4185/2649
f 4186/4186/2650 4176/4176/2650 4187/4187/2650
f 4174/4174/2651 4188/4188/2651 4189/4189/2651
f 4190/4190/2652 4191/4191/2652 4174/4174/2652
f 4191/4191/2653 4192/4192/2653 4188/4188/2653
f 4193/4193/2654 4194/4194/2654 4195/4195/2654
f 4196/4196/2655 4197/4197/2655 4183/4183/2655
f 4196/4196/2656 4198/4198/2656 4197/4197/2656
f 4199/4199/2657 4191/4191/2657 4190/4190/2657
f 4197/4197/2658 4190/4190/2658 4178/4178/2658
f 4199/4199/2659 4190/4190/2659 4197/4197/2659
f 4199/4199/2660 4200/4200/2660 4191/4191/2660
f 4186/4186/2661 4201/4201/2661 4176/4176/2661
f 4176/4176/2662 4201/4201/2662 4179/4179/2662
f 4195/4195/2663 4194/4194/2663 4202/4202/2663
f 4197/4197/2664 4178/4178/2664 4203/4203/2664
f 4186/4186/2665 4204/4204/2665 4201/4201/2665
f 4193/4193/2666 4205/4205/2666 4194/4194/2666
f 4206/4206/2667 4207/4207/2667 4208/4208/2667
f 4209/4209/2668 4210/4210/2668 4211/4211/2668
f 4212/4212/2669 4192/4192/2669 4191/4191/2669
f 4213/4213/2670 4200/4200/2670 4199/4199/2670
f 4214/4214/2671 4215/4215/2671 4216/4216/2671
f 4214/4214/2672 4217/4217/2672 4215/4215/2672
f 4204/4204/2673 4218/4218/2673 4219/4219/2673
f 4207/4207/2674 4220/4220/2674 4210/4210/2674
f 4221/4221/2675 4222/4222/2675 4211/4211/2675
f 4223/4223/2676 4218/4218/2676 4204/4204/2676
f 4206/4206/2677 4224/4224/2677 4207/4207/2677
f 4210/4210/2678 4225/4225/2678 4221/4221/2678
f 4221/4221/2679 4211/4211/2679 4210/4210/2679
f 4217/4217/2680 4226/4226/2680 4215/4215/2680
f 4226/4226/2681 4162/4162/2681 4215/4215/2681
f 4227/4227/2682 4224/4224/2682 4206/4206/2682
f 4228/4228/2683 4226/4226/2683 4217/4217/2683
f 4229/4229/2684 4230/4230/2684 4231/4231/2684
f 4232/4232/2685 4233/4233/2685 4234/4234/2685
f 4218/4218/2686 4235/4235/2686 4236/4236/2686
f 4233/4233/2687 4237/4237/2687 4238/4238/2687
f 4239/4239/2688 4240/4240/2688 4223/4223/2688
f 4223/4223/2689 4240/4240/2689 4218/4218/2689
f 4241/4241/2690 4232/4232/2690 4230/4230/2690
f 4230/4230/2691 4232/4232/2691 4234/4234/2691
f 4233/4233/2692 4238/4238/2692 4225/4225/2692
f 4242/4242/2693 4243/4243/2693 4244/4244/2693
f 4245/4245/2694 4246/4246/2694 4247/4247/2694
f 4239/4239/2695 4248/4248/2695 4240/4240/2695
f 4249/4249/2696 4250/4250/2696 4251/4251/2696
f 4252/4252/2697 4253/4253/2697 4237/4237/2697
f 4254/4254/2698 4251/4251/2698 4246/4246/2698
f 4254/4254/2699 4249/4249/2699 4251/4251/2699
f 4252/4252/2700 4233/4233/2700 4232/4232/2700
f 4255/4255/2701 4228/4228/2701 4244/4244/2701
f 4249/4249/2702 4256/4256/2702 4250/4250/2702
f 4241/4241/2703 4252/4252/2703 4232/4232/2703
f 4112/4112/2704 4255/4255/2704 4243/4243/2704
f 4245/4245/2705 4121/4121/2705 4254/4254/2705
f 4249/4249/2706 4257/4257/2706 4258/4258/2706
f 4117/4117/2707 4123/4123/2707 4257/4257/2707
f 4254/4254/2708 4257/4257/2708 4249/4249/2708
f 4259/4259/2709 4119/4119/2709 4243/4243/2709
f 4255/4255/2710 4111/4111/2710 4260/4260/2710
f 4121/4121/2711 4257/4257/2711 4254/4254/2711
f 4123/4123/2712 4261/4261/2712 4258/4258/2712
f 4262/4262/2713 43/43/2713 44/44/2713
f 44/44/2713 4263/4263/2713 4262/4262/2713
f 2/2/2714 37/37/2714 39/39/2714
f 4264/4264/2715 4262/4262/2715 4263/4263/2715
f 4263/4263/2715 4265/4265/2715 4264/4264/2715
f 4266/4266/2716 4267/4267/2716 4262/4262/2716
f 4262/4262/2716 4264/4264/2716 4266/4266/2716
f 4268/4268/2717 4269/4269/2717 12/12/2717
f 12/12/2717 11/11/2717 4268/4268/2717
f 12/12/2718 4/4/2718 6/6/2718
f 4269/4269/2719 7/7/2719 4/4/2719
f 4/4/2719 12/12/2719 4269/4269/2719
f 13/13/2720 12/12/2720 6/6/2720
f 6/6/2720 9/9/2720 13/13/2720
f 4/4/2721 8/8/2721 5/5/2721
f 20/20/2722 19/19/2722 14/14/2722
f 14/14/2722 17/17/2722 20/20/2722
f 4270/4270/2723 4271/4271/2723 4272/4272/2723
f 4272/4272/2723 4273/4273/2723 4270/4270/2723
f 4273/4273/2724 2197/2197/2724 2198/2198/2724
f 2198/2198/2724 4274/4274/2724 4273/4273/2724
f 4273/4273/2725 4272/4272/2725 2197/2197/2725
f 4269/4269/2726 4268/4268/2726 4275/4275/2726
f 4275/4275/2726 19/19/2726 4269/4269/2726
f 17/17/2727 14/14/2727 16/16/2727
f 7/7/2728 4269/4269/2728 19/19/2728
f 35/35/2729 135/135/2729 28/28/2729
f 28/28/2729 4276/4276/2729 35/35/2729
f 4270/4270/2730 2204/2204/2730 4271/4271/2730
f 21/21/2731 4277/4277/2731 4278/4278/2731
f 21/21/2732 4278/4278/2732 22/22/2732
f 21/21/2733 384/384/2733 4277/4277/2733
f 22/22/2734 4278/4278/2734 36/36/2734
f 34/34/2735 36/36/2735 4279/4279/2735
f 4279/4279/2735 62/62/2735 34/34/2735
f 134/134/2736 26/26/2736 28/28/2736
f 29/29/2737 27/27/2737 75/75/2737
f 32/32/2738 31/31/2738 1/1/2738
f 23/23/2739 22/22/2739 33/33/2739
f 4280/4280/2740 41/41/2740 43/43/2740
f 43/43/2740 4281/4281/2740 4280/4280/2740
f 35/35/2741 34/34/2741 62/62/2741
f 24/24/2742 46/46/2742 48/48/2742
f 48/48/2742 4282/4282/2742 24/24/2742
f 40/40/2743 100/100/2743 38/38/2743
f 41/41/2744 97/97/2744 42/42/2744
f 24/24/2745 45/45/2745 46/46/2745
f 49/49/2746 24/24/2746 4282/4282/2746
f 4282/4282/2746 2214/2214/2746 49/49/2746
f 2195/2195/2747 2190/2190/2747 51/51/2747
f 51/51/2747 50/50/2747 2195/2195/2747
f 2195/2195/2748 53/53/2748 55/55/2748
f 55/55/2748 2190/2190/2748 2195/2195/2748
f 54/54/2749 61/61/2749 56/56/2749
f 62/62/2750 54/54/2750 53/53/2750
f 53/53/2750 134/134/2750 62/62/2750
f 65/65/2751 64/64/2751 69/69/2751
f 69/69/2751 40/40/2751 65/65/2751
f 134/134/2752 53/53/2752 2195/2195/2752
f 4279/4279/2753 61/61/2753 62/62/2753
f 64/64/2754 67/67/2754 68/68/2754
f 33/33/2755 35/35/2755 4276/4276/2755
f 4276/4276/2755 45/45/2755 33/33/2755
f 74/74/2756 73/73/2756 1311/1311/2756
f 45/45/2757 4276/4276/2757 29/29/2757
f 23/23/2758 33/33/2758 45/45/2758
f 46/46/2759 29/29/2759 76/76/2759
f 76/76/2759 47/47/2759 46/46/2759
f 4276/4276/2760 28/28/2760 29/29/2760
f 82/82/2761 140/140/2761 146/146/2761
f 146/146/2761 85/85/2761 82/82/2761
f 79/79/2762 18/18/2762 77/77/2762
f 83/83/2763 82/82/2763 85/85/2763
f 89/89/2764 4283/4283/2764 4284/4284/2764
f 4284/4284/2764 91/91/2764 89/89/2764
f 85/85/2765 146/146/2765 86/86/2765
f 82/82/2766 4285/4285/2766 140/140/2766
f 4285/4285/2767 4286/4286/2767 140/140/2767
f 90/90/2768 89/89/2768 91/91/2768
f 4283/4283/2769 4287/4287/2769 4288/4288/2769
f 4288/4288/2769 4284/4284/2769 4283/4283/2769
f 93/93/2770 88/88/2770 90/90/2770
f 94/94/2771 90/90/2771 92/92/2771
f 92/92/2771 1308/1308/2771 94/94/2771
f 103/103/2772 102/102/2772 58/58/2772
f 58/58/2772 57/57/2772 103/103/2772
f 4289/4289/2773 95/95/2773 30/30/2773
f 180/180/2774 196/196/2774 98/98/2774
f 96/96/2775 194/194/2775 97/97/2775
f 107/107/2776 110/110/2776 130/130/2776
f 130/130/2776 127/127/2776 107/107/2776
f 4290/4290/2777 152/152/2777 107/107/2777
f 152/152/2778 105/105/2778 107/107/2778
f 107/107/2779 106/106/2779 110/110/2779
f 4291/4291/2780 4290/4290/2780 107/107/2780
f 107/107/2780 4292/4292/2780 4291/4291/2780
f 104/104/2781 4293/4293/2781 2170/2170/2781
f 2170/2170/2781 109/109/2781 104/104/2781
f 1287/1287/2782 108/108/2782 106/106/2782
f 109/109/2783 58/58/2783 104/104/2783
f 110/110/2784 109/109/2784 2170/2170/2784
f 2170/2170/2784 1304/1304/2784 110/110/2784
f 83/83/2785 112/112/2785 213/213/2785
f 213/213/2785 4294/4294/2785 83/83/2785
f 4295/4295/2786 116/116/2786 114/114/2786
f 114/114/2786 113/113/2786 4295/4295/2786
f 83/83/2787 4294/4294/2787 84/84/2787
f 121/121/2788 118/118/2788 120/120/2788
f 117/117/2789 1307/1307/2789 4296/4296/2789
f 4296/4296/2789 114/114/2789 117/117/2789
f 4297/4297/2790 4298/4298/2790 4299/4299/2790
f 120/120/2791 119/119/2791 4300/4300/2791
f 4300/4300/2791 2126/2126/2791 120/120/2791
f 16/16/2792 57/57/2792 59/59/2792
f 59/59/2792 18/18/2792 16/16/2792
f 128/128/2793 127/127/2793 126/126/2793
f 56/56/2794 4301/4301/2794 222/222/2794
f 125/125/2795 4302/4302/2795 126/126/2795
f 1267/1267/2796 1270/1270/2796 2162/2162/2796
f 2162/2162/2797 1270/1270/2797 2130/2130/2797
f 2162/2162/2798 2130/2130/2798 4303/4303/2798
f 132/132/2799 4304/4304/2799 133/133/2799
f 4305/4305/2800 4306/4306/2800 4279/4279/2800
f 15/15/2801 103/103/2801 57/57/2801
f 57/57/2801 16/16/2801 15/15/2801
f 147/147/2802 2099/2099/2802 2098/2098/2802
f 2098/2098/2802 148/148/2802 147/147/2802
f 15/15/2803 4307/4307/2803 139/139/2803
f 139/139/2804 101/101/2804 103/103/2804
f 18/18/2805 59/59/2805 77/77/2805
f 140/140/2806 144/144/2806 141/141/2806
f 4286/4286/2807 143/143/2807 140/140/2807
f 143/143/2808 4308/4308/2808 144/144/2808
f 141/141/2809 145/145/2809 142/142/2809
f 4306/4306/2810 4309/4309/2810 61/61/2810
f 61/61/2810 4279/4279/2810 4306/4306/2810
f 136/136/2811 105/105/2811 152/152/2811
f 78/78/2812 77/77/2812 60/60/2812
f 60/60/2812 108/108/2812 78/78/2812
f 137/137/2813 152/152/2813 4290/4290/2813
f 4310/4310/2814 2205/2205/2814 144/144/2814
f 144/144/2814 4308/4308/2814 4310/4310/2814
f 108/108/2815 60/60/2815 109/109/2815
f 154/154/2816 160/160/2816 155/155/2816
f 2205/2205/2817 154/154/2817 156/156/2817
f 156/156/2817 144/144/2817 2205/2205/2817
f 159/159/2818 158/158/2818 4311/4311/2818
f 4311/4311/2818 4312/4312/2818 159/159/2818
f 4313/4313/2819 71/71/2819 74/74/2819
f 74/74/2819 4314/4314/2819 4313/4313/2819
f 184/184/2820 157/157/2820 159/159/2820
f 157/157/2821 4315/4315/2821 158/158/2821
f 4313/4313/2822 72/72/2822 71/71/2822
f 2206/2206/2823 184/184/2823 159/159/2823
f 159/159/2823 161/161/2823 2206/2206/2823
f 156/156/2824 155/155/2824 145/145/2824
f 144/144/2825 156/156/2825 141/141/2825
f 160/160/2826 2206/2206/2826 161/161/2826
f 164/164/2827 163/163/2827 1278/1278/2827
f 1278/1278/2827 169/169/2827 164/164/2827
f 161/161/2828 159/159/2828 4312/4312/2828
f 66/66/2829 161/161/2829 67/67/2829
f 173/173/2830 1277/1277/2830 136/136/2830
f 136/136/2830 174/174/2830 173/173/2830
f 162/162/2831 167/167/2831 163/163/2831
f 163/163/2832 168/168/2832 1278/1278/2832
f 165/165/2833 162/162/2833 164/164/2833
f 81/81/2834 172/172/2834 79/79/2834
f 175/175/2835 169/169/2835 174/174/2835
f 170/170/2836 169/169/2836 175/175/2836
f 169/169/2837 1278/1278/2837 173/173/2837
f 171/171/2838 17/17/2838 18/18/2838
f 18/18/2838 79/79/2838 171/171/2838
f 174/174/2839 136/136/2839 138/138/2839
f 170/170/2840 175/175/2840 138/138/2840
f 171/171/2841 20/20/2841 17/17/2841
f 166/166/2842 4316/4316/2842 177/177/2842
f 177/177/2842 162/162/2842 166/166/2842
f 167/167/2843 162/162/2843 178/178/2843
f 4317/4317/2844 4318/4318/2844 4319/4319/2844
f 4319/4319/2844 177/177/2844 4317/4317/2844
f 177/177/2845 4316/4316/2845 4317/4317/2845
f 161/161/2846 4312/4312/2846 4320/4320/2846
f 4320/4320/2846 68/68/2846 161/161/2846
f 178/178/2847 177/177/2847 4319/4319/2847
f 67/67/2848 161/161/2848 68/68/2848
f 4321/4321/2849 181/181/2849 183/183/2849
f 183/183/2849 185/185/2849 4321/4321/2849
f 68/68/2850 4320/4320/2850 179/179/2850
f 155/155/2851 160/160/2851 63/63/2851
f 183/183/2852 4322/4322/2852 184/184/2852
f 183/183/2853 182/182/2853 4322/4322/2853
f 182/182/2854 4323/4323/2854 4324/4324/2854
f 4324/4324/2854 4322/4322/2854 182/182/2854
f 88/88/2855 4325/4325/2855 4326/4326/2855
f 4326/4326/2855 189/189/2855 88/88/2855
f 189/189/2856 4326/4326/2856 186/186/2856
f 186/186/2856 4327/4327/2856 189/189/2856
f 4328/4328/2857 2202/2202/2857 4325/4325/2857
f 4325/4325/2857 88/88/2857 4328/4328/2857
f 93/93/2858 4328/4328/2858 88/88/2858
f 4327/4327/2859 186/186/2859 188/188/2859
f 188/188/2859 247/247/2859 4327/4327/2859
f 2202/2202/2860 4329/4329/2860 4325/4325/2860
f 4283/4283/2861 4327/4327/2861 247/247/2861
f 247/247/2861 4287/4287/2861 4283/4283/2861
f 89/89/2862 189/189/2862 4327/4327/2862
f 4327/4327/2862 4283/4283/2862 89/89/2862
f 1264/1264/2863 4330/4330/2863 4331/4331/2863
f 4331/4331/2863 208/208/2863 1264/1264/2863
f 190/190/2864 4332/4332/2864 191/191/2864
f 293/293/2865 208/208/2865 4331/4331/2865
f 4331/4331/2865 4333/4333/2865 293/293/2865
f 192/192/2866 191/191/2866 180/180/2866
f 202/202/2867 4334/4334/2867 4335/4335/2867
f 4336/4336/2868 4337/4337/2868 4338/4338/2868
f 293/293/2869 200/200/2869 208/208/2869
f 208/208/2870 207/207/2870 1264/1264/2870
f 257/257/2871 265/265/2871 267/267/2871
f 267/267/2871 220/220/2871 257/257/2871
f 293/293/2872 4339/4339/2872 200/200/2872
f 4339/4339/2873 201/201/2873 200/200/2873
f 209/209/2874 210/210/2874 112/112/2874
f 210/210/2875 4340/4340/2875 211/211/2875
f 112/112/2876 211/211/2876 212/212/2876
f 214/214/2877 4341/4341/2877 215/215/2877
f 219/219/2878 257/257/2878 220/220/2878
f 216/216/2879 215/215/2879 218/218/2879
f 218/218/2879 314/314/2879 216/216/2879
f 4288/4288/2880 4342/4342/2880 231/231/2880
f 231/231/2880 4343/4343/2880 4288/4288/2880
f 55/55/2881 56/56/2881 222/222/2881
f 223/223/2882 222/222/2882 224/224/2882
f 2190/2190/2883 55/55/2883 223/223/2883
f 227/227/2884 4344/4344/2884 216/216/2884
f 227/227/2885 216/216/2885 228/228/2885
f 228/228/2886 216/216/2886 314/314/2886
f 314/314/2886 497/497/2886 228/228/2886
f 4342/4342/2887 230/230/2887 231/231/2887
f 245/245/2888 236/236/2888 232/232/2888
f 232/232/2888 4345/4345/2888 245/245/2888
f 229/229/2889 228/228/2889 497/497/2889
f 2210/2210/2890 227/227/2890 229/229/2890
f 232/232/2891 237/237/2891 233/233/2891
f 237/237/2892 243/243/2892 1265/1265/2892
f 1265/1265/2892 233/233/2892 237/237/2892
f 233/233/2893 1265/1265/2893 301/301/2893
f 301/301/2893 303/303/2893 233/233/2893
f 4319/4319/2894 4318/4318/2894 4346/4346/2894
f 4346/4346/2894 239/239/2894 4319/4319/2894
f 235/235/2895 233/233/2895 303/303/2895
f 4345/4345/2896 232/232/2896 234/234/2896
f 167/167/2897 178/178/2897 239/239/2897
f 178/178/2898 4319/4319/2898 239/239/2898
f 4347/4347/2899 4348/4348/2899 4349/4349/2899
f 4349/4349/2899 239/239/2899 4347/4347/2899
f 4346/4346/2900 4347/4347/2900 239/239/2900
f 246/246/2901 241/241/2901 236/236/2901
f 236/236/2901 244/244/2901 246/246/2901
f 239/239/2902 4349/4349/2902 290/290/2902
f 239/239/2903 290/290/2903 240/240/2903
f 241/241/2904 5/5/2904 242/242/2904
f 10/10/2905 6/6/2905 241/241/2905
f 236/236/2906 242/242/2906 237/237/2906
f 248/248/2907 188/188/2907 4350/4350/2907
f 4350/4350/2907 249/249/2907 248/248/2907
f 4350/4350/2908 4351/4351/2908 250/250/2908
f 250/250/2908 249/249/2908 4350/4350/2908
f 4287/4287/2909 247/247/2909 248/248/2909
f 248/248/2909 4352/4352/2909 4287/4287/2909
f 4351/4351/2910 4353/4353/2910 273/273/2910
f 273/273/2910 250/250/2910 4351/4351/2910
f 188/188/2911 187/187/2911 4350/4350/2911
f 248/248/2912 249/249/2912 251/251/2912
f 251/251/2912 4352/4352/2912 248/248/2912
f 250/250/2913 273/273/2913 260/260/2913
f 4354/4354/2914 4355/4355/2914 265/265/2914
f 265/265/2914 257/257/2914 4354/4354/2914
f 356/356/2915 253/253/2915 252/252/2915
f 252/252/2916 254/254/2916 357/357/2916
f 252/252/2917 357/357/2917 256/256/2917
f 274/274/2918 4354/4354/2918 257/257/2918
f 274/274/2919 257/257/2919 258/258/2919
f 258/258/2919 260/260/2919 274/274/2919
f 4352/4352/2920 251/251/2920 230/230/2920
f 230/230/2920 4342/4342/2920 4352/4352/2920
f 261/261/2921 258/258/2921 230/230/2921
f 230/230/2921 251/251/2921 261/261/2921
f 4287/4287/2922 4352/4352/2922 4342/4342/2922
f 4342/4342/2922 4288/4288/2922 4287/4287/2922
f 250/250/2923 261/261/2923 251/251/2923
f 258/258/2924 219/219/2924 230/230/2924
f 4341/4341/2925 262/262/2925 264/264/2925
f 264/264/2925 215/215/2925 4341/4341/2925
f 262/262/2926 347/347/2926 263/263/2926
f 264/264/2927 268/268/2927 269/269/2927
f 215/215/2928 264/264/2928 217/217/2928
f 4354/4354/2929 270/270/2929 272/272/2929
f 272/272/2929 4355/4355/2929 4354/4354/2929
f 273/273/2930 275/275/2930 270/270/2930
f 4353/4353/2931 275/275/2931 273/273/2931
f 270/270/2932 276/276/2932 271/271/2932
f 274/274/2933 273/273/2933 270/270/2933
f 270/270/2933 4354/4354/2933 274/274/2933
f 2140/2140/2934 399/399/2934 4356/4356/2934
f 4356/4356/2934 277/277/2934 2140/2140/2934
f 280/280/2935 277/277/2935 279/279/2935
f 277/277/2936 4356/4356/2936 2159/2159/2936
f 2159/2159/2936 278/278/2936 277/277/2936
f 4357/4357/2937 440/440/2937 295/295/2937
f 295/295/2937 4349/4349/2937 4357/4357/2937
f 278/278/2938 2159/2159/2938 376/376/2938
f 4358/4358/2939 283/283/2939 285/285/2939
f 240/240/2940 299/299/2940 259/259/2940
f 259/259/2941 299/299/2941 1258/1258/2941
f 313/313/2942 281/281/2942 289/289/2942
f 4348/4348/2943 4359/4359/2943 4349/4349/2943
f 4359/4359/2944 4357/4357/2944 4349/4349/2944
f 4349/4349/2945 295/295/2945 291/291/2945
f 291/291/2945 290/290/2945 4349/4349/2945
f 4360/4360/2946 4361/4361/2946 4362/4362/2946
f 4362/4362/2946 4363/4363/2946 4360/4360/2946
f 240/240/2947 291/291/2947 299/299/2947
f 4360/4360/2948 2173/2173/2948 4361/4361/2948
f 4364/4364/2949 4365/4365/2949 4360/4360/2949
f 4360/4360/2949 4366/4366/2949 4364/4364/2949
f 4365/4365/2950 2101/2101/2950 2173/2173/2950
f 2173/2173/2950 4360/4360/2950 4365/4365/2950
f 4366/4366/2951 4360/4360/2951 4363/4363/2951
f 4363/4363/2951 4367/4367/2951 4366/4366/2951
f 4368/4368/2952 4369/4369/2952 179/179/2952
f 439/439/2953 4370/4370/2953 296/296/2953
f 296/296/2953 295/295/2953 439/439/2953
f 291/291/2954 296/296/2954 298/298/2954
f 440/440/2955 439/439/2955 295/295/2955
f 4370/4370/2956 467/467/2956 325/325/2956
f 325/325/2956 296/296/2956 4370/4370/2956
f 238/238/2957 235/235/2957 300/300/2957
f 300/300/2957 4371/4371/2957 238/238/2957
f 4371/4371/2958 300/300/2958 302/302/2958
f 302/302/2958 4372/4372/2958 4371/4371/2958
f 235/235/2959 303/303/2959 300/300/2959
f 302/302/2960 301/301/2960 305/305/2960
f 4373/4373/2961 4374/4374/2961 339/339/2961
f 339/339/2961 4375/4375/2961 4373/4373/2961
f 272/272/2962 271/271/2962 4376/4376/2962
f 4376/4376/2962 4377/4377/2962 272/272/2962
f 4355/4355/2963 272/272/2963 4377/4377/2963
f 4378/4378/2964 4379/4379/2964 2175/2175/2964
f 2175/2175/2964 2108/2108/2964 4378/4378/2964
f 320/320/2965 280/280/2965 281/281/2965
f 313/313/2966 320/320/2966 281/281/2966
f 312/312/2967 307/307/2967 306/306/2967
f 297/297/2968 4380/4380/2968 315/315/2968
f 315/315/2968 298/298/2968 297/297/2968
f 2105/2105/2969 4378/4378/2969 2108/2108/2969
f 299/299/2970 298/298/2970 316/316/2970
f 299/299/2971 316/316/2971 1258/1258/2971
f 314/314/2972 313/313/2972 289/289/2972
f 316/316/2973 315/315/2973 1256/1256/2973
f 330/330/2974 329/329/2974 317/317/2974
f 317/317/2974 315/315/2974 330/330/2974
f 4380/4380/2975 330/330/2975 315/315/2975
f 319/319/2976 4381/4381/2976 282/282/2976
f 282/282/2976 280/280/2976 319/319/2976
f 1256/1256/2977 315/315/2977 318/318/2977
f 322/322/2978 319/319/2978 320/320/2978
f 321/321/2979 323/323/2979 319/319/2979
f 319/319/2980 324/324/2980 4381/4381/2980
f 325/325/2981 327/327/2981 4380/4380/2981
f 4380/4380/2981 297/297/2981 325/325/2981
f 333/333/2982 318/318/2982 485/485/2982
f 485/485/2982 482/482/2982 333/333/2982
f 4380/4380/2983 327/327/2983 330/330/2983
f 467/467/2984 326/326/2984 325/325/2984
f 332/332/2985 305/305/2985 333/333/2985
f 4372/4372/2986 302/302/2986 331/331/2986
f 305/305/2987 304/304/2987 1256/1256/2987
f 305/305/2988 1256/1256/2988 318/318/2988
f 336/336/2989 335/335/2989 4382/4382/2989
f 4382/4382/2989 513/513/2989 336/336/2989
f 341/341/2990 340/340/2990 334/334/2990
f 334/334/2990 337/337/2990 341/341/2990
f 4375/4375/2991 339/339/2991 341/341/2991
f 338/338/2992 336/336/2992 513/513/2992
f 513/513/2992 4383/4383/2992 338/338/2992
f 337/337/2993 334/334/2993 336/336/2993
f 2179/2179/2994 338/338/2994 4383/4383/2994
f 4383/4383/2994 2180/2180/2994 2179/2179/2994
f 342/342/2995 337/337/2995 338/338/2995
f 338/338/2995 2179/2179/2995 342/342/2995
f 2181/2181/2996 348/348/2996 350/350/2996
f 350/350/2996 4384/4384/2996 2181/2181/2996
f 268/268/2997 344/344/2997 346/346/2997
f 2182/2182/2998 2181/2181/2998 4384/4384/2998
f 368/368/2999 370/370/2999 4385/4385/2999
f 4385/4385/2999 4386/4386/2999 368/368/2999
f 345/345/3000 4387/4387/3000 464/464/3000
f 263/263/3001 343/343/3001 268/268/3001
f 353/353/3002 352/352/3002 354/354/3002
f 211/211/3003 4388/4388/3003 212/212/3003
f 351/351/3004 356/356/3004 352/352/3004
f 354/354/3005 252/252/3005 255/255/3005
f 359/359/3006 358/358/3006 2136/2136/3006
f 2136/2136/3006 360/360/3006 359/359/3006
f 370/370/3007 4389/4389/3007 4390/4390/3007
f 358/358/3008 357/357/3008 2136/2136/3008
f 360/360/3009 373/373/3009 375/375/3009
f 375/375/3009 371/371/3009 360/360/3009
f 362/362/3010 49/49/3010 363/363/3010
f 2214/2214/3011 366/366/3011 49/49/3011
f 365/365/3012 362/362/3012 364/364/3012
f 4391/4391/3013 367/367/3013 256/256/3013
f 367/367/3014 355/355/3014 354/354/3014
f 367/367/3015 354/354/3015 255/255/3015
f 370/370/3016 369/369/3016 4389/4389/3016
f 4392/4392/3017 385/385/3017 387/387/3017
f 387/387/3017 4393/4393/3017 4392/4392/3017
f 2136/2136/3018 372/372/3018 360/360/3018
f 373/373/3019 372/372/3019 2135/2135/3019
f 373/373/3020 2135/2135/3020 374/374/3020
f 378/378/3021 377/377/3021 4394/4394/3021
f 288/288/3022 284/284/3022 4395/4395/3022
f 4395/4395/3023 284/284/3023 1301/1301/3023
f 4396/4396/3024 4395/4395/3024 1301/1301/3024
f 4397/4397/3025 4398/4398/3025 389/389/3025
f 365/365/3026 2133/2133/3026 382/382/3026
f 365/365/3027 364/364/3027 2133/2133/3027
f 365/365/3028 383/383/3028 21/21/3028
f 387/387/3029 386/386/3029 131/131/3029
f 386/386/3030 4399/4399/3030 4400/4400/3030
f 386/386/3031 4400/4400/3031 131/131/3031
f 393/393/3032 392/392/3032 390/390/3032
f 390/390/3032 4401/4401/3032 393/393/3032
f 392/392/3033 388/388/3033 390/390/3033
f 388/388/3034 4402/4402/3034 4397/4397/3034
f 388/388/3035 4397/4397/3035 389/389/3035
f 383/383/3036 394/394/3036 4403/4403/3036
f 4403/4403/3036 384/384/3036 383/383/3036
f 394/394/3037 396/396/3037 4404/4404/3037
f 396/396/3038 2132/2132/3038 361/361/3038
f 361/361/3038 4404/4404/3038 396/396/3038
f 382/382/3039 395/395/3039 394/394/3039
f 395/395/3040 2132/2132/3040 396/396/3040
f 428/428/3041 4405/4405/3041 4406/4406/3041
f 4406/4406/3041 2139/2139/3041 428/428/3041
f 4407/4407/3042 4408/4408/3042 4316/4316/3042
f 2139/2139/3043 4406/4406/3043 397/397/3043
f 4409/4409/3044 400/400/3044 117/117/3044
f 117/117/3044 116/116/3044 4409/4409/3044
f 4405/4405/3045 428/428/3045 429/429/3045
f 397/397/3046 4406/4406/3046 4410/4410/3046
f 4410/4410/3046 398/398/3046 397/397/3046
f 4409/4409/3047 116/116/3047 4295/4295/3047
f 391/391/3048 393/393/3048 4401/4401/3048
f 4401/4401/3048 402/402/3048 391/391/3048
f 402/402/3049 4401/4401/3049 4411/4411/3049
f 4411/4411/3049 403/403/3049 402/402/3049
f 4401/4401/3050 390/390/3050 4412/4412/3050
f 4401/4401/3051 4412/4412/3051 4411/4411/3051
f 4413/4413/3052 4414/4414/3052 460/460/3052
f 460/460/3052 1291/1291/3052 4413/4413/3052
f 407/407/3053 406/406/3053 4415/4415/3053
f 4415/4415/3053 1288/1288/3053 407/407/3053
f 1291/1291/3054 460/460/3054 4416/4416/3054
f 4416/4416/3054 475/475/3054 1291/1291/3054
f 460/460/3055 4414/4414/3055 455/455/3055
f 411/411/3056 113/113/3056 412/412/3056
f 412/412/3056 4417/4417/3056 411/411/3056
f 1294/1294/3057 405/405/3057 407/407/3057
f 4418/4418/3058 4419/4419/3058 4420/4420/3058
f 406/406/3059 462/462/3059 4415/4415/3059
f 4421/4421/3060 4422/4422/3060 416/416/3060
f 416/416/3060 4423/4423/3060 4421/4421/3060
f 4424/4424/3061 410/410/3061 411/411/3061
f 410/410/3062 4295/4295/3062 113/113/3062
f 412/412/3063 115/115/3063 124/124/3063
f 4417/4417/3064 412/412/3064 4425/4425/3064
f 4421/4421/3065 4426/4426/3065 4427/4427/3065
f 4427/4427/3065 4422/4422/3065 4421/4421/3065
f 4422/4422/3066 2131/2131/3066 417/417/3066
f 417/417/3066 416/416/3066 4422/4422/3066
f 4422/4422/3067 4427/4427/3067 2131/2131/3067
f 4428/4428/3068 4429/4429/3068 4418/4418/3068
f 4418/4418/3068 430/430/3068 4428/4428/3068
f 408/408/3069 409/409/3069 447/447/3069
f 421/421/3070 420/420/3070 323/323/3070
f 323/323/3070 321/321/3070 421/421/3070
f 4428/4428/3071 430/430/3071 432/432/3071
f 387/387/3072 133/133/3072 4304/4304/3072
f 4304/4304/3072 4393/4393/3072 387/387/3072
f 4393/4393/3073 4304/4304/3073 423/423/3073
f 423/423/3073 422/422/3073 4393/4393/3073
f 4392/4392/3074 4393/4393/3074 422/422/3074
f 422/422/3074 4430/4430/3074 4392/4392/3074
f 4430/4430/3075 422/422/3075 424/424/3075
f 433/433/3076 4431/4431/3076 4432/4432/3076
f 4432/4432/3076 425/425/3076 433/433/3076
f 428/428/3077 433/433/3077 425/425/3077
f 4431/4431/3078 1294/1294/3078 1295/1295/3078
f 1295/1295/3078 4432/4432/3078 4431/4431/3078
f 434/434/3079 433/433/3079 428/428/3079
f 428/428/3079 2138/2138/3079 434/434/3079
f 4432/4432/3080 1295/1295/3080 426/426/3080
f 425/425/3081 4432/4432/3081 426/426/3081
f 401/401/3082 4433/4433/3082 1306/1306/3082
f 4434/4434/3083 405/405/3083 434/434/3083
f 4418/4418/3084 4420/4420/3084 430/430/3084
f 405/405/3085 1294/1294/3085 4431/4431/3085
f 405/405/3086 4431/4431/3086 433/433/3086
f 420/420/3087 434/434/3087 2138/2138/3087
f 2138/2138/3087 323/323/3087 420/420/3087
f 448/448/3088 447/447/3088 419/419/3088
f 419/419/3088 446/446/3088 448/448/3088
f 435/435/3089 443/443/3089 436/436/3089
f 424/424/3090 441/441/3090 4435/4435/3090
f 4436/4436/3091 442/442/3091 435/435/3091
f 443/443/3092 442/442/3092 2141/2141/3092
f 464/464/3093 445/445/3093 421/421/3093
f 421/421/3093 321/321/3093 464/464/3093
f 446/446/3094 419/419/3094 421/421/3094
f 449/449/3095 450/450/3095 453/453/3095
f 453/453/3095 4437/4437/3095 449/449/3095
f 4425/4425/3096 449/449/3096 4437/4437/3096
f 4438/4438/3097 458/458/3097 457/457/3097
f 457/457/3097 4439/4439/3097 4438/4438/3097
f 412/412/3098 449/449/3098 4425/4425/3098
f 450/450/3099 451/451/3099 452/452/3099
f 453/453/3100 452/452/3100 4440/4440/3100
f 4441/4441/3101 462/462/3101 461/461/3101
f 346/346/3102 322/322/3102 465/465/3102
f 465/465/3102 269/269/3102 346/346/3102
f 4416/4416/3103 460/460/3103 454/454/3103
f 408/408/3104 461/461/3104 406/406/3104
f 4441/4441/3105 461/461/3105 408/408/3105
f 4442/4442/3106 457/457/3106 463/463/3106
f 4442/4442/3107 4439/4439/3107 457/457/3107
f 346/346/3108 345/345/3108 322/322/3108
f 322/322/3109 464/464/3109 321/321/3109
f 4443/4443/3110 4444/4444/3110 326/326/3110
f 326/326/3110 466/466/3110 4443/4443/3110
f 4445/4445/3111 2125/2125/3111 4446/4446/3111
f 4446/4446/3111 4447/4447/3111 4445/4445/3111
f 451/451/3112 2125/2125/3112 4445/4445/3112
f 4444/4444/3113 468/468/3113 328/328/3113
f 328/328/3113 327/327/3113 4444/4444/3113
f 4447/4447/3114 4446/4446/3114 505/505/3114
f 1244/1244/3115 4448/4448/3115 470/470/3115
f 470/470/3115 4449/4449/3115 1244/1244/3115
f 326/326/3116 4444/4444/3116 327/327/3116
f 473/473/3117 1252/1252/3117 474/474/3117
f 477/477/3118 471/471/3118 470/470/3118
f 2211/2211/3119 229/229/3119 498/498/3119
f 498/498/3119 32/32/3119 2211/2211/3119
f 4450/4450/3120 4451/4451/3120 1252/1252/3120
f 494/494/3121 4452/4452/3121 495/495/3121
f 494/494/3122 4453/4453/3122 4452/4452/3122
f 4416/4416/3123 473/473/3123 475/475/3123
f 146/146/3124 1279/1279/3124 86/86/3124
f 1279/1279/3125 4289/4289/3125 86/86/3125
f 145/145/3126 1279/1279/3126 146/146/3126
f 86/86/3127 4289/4289/3127 30/30/3127
f 32/32/3128 498/498/3128 30/30/3128
f 1/1/3129 2211/2211/3129 32/32/3129
f 514/514/3130 4454/4454/3130 479/479/3130
f 479/479/3130 481/481/3130 514/514/3130
f 328/328/3131 490/490/3131 492/492/3131
f 492/492/3131 329/329/3131 328/328/3131
f 513/513/3132 4382/4382/3132 514/514/3132
f 482/482/3133 485/485/3133 483/483/3133
f 483/483/3134 486/486/3134 4455/4455/3134
f 481/481/3135 480/480/3135 488/488/3135
f 329/329/3136 4456/4456/3136 4457/4457/3136
f 4457/4457/3136 317/317/3136 329/329/3136
f 490/490/3137 493/493/3137 491/491/3137
f 491/491/3138 476/476/3138 478/478/3138
f 4458/4458/3139 494/494/3139 496/496/3139
f 502/502/3140 4458/4458/3140 496/496/3140
f 497/497/3141 314/314/3141 289/289/3141
f 193/193/3142 499/499/3142 501/501/3142
f 490/490/3143 504/504/3143 509/509/3143
f 509/509/3143 493/493/3143 490/490/3143
f 4459/4459/3144 496/496/3144 495/495/3144
f 1243/1243/3145 4448/4448/3145 1244/1244/3145
f 2180/2180/3146 4383/4383/3146 515/515/3146
f 515/515/3146 2147/2147/3146 2180/2180/3146
f 328/328/3147 469/469/3147 504/504/3147
f 504/504/3148 4460/4460/3148 508/508/3148
f 493/493/3149 509/509/3149 510/510/3149
f 515/515/3150 514/514/3150 481/481/3150
f 481/481/3150 511/511/3150 515/515/3150
f 4383/4383/3151 513/513/3151 515/515/3151
f 2145/2145/3152 512/512/3152 516/516/3152
f 516/516/3152 4442/4442/3152 2145/2145/3152
f 511/511/3153 481/481/3153 489/489/3153
f 2144/2144/3154 511/511/3154 512/512/3154
f 512/512/3154 2145/2145/3154 2144/2144/3154
f 2147/2147/3155 515/515/3155 511/511/3155
f 511/511/3155 2144/2144/3155 2147/2147/3155
f 618/618/3156 4461/4461/3156 4462/4462/3156
f 4462/4462/3156 4463/4463/3156 618/618/3156
f 517/517/3157 4464/4464/3157 520/520/3157
f 619/619/3158 618/618/3158 4463/4463/3158
f 4463/4463/3158 518/518/3158 619/619/3158
f 4463/4463/3159 4462/4462/3159 4465/4465/3159
f 4465/4465/3159 4466/4466/3159 4463/4463/3159
f 528/528/3160 532/532/3160 529/529/3160
f 533/533/3161 4467/4467/3161 4468/4468/3161
f 4468/4468/3161 540/540/3161 533/533/3161
f 518/518/3162 4463/4463/3162 4466/4466/3162
f 606/606/3163 620/620/3163 553/553/3163
f 530/530/3164 529/529/3164 535/535/3164
f 530/530/3165 535/535/3165 539/539/3165
f 540/540/3166 4468/4468/3166 548/548/3166
f 548/548/3166 551/551/3166 540/540/3166
f 529/529/3167 533/533/3167 540/540/3167
f 634/634/3168 541/541/3168 4469/4469/3168
f 4469/4469/3168 630/630/3168 634/634/3168
f 535/535/3169 540/540/3169 551/551/3169
f 4469/4469/3170 541/541/3170 543/543/3170
f 4470/4470/3171 4471/4471/3171 4472/4472/3171
f 4472/4472/3171 572/572/3171 4470/4470/3171
f 543/543/3172 542/542/3172 545/545/3172
f 537/537/3173 536/536/3173 547/547/3173
f 536/536/3174 538/538/3174 546/546/3174
f 537/537/3175 547/547/3175 639/639/3175
f 551/551/3176 548/548/3176 550/550/3176
f 641/641/3177 552/552/3177 554/554/3177
f 557/557/3178 556/556/3178 565/565/3178
f 555/555/3179 557/557/3179 559/559/3179
f 538/538/3180 560/560/3180 546/546/3180
f 617/617/3181 586/586/3181 562/562/3181
f 565/565/3182 576/576/3182 566/566/3182
f 558/558/3183 557/557/3183 566/566/3183
f 4473/4473/3184 4474/4474/3184 576/576/3184
f 576/576/3184 565/565/3184 4473/4473/3184
f 568/568/3185 4473/4473/3185 565/565/3185
f 641/641/3186 638/638/3186 552/552/3186
f 576/576/3187 569/569/3187 566/566/3187
f 567/567/3188 566/566/3188 570/570/3188
f 4472/4472/3189 573/573/3189 572/572/3189
f 4475/4475/3190 578/578/3190 580/580/3190
f 580/580/3190 4476/4476/3190 4475/4475/3190
f 573/573/3191 581/581/3191 583/583/3191
f 583/583/3191 574/574/3191 573/573/3191
f 643/643/3192 4476/4476/3192 580/580/3192
f 643/643/3193 580/580/3193 579/579/3193
f 579/579/3193 591/591/3193 643/643/3193
f 576/576/3194 4474/4474/3194 577/577/3194
f 4477/4477/3195 542/542/3195 541/541/3195
f 634/634/3196 4477/4477/3196 541/541/3196
f 4478/4478/3197 4479/4479/3197 598/598/3197
f 598/598/3197 593/593/3197 4478/4478/3197
f 4475/4475/3198 4480/4480/3198 578/578/3198
f 562/562/3199 587/587/3199 585/585/3199
f 631/631/3200 630/630/3200 4469/4469/3200
f 579/579/3201 589/589/3201 591/591/3201
f 592/592/3202 4478/4478/3202 593/593/3202
f 594/594/3203 617/617/3203 595/595/3203
f 589/589/3204 607/607/3204 597/597/3204
f 564/564/3205 4481/4481/3205 596/596/3205
f 596/596/3205 595/595/3205 564/564/3205
f 593/593/3206 598/598/3206 579/579/3206
f 599/599/3207 4482/4482/3207 605/605/3207
f 564/564/3208 4483/4483/3208 4481/4481/3208
f 4484/4484/3209 4485/4485/3209 4486/4486/3209
f 4487/4487/3210 4485/4485/3210 4484/4484/3210
f 602/602/3211 4488/4488/3211 601/601/3211
f 603/603/3212 4488/4488/3212 602/602/3212
f 599/599/3213 605/605/3213 553/553/3213
f 4479/4479/3214 4489/4489/3214 612/612/3214
f 612/612/3214 598/598/3214 4479/4479/3214
f 545/545/3215 4490/4490/3215 4491/4491/3215
f 4492/4492/3216 4490/4490/3216 545/545/3216
f 544/544/3217 4492/4492/3217 545/545/3217
f 523/523/3218 602/602/3218 601/601/3218
f 575/575/3219 603/603/3219 602/602/3219
f 616/616/3220 615/615/3220 610/610/3220
f 590/590/3221 597/597/3221 608/608/3221
f 4493/4493/3222 4494/4494/3222 4461/4461/3222
f 4461/4461/3222 4495/4495/3222 4493/4493/3222
f 598/598/3223 612/612/3223 589/589/3223
f 4494/4494/3224 4496/4496/3224 4497/4497/3224
f 4498/4498/3225 4496/4496/3225 4494/4494/3225
f 4499/4499/3226 4500/4500/3226 4501/4501/3226
f 4502/4502/3227 4500/4500/3227 4499/4499/3227
f 4503/4503/3228 4500/4500/3228 4502/4502/3228
f 4504/4504/3229 4500/4500/3229 4503/4503/3229
f 4497/4497/3230 4496/4496/3230 4505/4505/3230
f 4462/4462/3231 4494/4494/3231 4497/4497/3231
f 4461/4461/3232 4494/4494/3232 4462/4462/3232
f 4478/4478/3233 4506/4506/3233 4489/4489/3233
f 4489/4489/3233 4479/4479/3233 4478/4478/3233
f 4493/4493/3234 4498/4498/3234 4494/4494/3234
f 581/581/3235 4499/4499/3235 4507/4507/3235
f 4507/4507/3235 582/582/3235 581/581/3235
f 4478/4478/3236 4508/4508/3236 4506/4506/3236
f 4472/4472/3237 4502/4502/3237 581/581/3237
f 581/581/3237 573/573/3237 4472/4472/3237
f 581/581/3238 4502/4502/3238 4499/4499/3238
f 4509/4509/3239 4503/4503/3239 4472/4472/3239
f 4472/4472/3239 4471/4471/3239 4509/4509/3239
f 4472/4472/3240 4503/4503/3240 4502/4502/3240
f 4468/4468/3241 4510/4510/3241 549/549/3241
f 549/549/3241 548/548/3241 4468/4468/3241
f 549/549/3242 4510/4510/3242 4511/4511/3242
f 4462/4462/3243 4497/4497/3243 4512/4512/3243
f 4512/4512/3243 4465/4465/3243 4462/4462/3243
f 4512/4512/3244 4497/4497/3244 4505/4505/3244
f 615/615/3245 619/619/3245 613/613/3245
f 613/613/3245 610/610/3245 615/615/3245
f 4493/4493/3246 4495/4495/3246 614/614/3246
f 614/614/3246 4513/4513/3246 4493/4493/3246
f 611/611/3247 610/610/3247 613/613/3247
f 613/613/3248 619/619/3248 518/518/3248
f 518/518/3248 517/517/3248 613/613/3248
f 612/612/3249 4514/4514/3249 607/607/3249
f 595/595/3250 562/562/3250 564/564/3250
f 4495/4495/3251 4461/4461/3251 618/618/3251
f 618/618/3251 614/614/3251 4495/4495/3251
f 613/613/3252 517/517/3252 521/521/3252
f 623/623/3253 621/621/3253 534/534/3253
f 534/534/3253 624/624/3253 623/623/3253
f 614/614/3254 618/618/3254 615/615/3254
f 534/534/3255 604/604/3255 575/575/3255
f 4515/4515/3256 622/622/3256 624/624/3256
f 637/637/3257 626/626/3257 627/627/3257
f 627/627/3257 644/644/3257 637/637/3257
f 625/625/3258 637/637/3258 644/644/3258
f 748/748/3259 4516/4516/3259 4517/4517/3259
f 4517/4517/3259 4518/4518/3259 748/748/3259
f 611/611/3260 625/625/3260 644/644/3260
f 628/628/3261 539/539/3261 617/617/3261
f 531/531/3262 539/539/3262 628/628/3262
f 632/632/3263 633/633/3263 635/635/3263
f 4515/4515/3264 624/624/3264 591/591/3264
f 591/591/3265 624/624/3265 525/525/3265
f 590/590/3266 4515/4515/3266 591/591/3266
f 624/624/3267 534/534/3267 525/525/3267
f 637/637/3268 636/636/3268 638/638/3268
f 626/626/3269 638/638/3269 641/641/3269
f 625/625/3270 520/520/3270 637/637/3270
f 539/539/3271 639/639/3271 640/640/3271
f 567/567/3272 632/632/3272 642/642/3272
f 635/635/3273 634/634/3273 630/630/3273
f 643/643/3274 525/525/3274 4519/4519/3274
f 590/590/3275 622/622/3275 4515/4515/3275
f 627/627/3276 554/554/3276 620/620/3276
f 4519/4519/3277 525/525/3277 526/526/3277
f 571/571/3278 633/633/3278 632/632/3278
f 559/559/3279 558/558/3279 642/642/3279
f 629/629/3280 635/635/3280 630/630/3280
f 645/645/3281 658/658/3281 646/646/3281
f 4520/4520/3282 4521/4521/3282 746/746/3282
f 4518/4518/3283 4517/4517/3283 4522/4522/3283
f 4522/4522/3283 4523/4523/3283 4518/4518/3283
f 658/658/3284 4524/4524/3284 659/659/3284
f 655/655/3285 666/666/3285 663/663/3285
f 667/667/3286 4525/4525/3286 4526/4526/3286
f 4526/4526/3286 673/673/3286 667/667/3286
f 646/646/3287 659/659/3287 4527/4527/3287
f 661/661/3288 660/660/3288 683/683/3288
f 655/655/3289 664/664/3289 656/656/3289
f 673/673/3290 4526/4526/3290 4528/4528/3290
f 4528/4528/3290 680/680/3290 673/673/3290
f 663/663/3291 667/667/3291 673/673/3291
f 760/760/3292 674/674/3292 4529/4529/3292
f 4529/4529/3292 756/756/3292 760/760/3292
f 664/664/3293 673/673/3293 680/680/3293
f 4529/4529/3294 674/674/3294 676/676/3294
f 671/671/3295 670/670/3295 679/679/3295
f 679/679/3295 4530/4530/3295 671/671/3295
f 676/676/3296 675/675/3296 678/678/3296
f 4531/4531/3297 4532/4532/3297 4533/4533/3297
f 4533/4533/3297 4534/4534/3297 4531/4531/3297
f 680/680/3298 4528/4528/3298 681/681/3298
f 769/769/3299 682/682/3299 684/684/3299
f 4535/4535/3300 4536/4536/3300 690/690/3300
f 690/690/3301 4536/4536/3301 691/691/3301
f 679/679/3302 672/672/3302 695/695/3302
f 4535/4535/3303 690/690/3303 693/693/3303
f 743/743/3304 712/712/3304 687/687/3304
f 691/691/3305 4537/4537/3305 692/692/3305
f 693/693/3306 690/690/3306 692/692/3306
f 4533/4533/3307 4538/4538/3307 4539/4539/3307
f 4539/4539/3307 4534/4534/3307 4533/4533/3307
f 4540/4540/3308 4541/4541/3308 691/691/3308
f 769/769/3309 766/766/3309 682/682/3309
f 4537/4537/3310 696/696/3310 692/692/3310
f 694/694/3311 692/692/3311 697/697/3311
f 4542/4542/3312 4534/4534/3312 4539/4539/3312
f 4539/4539/3312 701/701/3312 4542/4542/3312
f 4543/4543/3313 704/704/3313 706/706/3313
f 706/706/3313 4544/4544/3313 4543/4543/3313
f 700/700/3314 699/699/3314 668/668/3314
f 4538/4538/3315 707/707/3315 702/702/3315
f 702/702/3315 4539/4539/3315 4538/4538/3315
f 771/771/3316 4544/4544/3316 706/706/3316
f 771/771/3317 706/706/3317 705/705/3317
f 705/705/3317 717/717/3317 771/771/3317
f 701/701/3318 4539/4539/3318 702/702/3318
f 4545/4545/3319 675/675/3319 674/674/3319
f 760/760/3320 4545/4545/3320 674/674/3320
f 721/721/3321 740/740/3321 727/727/3321
f 727/727/3321 719/719/3321 721/721/3321
f 703/703/3322 702/702/3322 709/709/3322
f 687/687/3323 713/713/3323 711/711/3323
f 757/757/3324 756/756/3324 4529/4529/3324
f 705/705/3325 715/715/3325 717/717/3325
f 718/718/3326 721/721/3326 719/719/3326
f 722/722/3327 743/743/3327 723/723/3327
f 715/715/3328 734/734/3328 725/725/3328
f 689/689/3329 4546/4546/3329 724/724/3329
f 724/724/3329 723/723/3329 689/689/3329
f 719/719/3330 727/727/3330 705/705/3330
f 728/728/3331 4547/4547/3331 733/733/3331
f 689/689/3332 4548/4548/3332 4546/4546/3332
f 4549/4549/3333 4550/4550/3333 4551/4551/3333
f 677/677/3334 4552/4552/3334 4553/4553/3334
f 730/730/3335 4554/4554/3335 4555/4555/3335
f 731/731/3336 4554/4554/3336 730/730/3336
f 683/683/3337 728/728/3337 733/733/3337
f 740/740/3338 4556/4556/3338 739/739/3338
f 739/739/3338 727/727/3338 740/740/3338
f 678/678/3339 4553/4553/3339 4557/4557/3339
f 677/677/3340 4553/4553/3340 678/678/3340
f 669/669/3341 730/730/3341 4555/4555/3341
f 699/699/3342 731/731/3342 730/730/3342
f 734/734/3343 742/742/3343 735/735/3343
f 726/726/3344 725/725/3344 735/735/3344
f 4516/4516/3345 4558/4558/3345 4522/4522/3345
f 4522/4522/3345 4517/4517/3345 4516/4516/3345
f 727/727/3346 739/739/3346 715/715/3346
f 4559/4559/3347 4560/4560/3347 4558/4558/3347
f 4561/4561/3348 4560/4560/3348 4559/4559/3348
f 710/710/3349 4562/4562/3349 4563/4563/3349
f 4564/4564/3350 4562/4562/3350 710/710/3350
f 4565/4565/3351 4562/4562/3351 4564/4564/3351
f 4566/4566/3352 4560/4560/3352 4567/4567/3352
f 4558/4558/3353 4560/4560/3353 4566/4566/3353
f 4568/4568/3354 4561/4561/3354 4569/4569/3354
f 4569/4569/3354 4570/4570/3354 4568/4568/3354
f 4569/4569/3355 4559/4559/3355 4516/4516/3355
f 4559/4559/3356 4558/4558/3356 4516/4516/3356
f 4538/4538/3357 4564/4564/3357 710/710/3357
f 710/710/3357 707/707/3357 4538/4538/3357
f 4561/4561/3358 4559/4559/3358 4569/4569/3358
f 720/720/3359 4571/4571/3359 740/740/3359
f 4532/4532/3360 4565/4565/3360 4538/4538/3360
f 4538/4538/3360 4533/4533/3360 4532/4532/3360
f 4528/4528/3361 4572/4572/3361 686/686/3361
f 686/686/3361 681/681/3361 4528/4528/3361
f 4565/4565/3362 4564/4564/3362 4538/4538/3362
f 4525/4525/3363 4573/4573/3363 4528/4528/3363
f 4528/4528/3363 4526/4526/3363 4525/4525/3363
f 4573/4573/3364 4572/4572/3364 4528/4528/3364
f 4574/4574/3365 658/658/3365 744/744/3365
f 744/744/3365 4575/4575/3365 4574/4574/3365
f 4558/4558/3366 4566/4566/3366 4522/4522/3366
f 4570/4570/3367 4569/4569/3367 4576/4576/3367
f 4576/4576/3367 4577/4577/3367 4570/4570/3367
f 738/738/3368 737/737/3368 745/745/3368
f 4569/4569/3369 4516/4516/3369 748/748/3369
f 748/748/3369 4576/4576/3369 4569/4569/3369
f 739/739/3370 741/741/3370 734/734/3370
f 723/723/3371 687/687/3371 689/689/3371
f 745/745/3372 4520/4520/3372 746/746/3372
f 764/764/3373 767/767/3373 4578/4578/3373
f 4578/4578/3373 772/772/3373 764/764/3373
f 4576/4576/3374 748/748/3374 747/747/3374
f 750/750/3375 732/732/3375 699/699/3375
f 751/751/3376 753/753/3376 700/700/3376
f 765/765/3377 764/764/3377 772/772/3377
f 767/767/3378 684/684/3378 660/660/3378
f 660/660/3378 4578/4578/3378 767/767/3378
f 738/738/3379 765/765/3379 772/772/3379
f 665/665/3380 768/768/3380 4579/4579/3380
f 4579/4579/3380 712/712/3380 665/665/3380
f 754/754/3381 656/656/3381 743/743/3381
f 656/656/3382 665/665/3382 743/743/3382
f 657/657/3383 656/656/3383 4580/4580/3383
f 4580/4580/3384 656/656/3384 754/754/3384
f 671/671/3385 4530/4530/3385 768/768/3385
f 758/758/3386 759/759/3386 761/761/3386
f 717/717/3387 700/700/3387 651/651/3387
f 716/716/3388 751/751/3388 717/717/3388
f 764/764/3389 763/763/3389 766/766/3389
f 767/767/3390 766/766/3390 769/769/3390
f 765/765/3391 762/762/3391 764/764/3391
f 777/777/3392 902/902/3392 789/789/3392
f 789/789/3392 792/792/3392 777/777/3392
f 738/738/3393 746/746/3393 765/765/3393
f 694/694/3394 758/758/3394 770/770/3394
f 761/761/3395 760/760/3395 756/756/3395
f 771/771/3396 651/651/3396 4581/4581/3396
f 726/726/3397 752/752/3397 751/751/3397
f 4578/4578/3398 660/660/3398 4582/4582/3398
f 4581/4581/3399 651/651/3399 653/653/3399
f 698/698/3400 759/759/3400 758/758/3400
f 773/773/3401 770/770/3401 755/755/3401
f 4535/4535/3402 693/693/3402 773/773/3402
f 755/755/3403 761/761/3403 756/756/3403
f 4583/4583/3404 812/812/3404 4584/4584/3404
f 4584/4584/3405 812/812/3405 814/814/3405
f 774/774/3406 778/778/3406 775/775/3406
f 774/774/3407 776/776/3407 901/901/3407
f 792/792/3408 789/789/3408 791/791/3408
f 791/791/3408 4585/4585/3408 792/792/3408
f 778/778/3409 777/777/3409 792/792/3409
f 786/786/3410 800/800/3410 793/793/3410
f 801/801/3411 797/797/3411 799/799/3411
f 799/799/3411 809/809/3411 801/801/3411
f 775/775/3412 792/792/3412 4585/4585/3412
f 889/889/3413 903/903/3413 819/819/3413
f 786/786/3414 795/795/3414 787/787/3414
f 809/809/3415 799/799/3415 808/808/3415
f 808/808/3415 817/817/3415 809/809/3415
f 793/793/3416 801/801/3416 809/809/3416
f 795/795/3417 794/794/3417 804/804/3417
f 916/916/3418 810/810/3418 4583/4583/3418
f 4583/4583/3418 912/912/3418 916/916/3418
f 794/794/3419 809/809/3419 817/817/3419
f 4583/4583/3420 810/810/3420 812/812/3420
f 805/805/3421 804/804/3421 815/815/3421
f 815/815/3421 4586/4586/3421 805/805/3421
f 812/812/3422 811/811/3422 814/814/3422
f 836/836/3423 4587/4587/3423 848/848/3423
f 848/848/3423 850/850/3423 836/836/3423
f 817/817/3424 808/808/3424 816/816/3424
f 822/822/3425 818/818/3425 820/820/3425
f 4588/4588/3426 4589/4589/3426 833/833/3426
f 833/833/3427 4589/4589/3427 837/837/3427
f 4589/4589/3428 838/838/3428 837/837/3428
f 4588/4588/3429 833/833/3429 834/834/3429
f 833/833/3430 837/837/3430 831/831/3430
f 837/837/3431 846/846/3431 831/831/3431
f 834/834/3432 833/833/3432 832/832/3432
f 4590/4590/3433 854/854/3433 856/856/3433
f 856/856/3433 4591/4591/3433 4590/4590/3433
f 836/836/3434 850/850/3434 837/837/3434
f 818/818/3435 822/822/3435 882/882/3435
f 821/821/3436 842/842/3436 822/822/3436
f 822/822/3437 843/843/3437 882/882/3437
f 831/831/3438 844/844/3438 832/832/3438
f 835/835/3439 832/832/3439 845/845/3439
f 849/849/3440 848/848/3440 4592/4592/3440
f 850/850/3441 849/849/3441 837/837/3441
f 852/852/3442 851/851/3442 802/802/3442
f 929/929/3443 4591/4591/3443 856/856/3443
f 856/856/3443 925/925/3443 929/929/3443
f 4593/4593/3444 857/857/3444 859/859/3444
f 859/859/3444 4594/4594/3444 4593/4593/3444
f 925/925/3445 856/856/3445 855/855/3445
f 855/855/3445 869/869/3445 925/925/3445
f 846/846/3446 849/849/3446 853/853/3446
f 4595/4595/3447 811/811/3447 810/810/3447
f 916/916/3448 4595/4595/3448 810/810/3448
f 854/854/3449 866/866/3449 855/855/3449
f 872/872/3450 879/879/3450 880/880/3450
f 880/880/3450 870/870/3450 872/872/3450
f 4590/4590/3451 860/860/3451 854/854/3451
f 827/827/3452 864/864/3452 863/863/3452
f 913/913/3453 912/912/3453 4583/4583/3453
f 855/855/3454 867/867/3454 869/869/3454
f 861/861/3455 872/872/3455 870/870/3455
f 867/867/3456 890/890/3456 876/876/3456
f 830/830/3457 4596/4596/3457 875/875/3457
f 875/875/3457 874/874/3457 830/830/3457
f 870/870/3458 880/880/3458 866/866/3458
f 881/881/3459 4597/4597/3459 888/888/3459
f 830/830/3460 4598/4598/3460 4596/4596/3460
f 4599/4599/3461 4600/4600/3461 4601/4601/3461
f 4602/4602/3462 4600/4600/3462 4599/4599/3462
f 4603/4603/3463 4600/4600/3463 4602/4602/3463
f 885/885/3464 4604/4604/3464 884/884/3464
f 886/886/3465 4604/4604/3465 885/885/3465
f 881/881/3466 888/888/3466 819/819/3466
f 879/879/3467 895/895/3467 896/896/3467
f 896/896/3467 880/880/3467 879/879/3467
f 814/814/3468 4605/4605/3468 4606/4606/3468
f 4607/4607/3469 4605/4605/3469 814/814/3469
f 813/813/3470 4607/4607/3470 814/814/3470
f 813/813/3471 4608/4608/3471 4607/4607/3471
f 781/781/3472 885/885/3472 884/884/3472
f 851/851/3473 886/886/3473 885/885/3473
f 892/892/3474 4609/4609/3474 893/893/3474
f 902/902/3475 4610/4610/3475 790/790/3475
f 790/790/3475 789/789/3475 902/902/3475
f 880/880/3476 896/896/3476 867/867/3476
f 4610/4610/3477 4611/4611/3477 4612/4612/3477
f 4613/4613/3478 4611/4611/3478 4610/4610/3478
f 4614/4614/3479 4615/4615/3479 4616/4616/3479
f 4617/4617/3480 4615/4615/3480 4614/4614/3480
f 4618/4618/3481 4615/4615/3481 4617/4617/3481
f 4619/4619/3482 4615/4615/3482 4618/4618/3482
f 4620/4620/3483 4615/4615/3483 4619/4619/3483
f 4621/4621/3484 4613/4613/3484 897/897/3484
f 897/897/3484 899/899/3484 4621/4621/3484
f 4610/4610/3485 4612/4612/3485 790/790/3485
f 897/897/3486 4610/4610/3486 902/902/3486
f 4613/4613/3487 4610/4610/3487 897/897/3487
f 862/862/3488 4614/4614/3488 4622/4622/3488
f 4622/4622/3488 4623/4623/3488 862/862/3488
f 4624/4624/3489 4625/4625/3489 4626/4626/3489
f 4593/4593/3490 4617/4617/3490 862/862/3490
f 862/862/3490 857/857/3490 4593/4593/3490
f 4617/4617/3491 4614/4614/3491 862/862/3491
f 840/840/3492 4618/4618/3492 4593/4593/3492
f 4593/4593/3492 841/841/3492 840/840/3492
f 807/807/3493 4627/4627/3493 825/825/3493
f 825/825/3493 816/816/3493 807/807/3493
f 4618/4618/3494 4617/4617/3494 4593/4593/3494
f 798/798/3495 4628/4628/3495 807/807/3495
f 807/807/3495 799/799/3495 798/798/3495
f 4619/4619/3496 4618/4618/3496 840/840/3496
f 4629/4629/3497 779/779/3497 900/900/3497
f 900/900/3497 893/893/3497 4629/4629/3497
f 4628/4628/3498 4627/4627/3498 807/807/3498
f 899/899/3499 898/898/3499 4630/4630/3499
f 4630/4630/3499 4631/4631/3499 899/899/3499
f 894/894/3500 893/893/3500 900/900/3500
f 900/900/3501 779/779/3501 778/778/3501
f 778/778/3501 774/774/3501 900/900/3501
f 896/896/3502 4632/4632/3502 890/890/3502
f 873/873/3503 826/826/3503 828/828/3503
f 874/874/3504 828/828/3504 830/830/3504
f 898/898/3505 902/902/3505 777/777/3505
f 777/777/3505 4630/4630/3505 898/898/3505
f 900/900/3506 774/774/3506 901/901/3506
f 4630/4630/3507 777/777/3507 779/779/3507
f 779/779/3507 4629/4629/3507 4630/4630/3507
f 907/907/3508 904/904/3508 852/852/3508
f 852/852/3508 908/908/3508 907/907/3508
f 852/852/3509 887/887/3509 851/851/3509
f 905/905/3510 906/906/3510 908/908/3510
f 921/921/3511 920/920/3511 4633/4633/3511
f 4633/4633/3511 926/926/3511 921/921/3511
f 920/920/3512 922/922/3512 4634/4634/3512
f 4634/4634/3512 4633/4633/3512 920/920/3512
f 922/922/3513 821/821/3513 903/903/3513
f 903/903/3513 4634/4634/3513 922/922/3513
f 894/894/3514 921/921/3514 926/926/3514
f 796/796/3515 4635/4635/3515 4636/4636/3515
f 4636/4636/3515 826/826/3515 796/796/3515
f 909/909/3516 787/787/3516 873/873/3516
f 787/787/3517 796/796/3517 826/826/3517
f 788/788/3518 787/787/3518 4637/4637/3518
f 4637/4637/3519 787/787/3519 909/909/3519
f 805/805/3520 4586/4586/3520 923/923/3520
f 914/914/3521 915/915/3521 917/917/3521
f 905/905/3522 908/908/3522 869/869/3522
f 869/869/3523 908/908/3523 783/783/3523
f 868/868/3524 905/905/3524 869/869/3524
f 908/908/3525 852/852/3525 783/783/3525
f 920/920/3526 919/919/3526 842/842/3526
f 921/921/3527 918/918/3527 920/920/3527
f 796/796/3528 923/923/3528 4635/4635/3528
f 1046/1046/3529 4638/4638/3529 4639/4639/3529
f 4639/4639/3529 935/935/3529 1046/1046/3529
f 894/894/3530 901/901/3530 921/921/3530
f 835/835/3531 914/914/3531 924/924/3531
f 917/917/3532 916/916/3532 912/912/3532
f 925/925/3533 783/783/3533 928/928/3533
f 877/877/3534 927/927/3534 905/905/3534
f 928/928/3535 783/783/3535 784/784/3535
f 847/847/3536 915/915/3536 914/914/3536
f 931/931/3537 924/924/3537 911/911/3537
f 4588/4588/3538 834/834/3538 930/930/3538
f 911/911/3539 917/917/3539 912/912/3539
f 4640/4640/3540 962/962/3540 4641/4641/3540
f 4641/4641/3541 962/962/3541 964/964/3541
f 936/936/3542 4642/4642/3542 932/932/3542
f 932/932/3543 4642/4642/3543 933/933/3543
f 935/935/3544 4643/4643/3544 4642/4642/3544
f 4642/4642/3544 936/936/3544 935/935/3544
f 1046/1046/3545 935/935/3545 937/937/3545
f 4644/4644/3546 944/944/3546 946/946/3546
f 4644/4644/3547 947/947/3547 944/944/3547
f 935/935/3548 4645/4645/3548 4643/4643/3548
f 4639/4639/3549 4645/4645/3549 935/935/3549
f 4639/4639/3550 4646/4646/3550 4645/4645/3550
f 4647/4647/3551 957/957/3551 947/947/3551
f 947/947/3551 4644/4644/3551 4647/4647/3551
f 1034/1034/3552 1047/1047/3552 968/968/3552
f 947/947/3553 4648/4648/3553 948/948/3553
f 944/944/3554 947/947/3554 945/945/3554
f 945/945/3555 948/948/3555 955/955/3555
f 951/951/3556 950/950/3556 957/957/3556
f 951/951/3557 957/957/3557 4647/4647/3557
f 4648/4648/3558 979/979/3558 954/954/3558
f 954/954/3558 948/948/3558 4648/4648/3558
f 957/957/3559 956/956/3559 4648/4648/3559
f 4648/4648/3559 947/947/3559 957/957/3559
f 950/950/3560 959/959/3560 956/956/3560
f 949/949/3561 958/958/3561 950/950/3561
f 1063/1063/3562 960/960/3562 4640/4640/3562
f 4640/4640/3562 1059/1059/3562 1063/1063/3562
f 4640/4640/3563 960/960/3563 962/962/3563
f 956/956/3564 965/965/3564 979/979/3564
f 979/979/3564 4648/4648/3564 956/956/3564
f 962/962/3565 961/961/3565 964/964/3565
f 979/979/3566 4649/4649/3566 954/954/3566
f 954/954/3567 4649/4649/3567 4650/4650/3567
f 979/979/3568 978/978/3568 4649/4649/3568
f 959/959/3569 966/966/3569 965/965/3569
f 4651/4651/3570 1013/1013/3570 1015/1015/3570
f 1015/1015/3570 1002/1002/3570 4651/4651/3570
f 971/971/3571 967/967/3571 969/969/3571
f 976/976/3572 993/993/3572 975/975/3572
f 974/974/3573 973/973/3573 1077/1077/3573
f 966/966/3574 977/977/3574 965/965/3574
f 966/966/3575 4652/4652/3575 977/977/3575
f 980/980/3576 1008/1008/3576 981/981/3576
f 973/973/3577 985/985/3577 991/991/3577
f 1077/1077/3578 973/973/3578 991/991/3578
f 993/993/3579 987/987/3579 989/989/3579
f 987/987/3580 993/993/3580 976/976/3580
f 4653/4653/3581 988/988/3581 987/987/3581
f 967/967/3582 971/971/3582 1027/1027/3582
f 971/971/3583 1070/1070/3583 1027/1027/3583
f 985/985/3584 986/986/3584 996/996/3584
f 989/989/3585 4654/4654/3585 4655/4655/3585
f 986/986/3586 989/989/3586 4655/4655/3586
f 995/995/3587 994/994/3587 952/952/3587
f 985/985/3588 997/997/3588 990/990/3588
f 997/997/3589 996/996/3589 1006/1006/3589
f 4656/4656/3590 4651/4651/3590 1001/1001/3590
f 1004/1004/3591 4656/4656/3591 1001/1001/3591
f 4655/4655/3592 1005/1005/3592 986/986/3592
f 996/996/3593 986/986/3593 1005/1005/3593
f 4657/4657/3594 961/961/3594 960/960/3594
f 1063/1063/3595 4657/4657/3595 960/960/3595
f 1001/1001/3596 4651/4651/3596 1002/1002/3596
f 1002/1002/3597 1015/1015/3597 1023/1023/3597
f 1023/1023/3597 1011/1011/3597 1002/1002/3597
f 1013/1013/3598 4658/4658/3598 1014/1014/3598
f 999/999/3599 998/998/3599 4659/4659/3599
f 981/981/3600 1009/1009/3600 1007/1007/3600
f 1060/1060/3601 1059/1059/3601 4640/4640/3601
f 1003/1003/3602 1002/1002/3602 1011/1011/3602
f 984/984/3603 4660/4660/3603 1020/1020/3603
f 1020/1020/3603 1019/1019/3603 984/984/3603
f 1015/1015/3604 1014/1014/3604 1017/1017/3604
f 1018/1018/3605 980/980/3605 1019/1019/3605
f 1012/1012/3606 1011/1011/3606 1040/1040/3606
f 1012/1012/3607 1040/1040/3607 1021/1021/3607
f 1011/1011/3608 1023/1023/3608 1040/1040/3608
f 1023/1023/3609 1017/1017/3609 1025/1025/3609
f 1026/1026/3610 4661/4661/3610 1033/1033/3610
f 984/984/3611 4662/4662/3611 4660/4660/3611
f 4663/4663/3612 4664/4664/3612 4665/4665/3612
f 4666/4666/3613 4664/4664/3613 4663/4663/3613
f 4667/4667/3614 4668/4668/3614 4669/4669/3614
f 1030/1030/3615 4670/4670/3615 1029/1029/3615
f 1031/1031/3616 4670/4670/3616 1030/1030/3616
f 1026/1026/3617 1033/1033/3617 968/968/3617
f 4671/4671/3618 4672/4672/3618 4673/4673/3618
f 4673/4673/3618 1036/1036/3618 4671/4671/3618
f 964/964/3619 4674/4674/3619 4675/4675/3619
f 4669/4669/3620 4674/4674/3620 964/964/3620
f 963/963/3621 4669/4669/3621 964/964/3621
f 963/963/3622 4667/4667/3622 4669/4669/3622
f 939/939/3623 1030/1030/3623 1029/1029/3623
f 994/994/3624 1031/1031/3624 1030/1030/3624
f 4638/4638/3625 4676/4676/3625 4646/4646/3625
f 4646/4646/3625 4639/4639/3625 4638/4638/3625
f 1035/1035/3626 4671/4671/3626 1036/1036/3626
f 4677/4677/3627 4678/4678/3627 4676/4676/3627
f 4679/4679/3628 4678/4678/3628 4677/4677/3628
f 4680/4680/3629 4681/4681/3629 4682/4682/3629
f 4683/4683/3630 4681/4681/3630 4680/4680/3630
f 4684/4684/3631 4681/4681/3631 4683/4683/3631
f 4685/4685/3632 4681/4681/3632 4684/4684/3632
f 4686/4686/3633 4687/4687/3633 4688/4688/3633
f 4676/4676/3634 4678/4678/3634 4689/4689/3634
f 1041/1041/3635 4677/4677/3635 4638/4638/3635
f 4638/4638/3635 1045/1045/3635 1041/1041/3635
f 4638/4638/3636 4677/4677/3636 4676/4676/3636
f 1016/1016/3637 4690/4690/3637 1024/1024/3637
f 1024/1024/3637 1017/1017/3637 1016/1016/3637
f 4691/4691/3638 4677/4677/3638 1041/1041/3638
f 4691/4691/3639 4679/4679/3639 4677/4677/3639
f 998/998/3640 4680/4680/3640 4692/4692/3640
f 4692/4692/3640 4659/4659/3640 998/998/3640
f 4692/4692/3641 4680/4680/3641 4682/4682/3641
f 4693/4693/3642 4683/4683/3642 998/998/3642
f 998/998/3642 1000/1000/3642 4693/4693/3642
f 998/998/3643 4683/4683/3643 4680/4680/3643
f 958/958/3644 4688/4688/3644 4652/4652/3644
f 4652/4652/3644 966/966/3644 958/958/3644
f 4693/4693/3645 4684/4684/3645 4683/4683/3645
f 4652/4652/3646 4694/4694/3646 4695/4695/3646
f 4652/4652/3647 4688/4688/3647 4694/4694/3647
f 1036/1036/3648 4673/4673/3648 937/937/3648
f 937/937/3648 1044/1044/3648 1036/1036/3648
f 958/958/3649 4686/4686/3649 4688/4688/3649
f 949/949/3650 4686/4686/3650 958/958/3650
f 4646/4646/3651 4676/4676/3651 4689/4689/3651
f 4696/4696/3652 1043/1043/3652 1042/1042/3652
f 1042/1042/3652 4673/4673/3652 4696/4696/3652
f 1037/1037/3653 1036/1036/3653 1044/1044/3653
f 1042/1042/3654 1041/1041/3654 1045/1045/3654
f 4673/4673/3655 1042/1042/3655 1046/1046/3655
f 1046/1046/3655 937/937/3655 4673/4673/3655
f 1019/1019/3656 982/982/3656 984/984/3656
f 1044/1044/3657 932/932/3657 934/934/3657
f 1046/1046/3658 1045/1045/3658 4638/4638/3658
f 1051/1051/3659 1048/1048/3659 995/995/3659
f 995/995/3659 1052/1052/3659 1051/1051/3659
f 970/970/3660 969/969/3660 1047/1047/3660
f 995/995/3661 1032/1032/3661 994/994/3661
f 1049/1049/3662 1050/1050/3662 1052/1052/3662
f 1068/1068/3663 1067/1067/3663 4697/4697/3663
f 4697/4697/3663 1073/1073/3663 1068/1068/3663
f 1067/1067/3664 1053/1053/3664 1054/1054/3664
f 1054/1054/3664 4697/4697/3664 1067/1067/3664
f 955/955/3665 4698/4698/3665 4699/4699/3665
f 4699/4699/3665 1008/1008/3665 955/955/3665
f 1037/1037/3666 1068/1068/3666 1073/1073/3666
f 1055/1055/3667 945/945/3667 980/980/3667
f 945/945/3668 955/955/3668 980/980/3668
f 1057/1057/3669 945/945/3669 1055/1055/3669
f 1056/1056/3670 980/980/3670 1018/1018/3670
f 954/954/3671 4650/4650/3671 1071/1071/3671
f 1061/1061/3672 1062/1062/3672 1064/1064/3672
f 1049/1049/3673 1052/1052/3673 1003/1003/3673
f 1003/1003/3674 1052/1052/3674 941/941/3674
f 1012/1012/3675 1049/1049/3675 1003/1003/3675
f 1052/1052/3676 995/995/3676 941/941/3676
f 1067/1067/3677 1066/1066/3677 1069/1069/3677
f 934/934/3678 933/933/3678 1065/1065/3678
f 1053/1053/3679 1069/1069/3679 971/971/3679
f 1068/1068/3680 1065/1065/3680 1067/1067/3680
f 955/955/3681 1071/1071/3681 4698/4698/3681
f 991/991/3682 1061/1061/3682 1072/1072/3682
f 1072/1072/3682 1077/1077/3682 991/991/3682
f 1037/1037/3683 934/934/3683 1068/1068/3683
f 1207/1207/3684 1206/1206/3684 1091/1091/3684
f 1091/1091/3684 4700/4700/3684 1207/1207/3684
f 1064/1064/3685 1063/1063/3685 1059/1059/3685
f 1004/1004/3686 941/941/3686 4701/4701/3686
f 1022/1022/3687 1074/1074/3687 1049/1049/3687
f 1054/1054/3688 970/970/3688 1047/1047/3688
f 4701/4701/3689 941/941/3689 942/942/3689
f 992/992/3690 1062/1062/3690 1061/1061/3690
f 1076/1076/3691 1072/1072/3691 1058/1058/3691
f 974/974/3692 1077/1077/3692 1075/1075/3692
f 1058/1058/3693 1064/1064/3693 1059/1059/3693
f 4702/4702/3694 1111/1111/3694 4703/4703/3694
f 4703/4703/3695 1111/1111/3695 1113/1113/3695
f 1078/1078/3696 1080/1080/3696 1205/1205/3696
f 1208/1208/3697 1207/1207/3697 4700/4700/3697
f 4700/4700/3697 1079/1079/3697 1208/1208/3697
f 4700/4700/3698 1091/1091/3698 1093/1093/3698
f 1093/1093/3698 4704/4704/3698 4700/4700/3698
f 1087/1087/3699 1099/1099/3699 1088/1088/3699
f 1100/1100/3700 1096/1096/3700 1098/1098/3700
f 1098/1098/3700 1108/1108/3700 1100/1100/3700
f 1079/1079/3701 4700/4700/3701 4704/4704/3701
f 1190/1190/3702 1209/1209/3702 1119/1119/3702
f 1089/1089/3703 1088/1088/3703 1095/1095/3703
f 1089/1089/3704 1095/1095/3704 1105/1105/3704
f 1095/1095/3705 1094/1094/3705 1114/1114/3705
f 1114/1114/3705 1103/1103/3705 1095/1095/3705
f 1088/1088/3706 1100/1100/3706 1108/1108/3706
f 1108/1108/3707 1098/1098/3707 1107/1107/3707
f 1107/1107/3707 1117/1117/3707 1108/1108/3707
f 1226/1226/3708 1109/1109/3708 4702/4702/3708
f 4702/4702/3708 1222/1222/3708 1226/1226/3708
f 1094/1094/3709 1108/1108/3709 1117/1117/3709
f 4702/4702/3710 1109/1109/3710 1111/1111/3710
f 1104/1104/3711 1103/1103/3711 1115/1115/3711
f 1115/1115/3711 4705/4705/3711 1104/1104/3711
f 1111/1111/3712 1110/1110/3712 1113/1113/3712
f 1140/1140/3713 4706/4706/3713 1148/1148/3713
f 1148/1148/3713 1150/1150/3713 1140/1140/3713
f 1117/1117/3714 1107/1107/3714 1116/1116/3714
f 1122/1122/3715 1118/1118/3715 1120/1120/3715
f 4707/4707/3716 1123/1123/3716 1135/1135/3716
f 1135/1135/3717 1123/1123/3717 1125/1125/3717
f 1123/1123/3718 1141/1141/3718 1124/1124/3718
f 4707/4707/3719 1135/1135/3719 1137/1137/3719
f 1129/1129/3720 1164/1164/3720 1130/1130/3720
f 1135/1135/3721 1134/1134/3721 1138/1138/3721
f 1124/1124/3722 1136/1136/3722 1125/1125/3722
f 1137/1137/3723 1135/1135/3723 1138/1138/3723
f 1124/1124/3724 1150/1150/3724 1149/1149/3724
f 1149/1149/3724 1136/1136/3724 1124/1124/3724
f 1140/1140/3725 1150/1150/3725 1124/1124/3725
f 1118/1118/3726 1122/1122/3726 1183/1183/3726
f 4708/4708/3727 1174/1174/3727 1176/1176/3727
f 1139/1139/3728 1138/1138/3728 1145/1145/3728
f 1149/1149/3729 1148/1148/3729 4709/4709/3729
f 4710/4710/3730 1154/1154/3730 1156/1156/3730
f 1156/1156/3730 4711/4711/3730 4710/4710/3730
f 1152/1152/3731 1151/1151/3731 1101/1101/3731
f 1240/1240/3732 4711/4711/3732 1156/1156/3732
f 1156/1156/3732 1236/1236/3732 1240/1240/3732
f 4709/4709/3733 4712/4712/3733 1153/1153/3733
f 1153/1153/3733 1149/1149/3733 4709/4709/3733
f 1236/1236/3734 1156/1156/3734 1155/1155/3734
f 1155/1155/3734 1170/1170/3734 1236/1236/3734
f 1136/1136/3735 1149/1149/3735 1153/1153/3735
f 4713/4713/3736 1110/1110/3736 1109/1109/3736
f 1226/1226/3737 4713/4713/3737 1109/1109/3737
f 1154/1154/3738 1167/1167/3738 1155/1155/3738
f 1173/1173/3739 1180/1180/3739 1181/1181/3739
f 1181/1181/3739 1171/1171/3739 1173/1173/3739
f 4710/4710/3740 1160/1160/3740 1154/1154/3740
f 1130/1130/3741 1165/1165/3741 1163/1163/3741
f 1223/1223/3742 1222/1222/3742 4702/4702/3742
f 1155/1155/3743 1168/1168/3743 1170/1170/3743
f 1161/1161/3744 1173/1173/3744 1171/1171/3744
f 1174/1174/3745 1129/1129/3745 1175/1175/3745
f 1168/1168/3746 1191/1191/3746 1177/1177/3746
f 1133/1133/3747 4714/4714/3747 1176/1176/3747
f 1176/1176/3747 1175/1175/3747 1133/1133/3747
f 1171/1171/3748 1181/1181/3748 1167/1167/3748
f 1182/1182/3749 4715/4715/3749 1189/1189/3749
f 1133/1133/3750 4716/4716/3750 4714/4714/3750
f 4717/4717/3751 4718/4718/3751 4719/4719/3751
f 4720/4720/3752 4718/4718/3752 4717/4717/3752
f 4721/4721/3753 4718/4718/3753 4720/4720/3753
f 1186/1186/3754 4722/4722/3754 1185/1185/3754
f 1187/1187/3755 4722/4722/3755 1186/1186/3755
f 1182/1182/3756 1189/1189/3756 1119/1119/3756
f 1180/1180/3757 1196/1196/3757 1197/1197/3757
f 1197/1197/3757 1181/1181/3757 1180/1180/3757
f 4723/4723/3758 4717/4717/3758 4724/4724/3758
f 4720/4720/3759 4717/4717/3759 4723/4723/3759
f 1112/1112/3760 4725/4725/3760 1113/1113/3760
f 1112/1112/3761 4726/4726/3761 4725/4725/3761
f 1082/1082/3762 1186/1186/3762 1185/1185/3762
f 1151/1151/3763 1187/1187/3763 1186/1186/3763
f 1203/1203/3764 1202/1202/3764 1194/1194/3764
f 1193/1193/3765 4727/4727/3765 1194/1194/3765
f 1206/1206/3766 4728/4728/3766 1092/1092/3766
f 1092/1092/3766 1091/1091/3766 1206/1206/3766
f 1181/1181/3767 1197/1197/3767 1168/1168/3767
f 4729/4729/3768 4730/4730/3768 4728/4728/3768
f 4731/4731/3769 4732/4732/3769 4733/4733/3769
f 4734/4734/3770 4732/4732/3770 4731/4731/3770
f 4735/4735/3771 4732/4732/3771 4734/4734/3771
f 4736/4736/3772 4732/4732/3772 4735/4735/3772
f 4737/4737/3773 4732/4732/3773 4736/4736/3773
f 4728/4728/3774 4730/4730/3774 4738/4738/3774
f 4739/4739/3775 4729/4729/3775 1198/1198/3775
f 1198/1198/3775 1200/1200/3775 4739/4739/3775
f 1198/1198/3776 4728/4728/3776 1206/1206/3776
f 1198/1198/3777 4729/4729/3777 4728/4728/3777
f 1162/1162/3778 4731/4731/3778 4740/4740/3778
f 4740/4740/3778 4741/4741/3778 1162/1162/3778
f 1179/1179/3779 4742/4742/3779 4743/4743/3779
f 4744/4744/3780 4734/4734/3780 1162/1162/3780
f 1162/1162/3780 1157/1157/3780 4744/4744/3780
f 1162/1162/3781 4734/4734/3781 4731/4731/3781
f 1143/1143/3782 4735/4735/3782 4744/4744/3782
f 4744/4744/3782 1144/1144/3782 1143/1143/3782
f 4744/4744/3783 4735/4735/3783 4734/4734/3783
f 1106/1106/3784 4745/4745/3784 1128/1128/3784
f 1128/1128/3784 1116/1116/3784 1106/1106/3784
f 1128/1128/3785 4745/4745/3785 4746/4746/3785
f 1097/1097/3786 4747/4747/3786 1106/1106/3786
f 1106/1106/3786 1098/1098/3786 1097/1097/3786
f 1106/1106/3787 4747/4747/3787 4745/4745/3787
f 1202/1202/3788 1208/1208/3788 1204/1204/3788
f 1204/1204/3788 1194/1194/3788 1202/1202/3788
f 1092/1092/3789 4728/4728/3789 4738/4738/3789
f 1200/1200/3790 1199/1199/3790 1201/1201/3790
f 1201/1201/3790 4748/4748/3790 1200/1200/3790
f 1195/1195/3791 1194/1194/3791 1204/1204/3791
f 1204/1204/3792 1208/1208/3792 1079/1079/3792
f 1079/1079/3792 1078/1078/3792 1204/1204/3792
f 4748/4748/3793 1201/1201/3793 1203/1203/3793
f 1175/1175/3794 1131/1131/3794 1133/1133/3794
f 1199/1199/3795 1206/1206/3795 1207/1207/3795
f 1207/1207/3795 1201/1201/3795 1199/1199/3795
f 1204/1204/3796 1078/1078/3796 1205/1205/3796
f 1213/1213/3797 1210/1210/3797 1152/1152/3797
f 1152/1152/3797 1214/1214/3797 1213/1213/3797
f 1201/1201/3798 1207/1207/3798 1202/1202/3798
f 1121/1121/3799 1120/1120/3799 1209/1209/3799
f 1152/1152/3800 1188/1188/3800 1151/1151/3800
f 1211/1211/3801 1212/1212/3801 1214/1214/3801
f 1231/1231/3802 1230/1230/3802 4749/4749/3802
f 4749/4749/3802 1237/1237/3802 1231/1231/3802
f 1230/1230/3803 1215/1215/3803 1216/1216/3803
f 1216/1216/3803 4749/4749/3803 1230/1230/3803
f 1105/1105/3804 4750/4750/3804 4751/4751/3804
f 4751/4751/3804 1164/1164/3804 1105/1105/3804
f 1195/1195/3805 1231/1231/3805 1237/1237/3805
f 1217/1217/3806 1219/1219/3806 1129/1129/3806
f 1089/1089/3807 1105/1105/3807 1219/1219/3807
f 1219/1219/3808 1105/1105/3808 1129/1129/3808
f 1090/1090/3809 1089/1089/3809 1220/1220/3809
f 1220/1220/3810 1219/1219/3810 1217/1217/3810
f 1218/1218/3811 1129/1129/3811 1174/1174/3811
f 1104/1104/3812 4705/4705/3812 1234/1234/3812
f 1224/1224/3813 1225/1225/3813 1227/1227/3813
f 1211/1211/3814 1214/1214/3814 1170/1170/3814
f 1170/1170/3815 1214/1214/3815 1084/1084/3815
f 1169/1169/3816 1211/1211/3816 1170/1170/3816
f 1214/1214/3817 1152/1152/3817 1084/1084/3817
f 1230/1230/3818 1229/1229/3818 1232/1232/3818
f 1215/1215/3819 1232/1232/3819 1122/1122/3819
f 1231/1231/3820 1228/1228/3820 1230/1230/3820
f 1105/1105/3821 1234/1234/3821 4750/4750/3821
f 317/317/3822 4457/4457/3822 486/486/3822
f 486/486/3822 485/485/3822 317/317/3822
f 1195/1195/3823 1205/1205/3823 1231/1231/3823
f 1139/1139/3824 1224/1224/3824 1235/1235/3824
f 1227/1227/3825 1226/1226/3825 1222/1222/3825
f 1236/1236/3826 1084/1084/3826 1239/1239/3826
f 1178/1178/3827 1238/1238/3827 1211/1211/3827
f 1216/1216/3828 1121/1121/3828 1209/1209/3828
f 1239/1239/3829 1084/1084/3829 1085/1085/3829
f 1147/1147/3830 1225/1225/3830 1224/1224/3830
f 1242/1242/3831 1235/1235/3831 1221/1221/3831
f 4707/4707/3832 1137/1137/3832 1241/1241/3832
f 1221/1221/3833 1227/1227/3833 1222/1222/3833
f 4457/4457/3834 4752/4752/3834 4455/4455/3834
f 4455/4455/3834 486/486/3834 4457/4457/3834
f 4752/4752/3835 1243/1243/3835 1245/1245/3835
f 1245/1245/3835 4455/4455/3835 4752/4752/3835
f 4753/4753/3836 2187/2187/3836 1249/1249/3836
f 1249/1249/3836 4754/4754/3836 4753/4753/3836
f 2186/2186/3837 1247/1247/3837 1249/1249/3837
f 1249/1249/3837 2187/2187/3837 2186/2186/3837
f 4755/4755/3838 1274/1274/3838 4756/4756/3838
f 4756/4756/3838 1246/1246/3838 4755/4755/3838
f 4449/4449/3839 4757/4757/3839 4758/4758/3839
f 4758/4758/3839 4759/4759/3839 4449/4449/3839
f 4754/4754/3840 1249/1249/3840 4760/4760/3840
f 1255/1255/3841 1254/1254/3841 4761/4761/3841
f 4416/4416/3842 454/454/3842 1250/1250/3842
f 1250/1250/3842 473/473/3842 4416/4416/3842
f 4449/4449/3843 4762/4762/3843 4757/4757/3843
f 516/516/3844 1255/1255/3844 4439/4439/3844
f 4439/4439/3844 4442/4442/3844 516/516/3844
f 454/454/3845 456/456/3845 1250/1250/3845
f 473/473/3846 1250/1250/3846 1252/1252/3846
f 1255/1255/3847 4761/4761/3847 4438/4438/3847
f 4438/4438/3847 4439/4439/3847 1255/1255/3847
f 1253/1253/3848 1255/1255/3848 516/516/3848
f 516/516/3848 489/489/3848 1253/1253/3848
f 4763/4763/3849 4764/4764/3849 4765/4765/3849
f 4765/4765/3849 4766/4766/3849 4763/4763/3849
f 1244/1244/3850 4449/4449/3850 4759/4759/3850
f 1257/1257/3851 1256/1256/3851 304/304/3851
f 318/318/3852 317/317/3852 485/485/3852
f 1259/1259/3853 1257/1257/3853 304/304/3853
f 1258/1258/3854 316/316/3854 1257/1257/3854
f 1259/1259/3855 304/304/3855 301/301/3855
f 4764/4764/3856 253/253/3856 356/356/3856
f 356/356/3856 4765/4765/3856 4764/4764/3856
f 4766/4766/3857 4765/4765/3857 356/356/3857
f 356/356/3857 351/351/3857 4766/4766/3857
f 4767/4767/3858 4768/4768/3858 499/499/3858
f 499/499/3858 193/193/3858 4767/4767/3858
f 1264/1264/3859 1263/1263/3859 4330/4330/3859
f 4768/4768/3860 4769/4769/3860 499/499/3860
f 259/259/3861 1258/1258/3861 1265/1265/3861
f 1265/1265/3861 243/243/3861 259/259/3861
f 81/81/3862 1276/1276/3862 173/173/3862
f 173/173/3862 1278/1278/3862 81/81/3862
f 1265/1265/3863 1259/1259/3863 301/301/3863
f 4770/4770/3864 1266/1266/3864 1268/1268/3864
f 1266/1266/3865 1270/1270/3865 1267/1267/3865
f 1272/1272/3866 172/172/3866 259/259/3866
f 242/242/3867 1272/1272/3867 243/243/3867
f 4756/4756/3868 1274/1274/3868 1273/1273/3868
f 1273/1273/3869 1275/1275/3869 2133/2133/3869
f 1273/1273/3870 2133/2133/3870 364/364/3870
f 8/8/3871 171/171/3871 1272/1272/3871
f 87/87/3872 86/86/3872 30/30/3872
f 81/81/3873 80/80/3873 1276/1276/3873
f 4771/4771/3874 4772/4772/3874 4773/4773/3874
f 4773/4773/3874 4774/4774/3874 4771/4771/3874
f 168/168/3875 172/172/3875 81/81/3875
f 155/155/3876 63/63/3876 1279/1279/3876
f 1280/1280/3877 1320/1320/3877 1281/1281/3877
f 1283/1283/3878 4775/4775/3878 1284/1284/3878
f 1286/1286/3879 78/78/3879 108/108/3879
f 1286/1286/3880 108/108/3880 1287/1287/3880
f 153/153/3881 1286/1286/3881 1287/1287/3881
f 1289/1289/3882 1288/1288/3882 4776/4776/3882
f 4413/4413/3883 1290/1290/3883 1293/1293/3883
f 4772/4772/3884 2113/2113/3884 2112/2112/3884
f 2112/2112/3884 4773/4773/3884 4772/4772/3884
f 1294/1294/3885 407/407/3885 1289/1289/3885
f 1291/1291/3886 1290/1290/3886 4413/4413/3886
f 4773/4773/3887 2112/2112/3887 2124/2124/3887
f 2124/2124/3887 4777/4777/3887 4773/4773/3887
f 4774/4774/3888 4773/4773/3888 4777/4777/3888
f 4777/4777/3888 4778/4778/3888 4774/4774/3888
f 4263/4263/3889 44/44/3889 1296/1296/3889
f 1296/1296/3889 1299/1299/3889 4263/4263/3889
f 4779/4779/3890 4774/4774/3890 4778/4778/3890
f 1295/1295/3891 1289/1289/3891 4780/4780/3891
f 4265/4265/3892 4263/4263/3892 1299/1299/3892
f 1299/1299/3892 4781/4781/3892 4265/4265/3892
f 1299/1299/3893 1296/1296/3893 1298/1298/3893
f 4781/4781/3894 1299/1299/3894 1300/1300/3894
f 4778/4778/3895 4777/4777/3895 2123/2123/3895
f 2123/2123/3895 4782/4782/3895 4778/4778/3895
f 284/284/3896 287/287/3896 1301/1301/3896
f 1301/1301/3897 1302/1302/3897 4783/4783/3897
f 1303/1303/3898 4412/4412/3898 390/390/3898
f 105/105/3899 1287/1287/3899 106/106/3899
f 1277/1277/3900 1286/1286/3900 136/136/3900
f 1306/1306/3901 4782/4782/3901 2121/2121/3901
f 4782/4782/3902 2123/2123/3902 2121/2121/3902
f 1306/1306/3903 4778/4778/3903 4782/4782/3903
f 1307/1307/3904 1306/1306/3904 2121/2121/3904
f 2121/2121/3904 4296/4296/3904 1307/1307/3904
f 4777/4777/3905 2124/2124/3905 2123/2123/3905
f 4296/4296/3906 2121/2121/3906 2120/2120/3906
f 94/94/3907 1309/1309/3907 4784/4784/3907
f 4784/4784/3907 93/93/3907 94/94/3907
f 1309/1309/3908 4265/4265/3908 4781/4781/3908
f 4781/4781/3908 4784/4784/3908 1309/1309/3908
f 1283/1283/3909 1315/1315/3909 4785/4785/3909
f 4785/4785/3909 4775/4775/3909 1283/1283/3909
f 1305/1305/3910 1304/1304/3910 1313/1313/3910
f 1310/1310/3911 4786/4786/3911 1311/1311/3911
f 130/130/3912 1305/1305/3912 1313/1313/3912
f 1318/1318/3913 4787/4787/3913 1319/1319/3913
f 4788/4788/3914 1364/1364/3914 1379/1379/3914
f 1379/1379/3914 1357/1357/3914 4788/4788/3914
f 44/44/3915 42/42/3915 1324/1324/3915
f 42/42/3916 1322/1322/3916 1324/1324/3916
f 97/97/3917 1321/1321/3917 42/42/3917
f 1296/1296/3918 1324/1324/3918 1297/1297/3918
f 4789/4789/3919 1362/1362/3919 1326/1326/3919
f 1325/1325/3920 4789/4789/3920 1326/1326/3920
f 4790/4790/3921 1362/1362/3921 4789/4789/3921
f 1337/1337/3922 1339/1339/3922 4791/4791/3922
f 1346/1346/3923 1349/1349/3923 1344/1344/3923
f 1332/1332/3924 1331/1331/3924 1333/1333/3924
f 4792/4792/3925 1456/1456/3925 1457/1457/3925
f 1349/1349/3926 1365/1365/3926 1350/1350/3926
f 1344/1344/3927 1350/1350/3927 1358/1358/3927
f 1345/1345/3928 1344/1344/3928 1353/1353/3928
f 1338/1338/3929 1356/1356/3929 1339/1339/3929
f 1350/1350/3930 4788/4788/3930 1357/1357/3930
f 1365/1365/3931 4788/4788/3931 1350/1350/3931
f 1351/1351/3932 1358/1358/3932 1359/1359/3932
f 1344/1344/3933 1358/1358/3933 1351/1351/3933
f 1354/1354/3934 1359/1359/3934 1368/1368/3934
f 1362/1362/3935 1361/1361/3935 1326/1326/3935
f 4790/4790/3936 1360/1360/3936 1362/1362/3936
f 4793/4793/3937 1375/1375/3937 1382/1382/3937
f 1382/1382/3937 1388/1388/3937 4793/4793/3937
f 1365/1365/3938 1364/1364/3938 4788/4788/3938
f 1358/1358/3939 1366/1366/3939 1359/1359/3939
f 1399/1399/3940 1405/1405/3940 1410/1410/3940
f 1410/1410/3940 1400/1400/3940 1399/1399/3940
f 1376/1376/3941 1375/1375/3941 4793/4793/3941
f 1411/1411/3942 1453/1453/3942 1412/1412/3942
f 1412/1412/3943 1453/1453/3943 4794/4794/3943
f 1375/1375/3944 1380/1380/3944 1381/1381/3944
f 1374/1374/3945 1393/1393/3945 1380/1380/3945
f 1373/1373/3946 1371/1371/3946 1390/1390/3946
f 1380/1380/3947 1392/1392/3947 1381/1381/3947
f 1356/1356/3948 1458/1458/3948 1397/1397/3948
f 1398/1398/3949 1416/1416/3949 1404/1404/3949
f 1404/1404/3949 1399/1399/3949 1398/1398/3949
f 1393/1393/3950 1474/1474/3950 1391/1391/3950
f 1381/1381/3951 1392/1392/3951 1403/1403/3951
f 1361/1361/3952 1360/1360/3952 1428/1428/3952
f 1340/1340/3953 1361/1361/3953 1428/1428/3953
f 1326/1326/3954 1340/1340/3954 1342/1342/3954
f 4792/4792/3955 4795/4795/3955 1369/1369/3955
f 1369/1369/3955 1456/1456/3955 4792/4792/3955
f 1404/1404/3956 1417/1417/3956 1405/1405/3956
f 1410/1410/3957 1405/1405/3957 1406/1406/3957
f 1412/1412/3958 4794/4794/3958 4796/4796/3958
f 1416/1416/3959 1415/1415/3959 1404/1404/3959
f 1406/1406/3960 1417/1417/3960 1418/1418/3960
f 1409/1409/3961 1418/1418/3961 1426/1426/3961
f 1419/1419/3962 4797/4797/3962 1420/1420/3962
f 1423/1423/3963 1433/1433/3963 1415/1415/3963
f 1417/1417/3964 1424/1424/3964 1418/1418/3964
f 1415/1415/3965 1424/1424/3965 1417/1417/3965
f 4795/4795/3966 4798/4798/3966 4799/4799/3966
f 4800/4800/3967 4801/4801/3967 4802/4802/3967
f 1355/1355/3968 4801/4801/3968 4800/4800/3968
f 4803/4803/3969 4804/4804/3969 4805/4805/3969
f 4806/4806/3970 4804/4804/3970 4803/4803/3970
f 4807/4807/3971 4808/4808/3971 4809/4809/3971
f 4810/4810/3972 4808/4808/3972 4807/4807/3972
f 1369/1369/3973 4795/4795/3973 4799/4799/3973
f 1355/1355/3974 4800/4800/3974 1458/1458/3974
f 1458/1458/3974 1356/1356/3974 1355/1355/3974
f 1458/1458/3975 4800/4800/3975 4811/4811/3975
f 4800/4800/3976 4802/4802/3976 4811/4811/3976
f 1420/1420/3977 4807/4807/3977 4794/4794/3977
f 4794/4794/3977 1453/1453/3977 1420/1420/3977
f 4790/4790/3978 4812/4812/3978 1360/1360/3978
f 4813/4813/3979 4812/4812/3979 4790/4790/3979
f 4794/4794/3980 4807/4807/3980 4809/4809/3980
f 1346/1346/3981 1467/1467/3981 1466/1466/3981
f 1466/1466/3981 1349/1349/3981 1346/1346/3981
f 4797/4797/3982 4807/4807/3982 1420/1420/3982
f 4797/4797/3983 4810/4810/3983 4807/4807/3983
f 1369/1369/3984 4799/4799/3984 1370/1370/3984
f 1429/1429/3985 1451/1451/3985 1430/1430/3985
f 1430/1430/3986 1455/1455/3986 4814/4814/3986
f 1424/1424/3987 1433/1433/3987 1434/1434/3987
f 1425/1425/3988 1434/1434/3988 1448/1448/3988
f 1436/1436/3989 4815/4815/3989 1435/1435/3989
f 1440/1440/3990 4816/4816/3990 4817/4817/3990
f 1442/1442/3991 4816/4816/3991 1440/1440/3991
f 1443/1443/3992 4816/4816/3992 1442/1442/3992
f 4818/4818/3993 4816/4816/3993 1443/1443/3993
f 1449/1449/3994 4815/4815/3994 4819/4819/3994
f 1435/1435/3995 4815/4815/3995 1449/1449/3995
f 1348/1348/3996 1436/1436/3996 1435/1435/3996
f 4820/4820/3997 1440/1440/3997 4817/4817/3997
f 1386/1386/3998 1442/1442/3998 1440/1440/3998
f 1402/1402/3999 1443/1443/3999 1442/1442/3999
f 1426/1426/4000 1446/1446/4000 1445/1445/4000
f 1450/1450/4001 1449/1449/4001 4819/4819/4001
f 1334/1334/4002 1435/1435/4002 1449/1449/4002
f 1430/1430/4003 1332/1332/4003 1455/1455/4003
f 4814/4814/4004 1454/1454/4004 4821/4821/4004
f 4814/4814/4005 1455/1455/4005 1454/1454/4005
f 4821/4821/4006 1454/1454/4006 1450/1450/4006
f 1421/1421/4007 1420/1420/4007 1453/1453/4007
f 1330/1330/4008 1329/1329/4008 1452/1452/4008
f 1455/1455/4009 1335/1335/4009 1454/1454/4009
f 1457/1457/4010 1371/1371/4010 1372/1372/4010
f 1458/1458/4011 4811/4811/4011 1459/1459/4011
f 1397/1397/4012 1460/1460/4012 1462/1462/4012
f 1397/1397/4013 1459/1459/4013 1460/1460/4013
f 1465/1465/4014 1464/1464/4014 1470/1470/4014
f 1463/1463/4015 1372/1372/4015 1464/1464/4015
f 1465/1465/4016 1470/1470/4016 1451/1451/4016
f 1466/1466/4017 1421/1421/4017 1411/1411/4017
f 1349/1349/4018 1466/1466/4018 1365/1365/4018
f 1466/1466/4019 1422/1422/4019 1421/1421/4019
f 1376/1376/4020 4822/4822/4020 1471/1471/4020
f 1471/1471/4020 1472/1472/4020 1376/1376/4020
f 1468/1468/4021 1411/1411/4021 1413/1413/4021
f 1471/1471/4022 1473/1473/4022 1472/1472/4022
f 1471/1471/4023 1342/1342/4023 1473/1473/4023
f 1327/1327/4024 1342/1342/4024 1471/1471/4024
f 1472/1472/4025 1473/1473/4025 1393/1393/4025
f 1339/1339/4026 1397/1397/4026 1416/1416/4026
f 1416/1416/4027 1462/1462/4027 1414/1414/4027
f 1330/1330/4028 1470/1470/4028 1469/1469/4028
f 1470/1470/4029 1464/1464/4029 1469/1469/4029
f 1365/1365/4030 1411/1411/4030 1468/1468/4030
f 1464/1464/4031 1372/1372/4031 1373/1373/4031
f 1374/1374/4032 1376/1376/4032 1472/1472/4032
f 4823/4823/4033 4791/4791/4033 1416/1416/4033
f 1416/1416/4033 4824/4824/4033 4823/4823/4033
f 4822/4822/4034 1325/1325/4034 1471/1471/4034
f 4791/4791/4035 1339/1339/4035 1416/1416/4035
f 4824/4824/4036 1416/1416/4036 1398/1398/4036
f 1612/1612/4037 4825/4825/4037 1501/1501/4037
f 1501/1501/4037 1500/1500/4037 1612/1612/4037
f 1462/1462/4038 1461/1461/4038 1414/1414/4038
f 1457/1457/4039 1372/1372/4039 1463/1463/4039
f 1562/1562/4040 1514/1514/4040 1563/1563/4040
f 4826/4826/4041 1514/1514/4041 1562/1562/4041
f 1475/1475/4042 4827/4827/4042 1476/1476/4042
f 1480/1480/4043 1479/1479/4043 1485/1485/4043
f 4828/4828/4044 1605/1605/4044 1606/1606/4044
f 1491/1491/4045 1501/1501/4045 1510/1510/4045
f 1493/1493/4046 1500/1500/4046 1491/1491/4046
f 1492/1492/4047 1491/1491/4047 1504/1504/4047
f 1508/1508/4048 1507/1507/4048 1487/1487/4048
f 1487/1487/4049 1507/1507/4049 1488/1488/4049
f 1501/1501/4050 4825/4825/4050 1509/1509/4050
f 1514/1514/4051 1513/1513/4051 1549/1549/4051
f 1549/1549/4051 1563/1563/4051 1514/1514/4051
f 1502/1502/4052 1510/1510/4052 1511/1511/4052
f 1491/1491/4053 1510/1510/4053 1502/1502/4053
f 1505/1505/4054 1511/1511/4054 1517/1517/4054
f 4825/4825/4055 4829/4829/4055 1524/1524/4055
f 1524/1524/4055 1509/1509/4055 4825/4825/4055
f 4826/4826/4056 1512/1512/4056 1514/1514/4056
f 1614/1614/4057 4829/4829/4057 4825/4825/4057
f 4825/4825/4057 1612/1612/4057 1614/1614/4057
f 4830/4830/4058 1526/1526/4058 1530/1530/4058
f 1530/1530/4058 4831/4831/4058 4830/4830/4058
f 1510/1510/4059 1515/1515/4059 1511/1511/4059
f 1544/1544/4060 1552/1552/4060 1557/1557/4060
f 1557/1557/4060 1545/1545/4060 1544/1544/4060
f 1527/1527/4061 1526/1526/4061 4830/4830/4061
f 1560/1560/4062 1602/1602/4062 1558/1558/4062
f 1526/1526/4063 1528/1528/4063 1529/1529/4063
f 1528/1528/4064 1538/1538/4064 1529/1529/4064
f 1525/1525/4065 1539/1539/4065 1528/1528/4065
f 1507/1507/4066 4832/4832/4066 1499/1499/4066
f 1543/1543/4067 1571/1571/4067 1551/1551/4067
f 1551/1551/4067 1544/1544/4067 1543/1543/4067
f 1539/1539/4068 4833/4833/4068 1537/1537/4068
f 1542/1542/4069 4834/4834/4069 1546/1546/4069
f 1513/1513/4070 1512/1512/4070 1576/1576/4070
f 1548/1548/4071 1513/1513/4071 1576/1576/4071
f 4828/4828/4072 4835/4835/4072 1519/1519/4072
f 1519/1519/4072 1605/1605/4072 4828/4828/4072
f 1551/1551/4073 1565/1565/4073 1552/1552/4073
f 1557/1557/4074 1552/1552/4074 1553/1553/4074
f 1559/1559/4075 1558/1558/4075 4836/4836/4075
f 4837/4837/4076 1560/1560/4076 1559/1559/4076
f 1571/1571/4077 1564/1564/4077 1551/1551/4077
f 1553/1553/4078 1565/1565/4078 1566/1566/4078
f 1556/1556/4079 1566/1566/4079 1574/1574/4079
f 1567/1567/4080 4838/4838/4080 1568/1568/4080
f 1571/1571/4081 1577/1577/4081 1570/1570/4081
f 1570/1570/4082 1579/1579/4082 1564/1564/4082
f 1565/1565/4083 1572/1572/4083 1566/1566/4083
f 1564/1564/4084 1572/1572/4084 1565/1565/4084
f 4835/4835/4085 4839/4839/4085 4840/4840/4085
f 4841/4841/4086 4842/4842/4086 4843/4843/4086
f 1506/1506/4087 4842/4842/4087 4841/4841/4087
f 1512/1512/4088 4844/4844/4088 1575/1575/4088
f 4845/4845/4089 4844/4844/4089 1512/1512/4089
f 4846/4846/4090 4847/4847/4090 4848/4848/4090
f 4849/4849/4091 4847/4847/4091 4846/4846/4091
f 1519/1519/4092 4835/4835/4092 4840/4840/4092
f 1506/1506/4093 4841/4841/4093 4832/4832/4093
f 4832/4832/4093 1507/1507/4093 1506/1506/4093
f 4832/4832/4094 4841/4841/4094 1497/1497/4094
f 4841/4841/4095 4843/4843/4095 1497/1497/4095
f 1568/1568/4096 4846/4846/4096 1558/1558/4096
f 1558/1558/4096 1602/1602/4096 1568/1568/4096
f 4826/4826/4097 4845/4845/4097 1512/1512/4097
f 4850/4850/4098 4845/4845/4098 4826/4826/4098
f 1558/1558/4099 4846/4846/4099 4848/4848/4099
f 4851/4851/4100 4852/4852/4100 1577/1577/4100
f 1577/1577/4100 1571/1571/4100 4851/4851/4100
f 4838/4838/4101 4846/4846/4101 1568/1568/4101
f 4838/4838/4102 4849/4849/4102 4846/4846/4102
f 1519/1519/4103 4840/4840/4103 1521/1521/4103
f 1601/1601/4104 1604/1604/4104 4853/4853/4104
f 1572/1572/4105 1579/1579/4105 1580/1580/4105
f 1573/1573/4106 1580/1580/4106 4854/4854/4106
f 1582/1582/4107 4855/4855/4107 1581/1581/4107
f 4856/4856/4108 4855/4855/4108 1582/1582/4108
f 1588/1588/4109 4857/4857/4109 1586/1586/4109
f 1589/1589/4110 4857/4857/4110 1588/1588/4110
f 1593/1593/4111 4855/4855/4111 4858/4858/4111
f 1596/1596/4112 4855/4855/4112 1593/1593/4112
f 1581/1581/4113 4855/4855/4113 1596/1596/4113
f 1495/1495/4114 1582/1582/4114 1581/1581/4114
f 1517/1517/4115 1585/1585/4115 1584/1584/4115
f 1534/1534/4116 1588/1588/4116 1586/1586/4116
f 1547/1547/4117 1589/1589/4117 1588/1588/4117
f 1574/1574/4118 1592/1592/4118 1591/1591/4118
f 1595/1595/4119 1596/1596/4119 1593/1593/4119
f 1482/1482/4120 1581/1581/4120 1596/1596/4120
f 1601/1601/4121 1480/1480/4121 1604/1604/4121
f 1597/1597/4122 1477/1477/4122 1598/1598/4122
f 1579/1579/4123 4859/4859/4123 1580/1580/4123
f 4860/4860/4124 4861/4861/4124 1603/1603/4124
f 4862/4862/4125 1603/1603/4125 1595/1595/4125
f 1569/1569/4126 1568/1568/4126 1602/1602/4126
f 1477/1477/4127 1476/1476/4127 1598/1598/4127
f 4861/4861/4128 1483/1483/4128 1603/1603/4128
f 4832/4832/4129 1497/1497/4129 1499/1499/4129
f 1499/1499/4130 4863/4863/4130 4851/4851/4130
f 4851/4851/4131 4863/4863/4131 4852/4852/4131
f 1622/1622/4132 1618/1618/4132 1619/1619/4132
f 1619/1619/4132 1617/1617/4132 1622/1622/4132
f 1606/1606/4133 1518/1518/4133 1618/1618/4133
f 1500/1500/4134 1569/1569/4134 1560/1560/4134
f 1493/1493/4135 1608/1608/4135 1500/1500/4135
f 1608/1608/4136 1610/1610/4136 1569/1569/4136
f 1626/1626/4137 1561/1561/4137 1563/1563/4137
f 1527/1527/4138 1626/1626/4138 1625/1625/4138
f 1616/1616/4139 1615/1615/4139 1539/1539/4139
f 1488/1488/4140 1499/1499/4140 4851/4851/4140
f 1488/1488/4141 4851/4851/4141 1571/1571/4141
f 1619/1619/4142 1518/1518/4142 1520/1520/4142
f 1475/1475/4143 1617/1617/4143 4864/4864/4143
f 1500/1500/4144 1560/1560/4144 4837/4837/4144
f 1500/1500/4145 4837/4837/4145 1613/1613/4145
f 1612/1612/4146 1500/1500/4146 1613/1613/4146
f 1607/1607/4147 1622/1622/4147 1617/1617/4147
f 4865/4865/4148 1606/1606/4148 1618/1618/4148
f 1618/1618/4148 1623/1623/4148 4865/4865/4148
f 1477/1477/4149 1607/1607/4149 1617/1617/4149
f 1620/1620/4150 1625/1625/4150 1616/1616/4150
f 1620/1620/4151 1539/1539/4151 1525/1525/4151
f 1621/1621/4152 1488/1488/4152 1543/1543/4152
f 1623/1623/4153 1622/1622/4153 1607/1607/4153
f 1607/1607/4153 4866/4866/4153 1623/1623/4153
f 1777/1777/4154 4867/4867/4154 1660/1660/4154
f 1660/1660/4154 1659/1659/4154 1777/1777/4154
f 4866/4866/4155 1607/1607/4155 1597/1597/4155
f 1625/1625/4156 1626/1626/4156 1616/1616/4156
f 1616/1616/4157 1563/1563/4157 1549/1549/4157
f 4868/4868/4158 1628/1628/4158 1627/1627/4158
f 4868/4868/4159 1668/1668/4159 1628/1628/4159
f 1632/1632/4160 4869/4869/4160 1634/1634/4160
f 1631/1631/4161 4869/4869/4161 1632/1632/4161
f 4870/4870/4162 1641/1641/4162 1640/1640/4162
f 1640/1640/4163 1642/1642/4163 4871/4871/4163
f 1647/1647/4164 1646/1646/4164 1649/1649/4164
f 1635/1635/4165 1634/1634/4165 1636/1636/4165
f 4872/4872/4166 1763/1763/4166 1656/1656/4166
f 1649/1649/4167 1660/1660/4167 1666/1666/4167
f 1646/1646/4168 1659/1659/4168 1649/1649/4168
f 1650/1650/4169 1649/1649/4169 1663/1663/4169
f 1641/1641/4170 1707/1707/4170 1642/1642/4170
f 1660/1660/4171 4867/4867/4171 1665/1665/4171
f 1629/1629/4172 1628/1628/4172 1669/1669/4172
f 1669/1669/4172 1645/1645/4172 1629/1629/4172
f 1661/1661/4173 1666/1666/4173 1667/1667/4173
f 1649/1649/4174 1666/1666/4174 1661/1661/4174
f 1664/1664/4175 1667/1667/4175 1672/1672/4175
f 4867/4867/4176 4873/4873/4176 1682/1682/4176
f 1682/1682/4176 1665/1665/4176 4867/4867/4176
f 1669/1669/4177 1668/1668/4177 4874/4874/4177
f 1779/1779/4178 4873/4873/4178 4867/4867/4178
f 4867/4867/4178 1777/1777/4178 1779/1779/4178
f 1678/1678/4179 1687/1687/4179 1691/1691/4179
f 1691/1691/4179 1697/1697/4179 1678/1678/4179
f 1666/1666/4180 1670/1670/4180 1667/1667/4180
f 1710/1710/4181 1715/1715/4181 1720/1720/4181
f 1720/1720/4181 1711/1711/4181 1710/1710/4181
f 1677/1677/4182 1687/1687/4182 1678/1678/4182
f 1760/1760/4183 1683/1683/4183 1722/1722/4183
f 1722/1722/4184 1683/1683/4184 1685/1685/4184
f 1687/1687/4185 1688/1688/4185 1689/1689/4185
f 1676/1676/4186 1674/1674/4186 1699/1699/4186
f 1688/1688/4187 1702/1702/4187 1689/1689/4187
f 1686/1686/4188 1703/1703/4188 1688/1688/4188
f 1707/1707/4189 1764/1764/4189 1708/1708/4189
f 1709/1709/4190 1725/1725/4190 1714/1714/4190
f 1714/1714/4190 1710/1710/4190 1709/1709/4190
f 1703/1703/4191 4875/4875/4191 1701/1701/4191
f 1690/1690/4192 1702/1702/4192 1712/1712/4192
f 1645/1645/4193 1669/1669/4193 1643/1643/4193
f 1643/1643/4194 1669/1669/4194 4874/4874/4194
f 1760/1760/4195 1722/1722/4195 1721/1721/4195
f 1721/1721/4195 1784/1784/4195 1760/1760/4195
f 1714/1714/4196 1726/1726/4196 1715/1715/4196
f 1720/1720/4197 1715/1715/4197 1716/1716/4197
f 4872/4872/4198 4876/4876/4198 1673/1673/4198
f 1673/1673/4198 1763/1763/4198 4872/4872/4198
f 1725/1725/4199 1724/1724/4199 1714/1714/4199
f 1716/1716/4200 1726/1726/4200 1727/1727/4200
f 1719/1719/4201 1727/1727/4201 1734/1734/4201
f 1728/1728/4202 4877/4877/4202 1729/1729/4202
f 1723/1723/4203 1768/1768/4203 1731/1731/4203
f 1731/1731/4204 1739/1739/4204 1724/1724/4204
f 1726/1726/4205 1732/1732/4205 1727/1727/4205
f 1724/1724/4206 1732/1732/4206 1726/1726/4206
f 4876/4876/4207 4878/4878/4207 4879/4879/4207
f 4880/4880/4208 4881/4881/4208 4882/4882/4208
f 4883/4883/4209 4881/4881/4209 4880/4880/4209
f 4884/4884/4210 4885/4885/4210 4886/4886/4210
f 4887/4887/4211 4885/4885/4211 4884/4884/4211
f 4888/4888/4212 4885/4885/4212 4887/4887/4212
f 4889/4889/4213 4890/4890/4213 4891/4891/4213
f 1673/1673/4214 4876/4876/4214 4879/4879/4214
f 1641/1641/4215 4880/4880/4215 1764/1764/4215
f 1764/1764/4215 1707/1707/4215 1641/1641/4215
f 1764/1764/4216 4880/4880/4216 1653/1653/4216
f 4880/4880/4217 4882/4882/4217 1653/1653/4217
f 4892/4892/4218 4893/4893/4218 1668/1668/4218
f 1668/1668/4218 4868/4868/4218 4892/4892/4218
f 4883/4883/4219 4880/4880/4219 1641/1641/4219
f 4874/4874/4220 4894/4894/4220 4895/4895/4220
f 1668/1668/4221 4894/4894/4221 4874/4874/4221
f 1729/1729/4222 4891/4891/4222 1684/1684/4222
f 1684/1684/4222 1683/1683/4222 1729/1729/4222
f 1684/1684/4223 4891/4891/4223 4896/4896/4223
f 1673/1673/4224 4879/4879/4224 1699/1699/4224
f 1699/1699/4224 1674/1674/4224 1673/1673/4224
f 4877/4877/4225 4891/4891/4225 1729/1729/4225
f 4877/4877/4226 4889/4889/4226 4891/4891/4226
f 1759/1759/4227 1635/1635/4227 1762/1762/4227
f 1762/1762/4227 1736/1736/4227 1759/1759/4227
f 1736/1736/4228 1762/1762/4228 4897/4897/4228
f 1732/1732/4229 1739/1739/4229 1740/1740/4229
f 1733/1733/4230 1740/1740/4230 1757/1757/4230
f 1742/1742/4231 4898/4898/4231 1741/1741/4231
f 1745/1745/4232 4899/4899/4232 4900/4900/4232
f 1748/1748/4233 4899/4899/4233 1745/1745/4233
f 1749/1749/4234 4899/4899/4234 1748/1748/4234
f 1753/1753/4235 4899/4899/4235 1749/1749/4235
f 4901/4901/4236 4899/4899/4236 1753/1753/4236
f 1741/1741/4237 4898/4898/4237 4902/4902/4237
f 1639/1639/4238 1742/1742/4238 1741/1741/4238
f 1664/1664/4239 1744/1744/4239 4903/4903/4239
f 1747/1747/4240 1748/1748/4240 1745/1745/4240
f 1695/1695/4241 1749/1749/4241 1748/1748/4241
f 1719/1719/4242 1755/1755/4242 4904/4904/4242
f 4905/4905/4243 4906/4906/4243 4907/4907/4243
f 1758/1758/4244 1741/1741/4244 4902/4902/4244
f 1771/1771/4245 1770/1770/4245 1773/1773/4245
f 1773/1773/4245 4908/4908/4245 1771/1771/4245
f 1735/1735/4246 1633/1633/4246 1759/1759/4246
f 4897/4897/4247 1761/1761/4247 4909/4909/4247
f 4897/4897/4248 1762/1762/4248 1761/1761/4248
f 4909/4909/4249 1761/1761/4249 1758/1758/4249
f 1730/1730/4250 1729/1729/4250 1683/1683/4250
f 1759/1759/4251 1632/1632/4251 1635/1635/4251
f 1633/1633/4252 1632/1632/4252 1759/1759/4252
f 1762/1762/4253 1638/1638/4253 1761/1761/4253
f 1656/1656/4254 1675/1675/4254 1657/1657/4254
f 1764/1764/4255 1653/1653/4255 1655/1655/4255
f 1708/1708/4256 1765/1765/4256 1767/1767/4256
f 1708/1708/4257 1655/1655/4257 1765/1765/4257
f 1648/1648/4258 1775/1775/4258 1774/1774/4258
f 1774/1774/4258 1646/1646/4258 1648/1648/4258
f 1769/1769/4259 1772/1772/4259 1770/1770/4259
f 4908/4908/4260 1773/1773/4260 1735/1735/4260
f 1774/1774/4261 1730/1730/4261 1760/1760/4261
f 1659/1659/4262 1774/1774/4262 1760/1760/4262
f 1774/1774/4263 1776/1776/4263 1730/1730/4263
f 1776/1776/4264 1728/1728/4264 1730/1730/4264
f 1633/1633/4265 1773/1773/4265 1783/1783/4265
f 1783/1783/4265 1631/1631/4265 1633/1633/4265
f 1629/1629/4266 1645/1645/4266 1780/1780/4266
f 1642/1642/4267 1708/1708/4267 1725/1725/4267
f 1725/1725/4268 1767/1767/4268 1723/1723/4268
f 1772/1772/4269 1657/1657/4269 1676/1676/4269
f 1676/1676/4269 1782/1782/4269 1772/1772/4269
f 1773/1773/4270 1770/1770/4270 1783/1783/4270
f 1782/1782/4271 1676/1676/4271 1700/1700/4271
f 1777/1777/4272 1760/1760/4272 1778/1778/4272
f 1770/1770/4273 1772/1772/4273 1782/1782/4273
f 1645/1645/4274 1644/1644/4274 4910/4910/4274
f 4910/4910/4274 1780/1780/4274 1645/1645/4274
f 1785/1785/4275 1780/1780/4275 1781/1781/4275
f 4871/4871/4276 1642/1642/4276 1725/1725/4276
f 1787/1787/4277 1725/1725/4277 1709/1709/4277
f 1787/1787/4278 4871/4871/4278 1725/1725/4278
f 1767/1767/4279 1786/1786/4279 1768/1768/4279
f 1658/1658/4280 1657/1657/4280 1769/1769/4280
f 1780/1780/4281 4910/4910/4281 1703/1703/4281
f 4911/4911/4282 1809/1809/4282 1800/1800/4282
f 1800/1800/4282 1899/1899/4282 4911/4911/4282
f 1677/1677/4283 1789/1789/4283 1785/1785/4283
f 1789/1789/4284 1630/1630/4284 1785/1785/4284
f 4912/4912/4285 1791/1791/4285 1790/1790/4285
f 1793/1793/4286 1790/1790/4286 1792/1792/4286
f 1796/1796/4287 4913/4913/4287 4911/4911/4287
f 1806/1806/4288 4914/4914/4288 4915/4915/4288
f 1809/1809/4289 1798/1798/4289 1800/1800/4289
f 4913/4913/4290 1807/1807/4290 1809/1809/4290
f 1809/1809/4290 4911/4911/4290 4913/4913/4290
f 1799/1799/4291 1798/1798/4291 1881/1881/4291
f 1805/1805/4292 1817/1817/4292 4914/4914/4292
f 1806/1806/4293 1805/1805/4293 4914/4914/4293
f 1809/1809/4294 1808/1808/4294 1798/1798/4294
f 1817/1817/4295 1818/1818/4295 1820/1820/4295
f 1820/1820/4295 4914/4914/4295 1817/1817/4295
f 1798/1798/4296 1808/1808/4296 1881/1881/4296
f 4916/4916/4297 1905/1905/4297 1813/1813/4297
f 1816/1816/4298 1826/1826/4298 1817/1817/4298
f 1804/1804/4299 1817/1817/4299 1805/1805/4299
f 1820/1820/4300 1819/1819/4300 4917/4917/4300
f 1808/1808/4301 4918/4918/4301 1883/1883/4301
f 1883/1883/4301 1881/1881/4301 1808/1808/4301
f 1831/1831/4302 1832/1832/4302 1826/1826/4302
f 1826/1826/4302 1816/1816/4302 1831/1831/4302
f 1823/1823/4303 1822/1822/4303 1801/1801/4303
f 1801/1801/4304 1822/1822/4304 1802/1802/4304
f 1824/1824/4305 1831/1831/4305 1816/1816/4305
f 1827/1827/4306 1833/1833/4306 1886/1886/4306
f 1886/1886/4306 1885/1885/4306 1827/1827/4306
f 1818/1818/4307 1827/1827/4307 1819/1819/4307
f 1819/1819/4308 1827/1827/4308 1885/1885/4308
f 1791/1791/4309 1829/1829/4309 1792/1792/4309
f 4912/4912/4310 1828/1828/4310 1791/1791/4310
f 1923/1923/4311 1830/1830/4311 1824/1824/4311
f 1839/1839/4312 1838/1838/4312 4919/4919/4312
f 1831/1831/4313 1841/1841/4313 1832/1832/4313
f 1826/1826/4314 1833/1833/4314 1827/1827/4314
f 1833/1833/4315 1842/1842/4315 4920/4920/4315
f 4920/4920/4315 1886/1886/4315 1833/1833/4315
f 1844/1844/4316 1837/1837/4316 1839/1839/4316
f 1845/1845/4317 1844/1844/4317 1839/1839/4317
f 1832/1832/4318 1842/1842/4318 1833/1833/4318
f 4921/4921/4319 4922/4922/4319 1889/1889/4319
f 1889/1889/4319 1888/1888/4319 4921/4921/4319
f 1866/1866/4320 1904/1904/4320 1864/1864/4320
f 1844/1844/4321 1846/1846/4321 1837/1837/4321
f 1840/1840/4322 4923/4923/4322 1847/1847/4322
f 4924/4924/4323 4925/4925/4323 4926/4926/4323
f 4926/4926/4323 1889/1889/4323 4924/4924/4323
f 1836/1836/4324 1835/1835/4324 1848/1848/4324
f 1844/1844/4325 1851/1851/4325 1846/1846/4325
f 1843/1843/4326 1850/1850/4326 1844/1844/4326
f 1846/1846/4327 1851/1851/4327 1853/1853/4327
f 1840/1840/4328 1861/1861/4328 4923/4923/4328
f 1840/1840/4329 1853/1853/4329 1861/1861/4329
f 1861/1861/4330 1860/1860/4330 4927/4927/4330
f 4927/4927/4330 4928/4928/4330 1861/1861/4330
f 1822/1822/4331 1906/1906/4331 1854/1854/4331
f 1857/1857/4332 1856/1856/4332 1859/1859/4332
f 1855/1855/4333 1931/1931/4333 1856/1856/4333
f 1853/1853/4334 1852/1852/4334 1860/1860/4334
f 4929/4929/4335 1858/1858/4335 4930/4930/4335
f 4930/4930/4335 4931/4931/4335 4929/4929/4335
f 1792/1792/4336 1829/1829/4336 4932/4932/4336
f 1829/1829/4337 1828/1828/4337 4933/4933/4337
f 4932/4932/4338 1829/1829/4338 4933/4933/4338
f 1792/1792/4339 4932/4932/4339 1862/1862/4339
f 1931/1931/4340 1868/1868/4340 1856/1856/4340
f 1856/1856/4341 1868/1868/4341 1863/1863/4341
f 1858/1858/4342 1863/1863/4342 4934/4934/4342
f 4931/4931/4343 4930/4930/4343 4935/4935/4343
f 4935/4935/4343 4936/4936/4343 4931/4931/4343
f 1863/1863/4344 1869/1869/4344 1876/1876/4344
f 1876/1876/4344 4934/4934/4344 1863/1863/4344
f 1865/1865/4345 1864/1864/4345 4937/4937/4345
f 4938/4938/4346 1866/1866/4346 1865/1865/4346
f 1868/1868/4347 1873/1873/4347 1869/1869/4347
f 1858/1858/4348 4934/4934/4348 4939/4939/4348
f 4939/4939/4348 4930/4930/4348 1858/1858/4348
f 4930/4930/4349 4939/4939/4349 1894/1894/4349
f 1894/1894/4349 4935/4935/4349 4930/4930/4349
f 4934/4934/4350 1876/1876/4350 4940/4940/4350
f 4940/4940/4350 4939/4939/4350 4934/4934/4350
f 1870/1870/4351 4941/4941/4351 1871/1871/4351
f 1873/1873/4352 1910/1910/4352 1875/1875/4352
f 4939/4939/4353 4940/4940/4353 1895/1895/4353
f 1895/1895/4353 1894/1894/4353 4939/4939/4353
f 4916/4916/4354 4942/4942/4354 1834/1834/4354
f 1834/1834/4354 1905/1905/4354 4916/4916/4354
f 4942/4942/4355 4943/4943/4355 4944/4944/4355
f 4945/4945/4356 4946/4946/4356 4942/4942/4356
f 4947/4947/4357 4946/4946/4357 4945/4945/4357
f 4948/4948/4358 4949/4949/4358 4950/4950/4358
f 4951/4951/4359 4949/4949/4359 4948/4948/4359
f 4952/4952/4360 4953/4953/4360 4954/4954/4360
f 4955/4955/4361 4953/4953/4361 4952/4952/4361
f 1834/1834/4362 4942/4942/4362 4944/4944/4362
f 1821/1821/4363 4945/4945/4363 1906/1906/4363
f 1906/1906/4363 1822/1822/4363 1821/1821/4363
f 1906/1906/4364 4945/4945/4364 4916/4916/4364
f 4945/4945/4365 4942/4942/4365 4916/4916/4365
f 1828/1828/4366 4956/4956/4366 4957/4957/4366
f 4957/4957/4366 4933/4933/4366 1828/1828/4366
f 4947/4947/4367 4945/4945/4367 1821/1821/4367
f 1871/1871/4368 4952/4952/4368 1864/1864/4368
f 1864/1864/4368 1904/1904/4368 1871/1871/4368
f 4912/4912/4369 4958/4958/4369 1828/1828/4369
f 4959/4959/4370 4958/4958/4370 4912/4912/4370
f 1864/1864/4371 4952/4952/4371 4954/4954/4371
f 1834/1834/4372 4944/4944/4372 1848/1848/4372
f 1848/1848/4372 1835/1835/4372 1834/1834/4372
f 4941/4941/4373 4952/4952/4373 1871/1871/4373
f 4941/4941/4374 4955/4955/4374 4952/4952/4374
f 1876/1876/4375 1901/1901/4375 1903/1903/4375
f 1903/1903/4375 4940/4940/4375 1876/1876/4375
f 1887/1887/4376 4960/4960/4376 4961/4961/4376
f 4961/4961/4376 1888/1888/4376 1887/1887/4376
f 1876/1876/4377 1874/1874/4377 1901/1901/4377
f 4940/4940/4378 1903/1903/4378 1895/1895/4378
f 1882/1882/4379 4962/4962/4379 1880/1880/4379
f 4960/4960/4380 4963/4963/4380 4964/4964/4380
f 1887/1887/4381 4963/4963/4381 4960/4960/4381
f 4965/4965/4382 4963/4963/4382 1887/1887/4382
f 1890/1890/4383 4963/4963/4383 4965/4965/4383
f 4966/4966/4384 4963/4963/4384 1890/1890/4384
f 1896/1896/4385 4962/4962/4385 4967/4967/4385
f 1880/1880/4386 4962/4962/4386 1896/1896/4386
f 1882/1882/4387 1880/1880/4387 1881/1881/4387
f 1884/1884/4388 4968/4968/4388 1885/1885/4388
f 4965/4965/4389 1887/1887/4389 1889/1889/4389
f 1889/1889/4389 4926/4926/4389 4965/4965/4389
f 1890/1890/4390 4965/4965/4390 4926/4926/4390
f 4926/4926/4390 1891/1891/4390 1890/1890/4390
f 1893/1893/4391 4969/4969/4391 4935/4935/4391
f 4935/4935/4391 1894/1894/4391 1893/1893/4391
f 1880/1880/4392 1896/1896/4392 1897/1897/4392
f 1897/1897/4392 1799/1799/4392 1880/1880/4392
f 4970/4970/4393 1893/1893/4393 1895/1895/4393
f 4971/4971/4394 1878/1878/4394 1902/1902/4394
f 1902/1902/4394 1901/1901/4394 4971/4971/4394
f 1900/1900/4395 1916/1916/4395 1898/1898/4395
f 1877/1877/4396 1898/1898/4396 1878/1878/4396
f 1797/1797/4397 1796/1796/4397 1898/1898/4397
f 1898/1898/4397 1916/1916/4397 1797/1797/4397
f 1872/1872/4398 1871/1871/4398 1904/1904/4398
f 1898/1898/4399 1796/1796/4399 4911/4911/4399
f 1898/1898/4400 4911/4911/4400 1899/1899/4400
f 1878/1878/4401 1899/1899/4401 1800/1800/4401
f 1800/1800/4401 1902/1902/4401 1878/1878/4401
f 1914/1914/4402 1814/1814/4402 1836/1836/4402
f 1836/1836/4402 1929/1929/4402 1914/1914/4402
f 1906/1906/4403 1810/1810/4403 1812/1812/4403
f 1854/1854/4404 1907/1907/4404 1909/1909/4404
f 1854/1854/4405 1812/1812/4405 1907/1907/4405
f 1915/1915/4406 1914/1914/4406 1911/1911/4406
f 1913/1913/4407 1912/1912/4407 1900/1900/4407
f 1917/1917/4408 1872/1872/4408 1866/1866/4408
f 1804/1804/4409 1917/1917/4409 1825/1825/4409
f 1917/1917/4410 1919/1919/4410 1872/1872/4410
f 4972/4972/4411 1918/1918/4411 1917/1917/4411
f 1919/1919/4412 1870/1870/4412 1872/1872/4412
f 1806/1806/4413 4972/4972/4413 1917/1917/4413
f 1920/1920/4414 1867/1867/4414 1793/1793/4414
f 1935/1935/4415 1920/1920/4415 1921/1921/4415
f 1924/1924/4416 4973/4973/4416 1925/1925/4416
f 1924/1924/4417 1862/1862/4417 4973/4973/4417
f 1802/1802/4418 1854/1854/4418 1868/1868/4418
f 1868/1868/4419 1909/1909/4419 1873/1873/4419
f 1797/1797/4420 1912/1912/4420 1927/1927/4420
f 1929/1929/4421 1836/1836/4421 1849/1849/4421
f 1825/1825/4422 1866/1866/4422 4938/4938/4422
f 1825/1825/4423 4938/4938/4423 1928/1928/4423
f 1824/1824/4424 1825/1825/4424 1922/1922/4424
f 1911/1911/4425 1914/1914/4425 1929/1929/4425
f 1912/1912/4426 1911/1911/4426 1926/1926/4426
f 2083/2083/4427 4974/4974/4427 1966/1966/4427
f 1966/1966/4427 1965/1965/4427 2083/2083/4427
f 1930/1930/4428 1921/1921/4428 1924/1924/4428
f 1921/1921/4429 1793/1793/4429 1924/1924/4429
f 1930/1930/4430 1925/1925/4430 1843/1843/4430
f 1932/1932/4431 1802/1802/4431 1931/1931/4431
f 1909/1909/4432 1908/1908/4432 1910/1910/4432
f 1815/1815/4433 1814/1814/4433 1915/1915/4433
f 1845/1845/4434 1935/1935/4434 1930/1930/4434
f 4975/4975/4435 1937/1937/4435 1936/1936/4435
f 1939/1939/4436 1936/1936/4436 1938/1938/4436
f 1941/1941/4437 4976/4976/4437 1942/1942/4437
f 1945/1945/4438 1944/1944/4438 1946/1946/4438
f 4977/4977/4439 2069/2069/4439 1962/1962/4439
f 1954/1954/4440 1966/1966/4440 1975/1975/4440
f 1956/1956/4441 1965/1965/4441 1954/1954/4441
f 1955/1955/4442 1954/1954/4442 1969/1969/4442
f 1973/1973/4443 1972/1972/4443 1950/1950/4443
f 1950/1950/4444 1972/1972/4444 1951/1951/4444
f 1966/1966/4445 4974/4974/4445 1974/1974/4445
f 4974/4974/4446 4978/4978/4446 1990/1990/4446
f 1990/1990/4446 1974/1974/4446 4974/4974/4446
f 1967/1967/4447 1975/1975/4447 1976/1976/4447
f 1954/1954/4448 1975/1975/4448 1967/1967/4448
f 1970/1970/4449 1976/1976/4449 1981/1981/4449
f 1938/1938/4450 1937/1937/4450 1978/1978/4450
f 4975/4975/4451 1977/1977/4451 1937/1937/4451
f 2085/2085/4452 4978/4978/4452 4974/4974/4452
f 4974/4974/4452 2083/2083/4452 2085/2085/4452
f 1986/1986/4453 1992/1992/4453 1996/1996/4453
f 1996/1996/4453 2001/2001/4453 1986/1986/4453
f 1975/1975/4454 1979/1979/4454 1976/1976/4454
f 2011/2011/4455 2017/2017/4455 2022/2022/4455
f 2022/2022/4455 2012/2012/4455 2011/2011/4455
f 1985/1985/4456 1992/1992/4456 1986/1986/4456
f 2025/2025/4457 2066/2066/4457 2023/2023/4457
f 1992/1992/4458 1993/1993/4458 1994/1994/4458
f 1984/1984/4459 1983/1983/4459 2002/2002/4459
f 1993/1993/4460 2005/2005/4460 1994/1994/4460
f 1991/1991/4461 2006/2006/4461 1993/1993/4461
f 1972/1972/4462 2070/2070/4462 2009/2009/4462
f 2010/2010/4463 2029/2029/4463 2016/2016/4463
f 2016/2016/4463 2011/2011/4463 2010/2010/4463
f 2006/2006/4464 2096/2096/4464 2004/2004/4464
f 1995/1995/4465 2005/2005/4465 2013/2013/4465
f 1938/1938/4466 1978/1978/4466 4979/4979/4466
f 1978/1978/4467 1977/1977/4467 4980/4980/4467
f 4979/4979/4468 1978/1978/4468 4980/4980/4468
f 1938/1938/4469 4979/4979/4469 2015/2015/4469
f 4977/4977/4470 4981/4981/4470 1982/1982/4470
f 1982/1982/4470 2069/2069/4470 4977/4977/4470
f 2016/2016/4471 2030/2030/4471 2017/2017/4471
f 2022/2022/4472 2017/2017/4472 2018/2018/4472
f 2024/2024/4473 2023/2023/4473 4982/4982/4473
f 2092/2092/4474 2025/2025/4474 2024/2024/4474
f 2029/2029/4475 2028/2028/4475 2016/2016/4475
f 2018/2018/4476 2030/2030/4476 2031/2031/4476
f 2021/2021/4477 2031/2031/4477 2038/2038/4477
f 2032/2032/4478 4983/4983/4478 2033/2033/4478
f 2027/2027/4479 4984/4984/4479 2035/2035/4479
f 2035/2035/4480 2044/2044/4480 2028/2028/4480
f 2030/2030/4481 2036/2036/4481 2031/2031/4481
f 2028/2028/4482 2036/2036/4482 2030/2030/4482
f 4981/4981/4483 4985/4985/4483 4986/4986/4483
f 4987/4987/4484 4988/4988/4484 4989/4989/4484
f 4990/4990/4485 4988/4988/4485 4987/4987/4485
f 4991/4991/4486 4992/4992/4486 4993/4993/4486
f 4994/4994/4487 4992/4992/4487 4991/4991/4487
f 4995/4995/4488 4992/4992/4488 4994/4994/4488
f 4996/4996/4489 4997/4997/4489 4998/4998/4489
f 1982/1982/4490 4981/4981/4490 4986/4986/4490
f 1971/1971/4491 4987/4987/4491 2070/2070/4491
f 2070/2070/4491 1972/1972/4491 1971/1971/4491
f 2070/2070/4492 4987/4987/4492 1959/1959/4492
f 4987/4987/4493 4989/4989/4493 1959/1959/4493
f 1977/1977/4494 4999/4999/4494 5000/5000/4494
f 5000/5000/4494 4980/4980/4494 1977/1977/4494
f 4990/4990/4495 4987/4987/4495 1971/1971/4495
f 2033/2033/4496 4998/4998/4496 2023/2023/4496
f 2023/2023/4496 2066/2066/4496 2033/2033/4496
f 5001/5001/4497 4994/4994/4497 4991/4991/4497
f 2023/2023/4498 5002/5002/4498 4982/4982/4498
f 2023/2023/4499 4998/4998/4499 5002/5002/4499
f 1982/1982/4500 4986/4986/4500 2002/2002/4500
f 2002/2002/4500 1983/1983/4500 1982/1982/4500
f 4983/4983/4501 4998/4998/4501 2033/2033/4501
f 4983/4983/4502 4996/4996/4502 4998/4998/4502
f 2073/2073/4503 5003/5003/4503 4984/4984/4503
f 4984/4984/4503 2027/2027/4503 2073/2073/4503
f 2040/2040/4504 2068/2068/4504 2042/2042/4504
f 2036/2036/4505 2044/2044/4505 2043/2043/4505
f 2037/2037/4506 2043/2043/4506 2062/2062/4506
f 5004/5004/4507 5005/5005/4507 5006/5006/4507
f 2050/2050/4508 5005/5005/4508 5004/5004/4508
f 2055/2055/4509 5005/5005/4509 2050/2050/4509
f 2058/2058/4510 5005/5005/4510 2055/2055/4510
f 5007/5007/4511 5005/5005/4511 2058/2058/4511
f 5008/5008/4512 5005/5005/4512 5007/5007/4512
f 2045/2045/4513 5009/5009/4513 2063/2063/4513
f 1968/1968/4514 2049/2049/4514 5010/5010/4514
f 2051/2051/4515 2050/2050/4515 5004/5004/4515
f 2054/2054/4516 2055/2055/4516 2050/2050/4516
f 2057/2057/4517 2058/2058/4517 2055/2055/4517
f 2038/2038/4518 2061/2061/4518 5011/5011/4518
f 2064/2064/4519 2063/2063/4519 5012/5012/4519
f 1947/1947/4520 2045/2045/4520 2063/2063/4520
f 2040/2040/4521 1945/1945/4521 2068/2068/4521
f 2039/2039/4522 1943/1943/4522 2065/2065/4522
f 2042/2042/4523 2067/2067/4523 5013/5013/4523
f 2042/2042/4524 2068/2068/4524 2067/2067/4524
f 5013/5013/4525 2067/2067/4525 2064/2064/4525
f 2034/2034/4526 2033/2033/4526 2066/2066/4526
f 1943/1943/4527 1942/1942/4527 2065/2065/4527
f 2068/2068/4528 1948/1948/4528 2067/2067/4528
f 2070/2070/4529 1959/1959/4529 1961/1961/4529
f 2009/2009/4530 2071/2071/4530 2073/2073/4530
f 2009/2009/4531 1961/1961/4531 2071/2071/4531
f 2073/2073/4532 2072/2072/4532 5003/5003/4532
f 2107/2107/4533 2106/2106/4533 5014/5014/4533
f 5014/5014/4533 5015/5015/4533 2107/2107/4533
f 2076/2076/4534 2075/2075/4534 2078/2078/4534
f 2074/2074/4535 2077/2077/4535 2075/2075/4535
f 1965/1965/4536 2034/2034/4536 2025/2025/4536
f 1956/1956/4537 2079/2079/4537 1965/1965/4537
f 2079/2079/4538 2081/2081/4538 2034/2034/4538
f 2081/2081/4539 2032/2032/4539 2034/2034/4539
f 2097/2097/4540 2026/2026/4540 1939/1939/4540
f 2086/2086/4541 2015/2015/4541 2087/2087/4541
f 2089/2089/4542 2088/2088/4542 2006/2006/4542
f 1951/1951/4543 2009/2009/4543 2073/2073/4543
f 1951/1951/4544 2073/2073/4544 2029/2029/4544
f 2091/2091/4545 1984/1984/4545 2003/2003/4545
f 1941/1941/4546 2090/2090/4546 5016/5016/4546
f 1965/1965/4547 2025/2025/4547 2092/2092/4547
f 2083/2083/4548 1965/1965/4548 2084/2084/4548
f 2075/2075/4549 2077/2077/4549 2091/2091/4549
f 2077/2077/4550 1963/1963/4550 1984/1984/4550
f 1943/1943/4551 2078/2078/4551 2090/2090/4551
f 2093/2093/4552 1939/1939/4552 2086/2086/4552
f 2093/2093/4553 2087/2087/4553 2089/2089/4553
f 2094/2094/4554 1951/1951/4554 2010/2010/4554
f 1964/1964/4555 1963/1963/4555 2074/2074/4555
f 2095/2095/4556 2078/2078/4556 2039/2039/4556
f 1985/1985/4557 2097/2097/4557 2093/2093/4557
f 1312/1312/4558 73/73/4558 70/70/4558
f 1312/1312/4559 1311/1311/4559 73/73/4559
f 73/73/4560 71/71/4560 70/70/4560
f 2103/2103/4561 2102/2102/4561 5017/5017/4561
f 1321/1321/4562 2177/2177/4562 1322/1322/4562
f 5018/5018/4563 2118/2118/4563 2112/2112/4563
f 2112/2112/4563 2111/2111/4563 5018/5018/4563
f 476/476/4564 510/510/4564 2115/2115/4564
f 2115/2115/4564 477/477/4564 476/476/4564
f 2118/2118/4565 2117/2117/4565 2124/2124/4565
f 2124/2124/4565 2112/2112/4565 2118/2118/4565
f 2109/2109/4566 2110/2110/4566 475/475/4566
f 475/475/4566 474/474/4566 2109/2109/4566
f 2110/2110/4567 1290/1290/4567 475/475/4567
f 477/477/4568 2115/2115/4568 5019/5019/4568
f 5019/5019/4568 471/471/4568 477/477/4568
f 2119/2119/4569 2120/2120/4569 2122/2122/4569
f 2122/2122/4569 5020/5020/4569 2119/2119/4569
f 2122/2122/4570 2124/2124/4570 2117/2117/4570
f 2117/2117/4570 5020/5020/4570 2122/2122/4570
f 2121/2121/4571 2123/2123/4571 2122/2122/4571
f 506/506/4572 2119/2119/4572 5020/5020/4572
f 5020/5020/4572 2117/2117/4572 506/506/4572
f 2125/2125/4573 123/123/4573 5021/5021/4573
f 5021/5021/4573 4446/4446/4573 2125/2125/4573
f 4446/4446/4574 5021/5021/4574 2120/2120/4574
f 2120/2120/4574 2119/2119/4574 4446/4446/4574
f 4436/4436/4575 4303/4303/4575 2130/2130/4575
f 2130/2130/4575 442/442/4575 4436/4436/4575
f 451/451/4576 124/124/4576 2125/2125/4576
f 2130/2130/4577 1269/1269/4577 2141/2141/4577
f 2141/2141/4577 442/442/4577 2130/2130/4577
f 4426/4426/4578 4783/4783/4578 1302/1302/4578
f 1302/1302/4578 4427/4427/4578 4426/4426/4578
f 4381/4381/4579 2139/2139/4579 2140/2140/4579
f 2140/2140/4579 282/282/4579 4381/4381/4579
f 4427/4427/4580 1302/1302/4580 2131/2131/4580
f 395/395/4581 2133/2133/4581 1275/1275/4581
f 1275/1275/4582 2134/2134/4582 2132/2132/4582
f 372/372/4583 357/357/4583 254/254/4583
f 254/254/4584 2137/2137/4584 2135/2135/4584
f 269/269/4585 465/465/4585 217/217/4585
f 465/465/4586 320/320/4586 313/313/4586
f 324/324/4587 2139/2139/4587 4381/4381/4587
f 323/323/4588 2138/2138/4588 2139/2139/4588
f 2139/2139/4588 324/324/4588 323/323/4588
f 2141/2141/4589 1269/1269/4589 2143/2143/4589
f 2143/2143/4589 2142/2142/4589 2141/2141/4589
f 2140/2140/4590 397/397/4590 399/399/4590
f 443/443/4591 2142/2142/4591 5022/5022/4591
f 5022/5022/4591 444/444/4591 443/443/4591
f 2180/2180/4592 2147/2147/4592 2148/2148/4592
f 2148/2148/4592 349/349/4592 2180/2180/4592
f 2143/2143/4593 1266/1266/4593 4770/4770/4593
f 2147/2147/4594 2144/2144/4594 2146/2146/4594
f 2145/2145/4595 4442/4442/4595 463/463/4595
f 2146/2146/4596 2145/2145/4596 463/463/4596
f 5023/5023/4597 2183/2183/4597 2150/2150/4597
f 2150/2150/4597 2149/2149/4597 5023/5023/4597
f 4373/4373/4598 4375/4375/4598 2183/2183/4598
f 2183/2183/4598 5023/5023/4598 4373/4373/4598
f 4355/4355/4599 4377/4377/4599 5024/5024/4599
f 4355/4355/4600 5024/5024/4600 5025/5025/4600
f 5025/5025/4600 265/265/4600 4355/4355/4600
f 265/265/4601 5025/5025/4601 266/266/4601
f 286/286/4602 283/283/4602 4358/4358/4602
f 4358/4358/4602 2153/2153/4602 286/286/4602
f 2152/2152/4603 286/286/4603 2153/2153/4603
f 417/417/4604 2152/2152/4604 418/418/4604
f 2131/2131/4605 287/287/4605 286/286/4605
f 2154/2154/4606 463/463/4606 2156/2156/4606
f 2156/2156/4606 5026/5026/4606 2154/2154/4606
f 445/445/4607 5027/5027/4607 446/446/4607
f 4387/4387/4608 5028/5028/4608 445/445/4608
f 445/445/4608 464/464/4608 4387/4387/4608
f 2148/2148/4609 2146/2146/4609 2154/2154/4609
f 2156/2156/4610 459/459/4610 5029/5029/4610
f 278/278/4611 376/376/4611 378/378/4611
f 378/378/4611 210/210/4611 278/278/4611
f 281/281/4612 279/279/4612 209/209/4612
f 279/279/4613 278/278/4613 210/210/4613
f 2137/2137/4614 5030/5030/4614 5031/5031/4614
f 5031/5031/4614 5032/5032/4614 2137/2137/4614
f 210/210/4615 378/378/4615 4340/4340/4615
f 126/126/4616 5033/5033/4616 5034/5034/4616
f 5034/5034/4616 129/129/4616 126/126/4616
f 374/374/4617 2137/2137/4617 5032/5032/4617
f 2137/2137/4618 253/253/4618 4764/4764/4618
f 2137/2137/4619 4764/4764/4619 5030/5030/4619
f 2159/2159/4620 2158/2158/4620 5035/5035/4620
f 4356/4356/4621 399/399/4621 2159/2159/4621
f 4400/4400/4622 132/132/4622 131/131/4622
f 5036/5036/4623 5037/5037/4623 2167/2167/4623
f 2167/2167/4623 5017/5017/4623 5036/5036/4623
f 2166/2166/4624 307/307/4624 311/311/4624
f 198/198/4625 5038/5038/4625 207/207/4625
f 4335/4335/4626 4334/4334/4626 5039/5039/4626
f 5040/5040/4627 5041/5041/4627 5042/5042/4627
f 5038/5038/4628 1263/1263/4628 207/207/4628
f 289/289/4629 209/209/4629 87/87/4629
f 4293/4293/4630 5043/5043/4630 2171/2171/4630
f 2171/2171/4630 2170/2170/4630 4293/4293/4630
f 4339/4339/4631 293/293/4631 292/292/4631
f 292/292/4631 5044/5044/4631 4339/4339/4631
f 2169/2169/4632 4362/4362/4632 4361/4361/4632
f 4361/4361/4632 2168/2168/4632 2169/2169/4632
f 2103/2103/4633 2168/2168/4633 4361/4361/4633
f 4361/4361/4633 2173/2173/4633 2103/2103/4633
f 1315/1315/4634 5045/5045/4634 5046/5046/4634
f 5046/5046/4634 1316/1316/4634 1315/1315/4634
f 5017/5017/4635 2167/2167/4635 2103/2103/4635
f 87/87/4636 30/30/4636 289/289/4636
f 5014/5014/4637 2106/2106/4637 2174/2174/4637
f 2174/2174/4637 5047/5047/4637 5014/5014/4637
f 2106/2106/4638 2108/2108/4638 2175/2175/4638
f 2175/2175/4638 2174/2174/4638 2106/2106/4638
f 342/342/4639 2179/2179/4639 348/348/4639
f 348/348/4639 2181/2181/4639 342/342/4639
f 194/194/4640 501/501/4640 2177/2177/4640
f 501/501/4641 500/500/4641 2177/2177/4641
f 2178/2178/4642 342/342/4642 2181/2181/4642
f 4375/4375/4643 341/341/4643 2178/2178/4643
f 2178/2178/4643 2183/2183/4643 4375/4375/4643
f 2185/2185/4644 2186/2186/4644 2188/2188/4644
f 2188/2188/4644 5048/5048/4644 2185/2185/4644
f 348/348/4645 2180/2180/4645 349/349/4645
f 2150/2150/4646 2178/2178/4646 2182/2182/4646
f 5049/5049/4647 2185/2185/4647 5048/5048/4647
f 5048/5048/4647 5050/5050/4647 5049/5049/4647
f 2185/2185/4648 1247/1247/4648 2186/2186/4648
f 2194/2194/4649 203/203/4649 205/205/4649
f 205/205/4649 5051/5051/4649 2194/2194/4649
f 5052/5052/4650 5053/5053/4650 5054/5054/4650
f 500/500/4651 499/499/4651 2189/2189/4651
f 2190/2190/4652 223/223/4652 2191/2191/4652
f 2191/2191/4653 226/226/4653 310/310/4653
f 51/51/4654 2191/2191/4654 2192/2192/4654
f 1323/1323/4655 2193/2193/4655 2194/2194/4655
f 2193/2193/4656 500/500/4656 2194/2194/4656
f 65/65/4657 40/40/4657 37/37/4657
f 37/37/4657 95/95/4657 65/65/4657
f 1279/1279/4658 65/65/4658 95/95/4658
f 95/95/4658 4289/4289/4658 1279/1279/4658
f 2195/2195/4659 50/50/4659 27/27/4659
f 27/27/4659 26/26/4659 2195/2195/4659
f 1279/1279/4660 63/63/4660 65/65/4660
f 2198/2198/4661 1297/1297/4661 1323/1323/4661
f 1323/1323/4661 2196/2196/4661 2198/2198/4661
f 27/27/4662 52/52/4662 75/75/4662
f 1322/1322/4663 2177/2177/4663 2193/2193/4663
f 2193/2193/4663 1323/1323/4663 1322/1322/4663
f 4272/4272/4664 1300/1300/4664 1298/1298/4664
f 1298/1298/4664 2197/2197/4664 4272/4272/4664
f 2196/2196/4665 2194/2194/4665 5051/5051/4665
f 4271/4271/4666 5055/5055/4666 1300/1300/4666
f 1300/1300/4666 4272/4272/4666 4271/4271/4666
f 2197/2197/4667 1298/1298/4667 1297/1297/4667
f 2199/2199/4668 3/3/4668 2201/2201/4668
f 2201/2201/4668 5056/5056/4668 2199/2199/4668
f 5055/5055/4669 4781/4781/4669 1300/1300/4669
f 5057/5057/4670 4264/4264/4670 4265/4265/4670
f 4265/4265/4670 1309/1309/4670 5057/5057/4670
f 2209/2209/4671 5057/5057/4671 1309/1309/4671
f 1309/1309/4671 1308/1308/4671 2209/2209/4671
f 4328/4328/4672 93/93/4672 4784/4784/4672
f 4784/4784/4672 2203/2203/4672 4328/4328/4672
f 2202/2202/4673 4328/4328/4673 2203/2203/4673
f 2203/2203/4674 4784/4784/4674 4781/4781/4674
f 4781/4781/4674 5055/5055/4674 2203/2203/4674
f 2204/2204/4675 2203/2203/4675 5055/5055/4675
f 5055/5055/4675 4271/4271/4675 2204/2204/4675
f 4310/4310/4676 4321/4321/4676 185/185/4676
f 185/185/4676 2205/2205/4676 4310/4310/4676
f 4329/4329/4677 2202/2202/4677 2204/2204/4677
f 2205/2205/4678 185/185/4678 2206/2206/4678
f 91/91/4679 4284/4284/4679 4343/4343/4679
f 4343/4343/4679 5058/5058/4679 91/91/4679
f 2206/2206/4680 185/185/4680 184/184/4680
f 154/154/4681 2206/2206/4681 160/160/4681
f 2199/2199/4682 2208/2208/4682 2211/2211/4682
f 2208/2208/4683 2210/2210/4683 2211/2211/4683
f 92/92/4684 91/91/4684 5058/5058/4684
f 2262/2262/4685 2269/2269/4685 5059/5059/4685
f 5059/5059/4685 2292/2292/4685 2262/2262/4685
f 4284/4284/4686 4288/4288/4686 4343/4343/4686
f 5056/5056/4687 2207/2207/4687 2199/2199/4687
f 2213/2213/4688 2212/2212/4688 366/366/4688
f 2212/2212/4689 1246/1246/4689 4756/4756/4689
f 2212/2212/4690 4756/4756/4690 1273/1273/4690
f 366/366/4691 1273/1273/4691 363/363/4691
f 2269/2269/4692 2301/2301/4692 5059/5059/4692
f 2249/2249/4693 2260/2260/4693 2264/2264/4693
f 2264/2264/4693 2215/2215/4693 2249/2249/4693
f 5059/5059/4694 2301/2301/4694 2303/2303/4694
f 2216/2216/4695 2262/2262/4695 2292/2292/4695
f 2217/2217/4696 2216/2216/4696 2292/2292/4696
f 2220/2220/4697 2219/2219/4697 2316/2316/4697
f 2228/2228/4698 2316/2316/4698 2219/2219/4698
f 2316/2316/4699 2228/2228/4699 2255/2255/4699
f 2257/2257/4700 2221/2221/4700 2223/2223/4700
f 2222/2222/4701 2285/2285/4701 2230/2230/4701
f 2226/2226/4702 2225/2225/4702 5060/5060/4702
f 2226/2226/4703 5060/5060/4703 2251/2251/4703
f 2319/2319/4704 2258/2258/4704 2223/2223/4704
f 2227/2227/4705 2219/2219/4705 5061/5061/4705
f 2219/2219/4706 5062/5062/4706 5061/5061/4706
f 2229/2229/4707 2222/2222/4707 2230/2230/4707
f 5063/5063/4708 2250/2250/4708 2236/2236/4708
f 2237/2237/4709 2236/2236/4709 2250/2250/4709
f 2242/2242/4710 2240/2240/4710 2243/2243/4710
f 2241/2241/4711 2240/2240/4711 2242/2242/4711
f 2274/2274/4712 2276/2276/4712 2248/2248/4712
f 2276/2276/4713 2245/2245/4713 2248/2248/4713
f 2247/2247/4714 2246/2246/4714 2279/2279/4714
f 2237/2237/4715 2215/2215/4715 2217/2217/4715
f 2253/2253/4716 2252/2252/4716 2328/2328/4716
f 2254/2254/4717 2272/2272/4717 5064/5064/4717
f 2264/2264/4718 2287/2287/4718 2216/2216/4718
f 2216/2216/4718 2215/2215/4718 2264/2264/4718
f 2292/2292/4719 5059/5059/4719 5065/5065/4719
f 5066/5066/4720 5067/5067/4720 2274/2274/4720
f 2274/2274/4720 5068/5068/4720 5066/5066/4720
f 2287/2287/4721 2261/2261/4721 2216/2216/4721
f 2260/2260/4722 2266/2266/4722 2263/2263/4722
f 2269/2269/4723 2268/2268/4723 2301/2301/4723
f 2262/2262/4724 2267/2267/4724 2269/2269/4724
f 2228/2228/4725 2271/2271/4725 2254/2254/4725
f 2256/2256/4726 2283/2283/4726 2257/2257/4726
f 2889/2889/4727 5069/5069/4727 2893/2893/4727
f 2893/2893/4727 2892/2892/4727 2889/2889/4727
f 5068/5068/4728 2274/2274/4728 2248/2248/4728
f 5070/5070/4729 2239/2239/4729 2241/2241/4729
f 5067/5067/4730 2275/2275/4730 2274/2274/4730
f 2277/2277/4731 2251/2251/4731 2253/2253/4731
f 2245/2245/4732 2282/2282/4732 2246/2246/4732
f 2275/2275/4733 2280/2280/4733 2276/2276/4733
f 2275/2275/4734 5071/5071/4734 2280/2280/4734
f 2282/2282/4735 2276/2276/4735 2281/2281/4735
f 2221/2221/4736 2284/2284/4736 2222/2222/4736
f 2284/2284/4737 5072/5072/4737 2285/2285/4737
f 2264/2264/4738 2263/2263/4738 2287/2287/4738
f 2261/2261/4739 2270/2270/4739 2262/2262/4739
f 2288/2288/4740 2280/2280/4740 5073/5073/4740
f 2238/2238/4741 2217/2217/4741 2293/2293/4741
f 2293/2293/4742 2292/2292/4742 5074/5074/4742
f 2889/2889/4743 2921/2921/4743 5069/5069/4743
f 2891/2891/4744 2921/2921/4744 2889/2889/4744
f 2242/2242/4745 2244/2244/4745 5075/5075/4745
f 5075/5075/4745 5076/5076/4745 2242/2242/4745
f 2241/2241/4746 2242/2242/4746 5076/5076/4746
f 2282/2282/4747 5077/5077/4747 5078/5078/4747
f 5078/5078/4747 2246/2246/4747 2282/2282/4747
f 5070/5070/4748 2241/2241/4748 5076/5076/4748
f 2298/2298/4749 2300/2300/4749 2296/2296/4749
f 2297/2297/4750 2296/2296/4750 3511/3511/4750
f 2273/2273/4751 2224/2224/4751 2226/2226/4751
f 2917/2917/4752 2892/2892/4752 2887/2887/4752
f 5079/5079/4753 2892/2892/4753 2917/2917/4753
f 2305/2305/4754 2309/2309/4754 2306/2306/4754
f 2307/2307/4755 2306/2306/4755 2883/2883/4755
f 5080/5080/4756 2234/2234/4756 2277/2277/4756
f 2317/2317/4757 2311/2311/4757 2313/2313/4757
f 2248/2248/4758 2247/2247/4758 2314/2314/4758
f 2317/2317/4759 2316/2316/4759 2294/2294/4759
f 2313/2313/4760 2218/2218/4760 2220/2220/4760
f 5072/5072/4761 5081/5081/4761 2326/2326/4761
f 2326/2326/4761 2285/2285/4761 5072/5072/4761
f 2288/2288/4762 5077/5077/4762 2282/2282/4762
f 2246/2246/4763 5078/5078/4763 2278/2278/4763
f 2318/2318/4764 2223/2223/4764 2229/2229/4764
f 2310/2310/4765 2253/2253/4765 2323/2323/4765
f 2322/2322/4766 2333/2333/4766 2335/2335/4766
f 2335/2335/4766 2336/2336/4766 2322/2322/4766
f 2244/2244/4767 2243/2243/4767 2325/2325/4767
f 5075/5075/4768 2244/2244/4768 2325/2325/4768
f 5075/5075/4769 2325/2325/4769 2350/2350/4769
f 5075/5075/4770 2350/2350/4770 2351/2351/4770
f 2253/2253/4771 2328/2328/4771 2330/2330/4771
f 2358/2358/4772 2364/2364/4772 2333/2333/4772
f 2333/2333/4773 2364/2364/4773 2366/2366/4773
f 2325/2325/4774 2346/2346/4774 2348/2348/4774
f 2348/2348/4774 2350/2350/4774 2325/2325/4774
f 2304/2304/4775 2302/2302/4775 2337/2337/4775
f 2337/2337/4776 2302/2302/4776 2321/2321/4776
f 2325/2325/4777 2324/2324/4777 2346/2346/4777
f 2344/2344/4778 2371/2371/4778 2352/2352/4778
f 2327/2327/4779 2326/2326/4779 5082/5082/4779
f 5082/5082/4779 5083/5083/4779 2327/2327/4779
f 2345/2345/4780 2344/2344/4780 2352/2352/4780
f 2330/2330/4781 5084/5084/4781 2357/2357/4781
f 2357/2357/4781 2333/2333/4781 2330/2330/4781
f 2348/2348/4782 2347/2347/4782 5085/5085/4782
f 5086/5086/4783 2343/2343/4783 2345/2345/4783
f 2349/2349/4784 2342/2342/4784 2375/2375/4784
f 2331/2331/4785 2356/2356/4785 2302/2302/4785
f 2321/2321/4786 2320/2320/4786 2378/2378/4786
f 2378/2378/4786 5087/5087/4786 2321/2321/4786
f 2302/2302/4787 2354/2354/4787 2320/2320/4787
f 2322/2322/4788 2330/2330/4788 2333/2333/4788
f 2377/2377/4789 5088/5088/4789 5087/5087/4789
f 2369/2369/4790 5089/5089/4790 2373/2373/4790
f 2362/2362/4791 5090/5090/4791 2363/2363/4791
f 2359/2359/4792 5091/5091/4792 2360/2360/4792
f 5092/5092/4793 2359/2359/4793 2361/2361/4793
f 2377/2377/4794 5087/5087/4794 2378/2378/4794
f 2370/2370/4795 2369/2369/4795 2373/2373/4795
f 2426/2426/4796 2434/2434/4796 5093/5093/4796
f 5093/5093/4796 2449/2449/4796 2426/2426/4796
f 2333/2333/4797 2366/2366/4797 2334/2334/4797
f 2321/2321/4798 5087/5087/4798 2367/2367/4798
f 2371/2371/4799 2368/2368/4799 2370/2370/4799
f 2372/2372/4800 2371/2371/4800 2370/2370/4800
f 2342/2342/4801 2361/2361/4801 2360/2360/4801
f 2342/2342/4802 2341/2341/4802 2361/2361/4802
f 2320/2320/4803 2376/2376/4803 2378/2378/4803
f 2353/2353/4804 2352/2352/4804 2374/2374/4804
f 2358/2358/4805 2365/2365/4805 2364/2364/4805
f 2434/2434/4806 2455/2455/4806 5093/5093/4806
f 2415/2415/4807 2424/2424/4807 2428/2428/4807
f 2428/2428/4807 2379/2379/4807 2415/2415/4807
f 5093/5093/4808 2455/2455/4808 2457/2457/4808
f 2380/2380/4809 2426/2426/4809 2449/2449/4809
f 2381/2381/4810 2380/2380/4810 2449/2449/4810
f 2444/2444/4811 2388/2388/4811 2390/2390/4811
f 2389/2389/4812 2446/2446/4812 2395/2395/4812
f 2393/2393/4813 2392/2392/4813 2451/2451/4813
f 2464/2464/4814 2391/2391/4814 2393/2393/4814
f 2439/2439/4815 2384/2384/4815 5094/5094/4815
f 2383/2383/4816 5094/5094/4816 2384/2384/4816
f 2383/2383/4817 5095/5095/4817 5094/5094/4817
f 2384/2384/4818 2439/2439/4818 2387/2387/4818
f 2451/2451/4819 2421/2421/4819 5096/5096/4819
f 2394/2394/4820 2389/2389/4820 2395/2395/4820
f 2470/2470/4821 2397/2397/4821 2399/2399/4821
f 5097/5097/4822 2416/2416/4822 2402/2402/4822
f 2403/2403/4823 2402/2402/4823 2416/2416/4823
f 2408/2408/4824 5098/5098/4824 2409/2409/4824
f 5099/5099/4825 5098/5098/4825 2408/2408/4825
f 5100/5100/4826 2441/2441/4826 2414/2414/4826
f 2441/2441/4827 2411/2411/4827 2414/2414/4827
f 2413/2413/4828 2412/2412/4828 2435/2435/4828
f 2403/2403/4829 2379/2379/4829 2381/2381/4829
f 2419/2419/4830 2418/2418/4830 2473/2473/4830
f 2387/2387/4831 2422/2422/4831 2392/2392/4831
f 2385/2385/4832 2387/2387/4832 2392/2392/4832
f 2428/2428/4833 5101/5101/4833 2380/2380/4833
f 2380/2380/4833 2379/2379/4833 2428/2428/4833
f 2449/2449/4834 5093/5093/4834 5102/5102/4834
f 5103/5103/4835 5104/5104/4835 5100/5100/4835
f 5100/5100/4835 2447/2447/4835 5103/5103/4835
f 5101/5101/4836 2425/2425/4836 2380/2380/4836
f 2424/2424/4837 5105/5105/4837 2427/2427/4837
f 2434/2434/4838 2433/2433/4838 2455/2455/4838
f 2426/2426/4839 2432/2432/4839 2434/2434/4839
f 2420/2420/4840 5106/5106/4840 2421/2421/4840
f 5104/5104/4841 5107/5107/4841 2441/2441/4841
f 2441/2441/4841 5100/5100/4841 5104/5104/4841
f 2447/2447/4842 5100/5100/4842 2414/2414/4842
f 2435/2435/4843 2405/2405/4843 2407/2407/4843
f 2397/2397/4844 2417/2417/4844 2398/2398/4844
f 2441/2441/4845 5107/5107/4845 5108/5108/4845
f 5108/5108/4845 5109/5109/4845 2441/2441/4845
f 2400/2400/4846 2417/2417/4846 2419/2419/4846
f 2411/2411/4847 2442/2442/4847 2412/2412/4847
f 2471/2471/4848 5110/5110/4848 5111/5111/4848
f 5111/5111/4848 2470/2470/4848 2471/2471/4848
f 2442/2442/4849 2441/2441/4849 5109/5109/4849
f 2388/2388/4850 2445/2445/4850 2389/2389/4850
f 2445/2445/4851 5112/5112/4851 2446/2446/4851
f 2428/2428/4852 2427/2427/4852 5101/5101/4852
f 2468/2468/4853 2435/2435/4853 2437/2437/4853
f 2470/2470/4854 5111/5111/4854 5113/5113/4854
f 5113/5113/4854 2452/2452/4854 2470/2470/4854
f 2404/2404/4855 2381/2381/4855 2450/2450/4855
f 2450/2450/4856 2449/2449/4856 5114/5114/4856
f 2408/2408/4857 2410/2410/4857 5115/5115/4857
f 5115/5115/4857 5116/5116/4857 2408/2408/4857
f 2397/2397/4858 2470/2470/4858 2452/2452/4858
f 5099/5099/4859 2408/2408/4859 5116/5116/4859
f 2386/2386/4860 5117/5117/4860 5095/5095/4860
f 5095/5095/4860 2383/2383/4860 2386/2386/4860
f 2435/2435/4861 2407/2407/4861 2436/2436/4861
f 2391/2391/4862 2385/2385/4862 2392/2392/4862
f 2451/2451/4863 2422/2422/4863 2421/2421/4863
f 2452/2452/4864 5113/5113/4864 2453/2453/4864
f 2440/2440/4865 2452/2452/4865 2454/2454/4865
f 2440/2440/4866 2460/2460/4866 2417/2417/4866
f 2453/2453/4867 2462/2462/4867 2454/2454/4867
f 5118/5118/4868 5119/5119/4868 5120/5120/4868
f 5121/5121/4869 5119/5119/4869 5118/5118/4869
f 5122/5122/4870 5119/5119/4870 5121/5121/4870
f 5123/5123/4871 5119/5119/4871 5122/5122/4871
f 5124/5124/4872 5119/5119/4872 5123/5123/4872
f 5125/5125/4873 5119/5119/4873 5124/5124/4873
f 5120/5120/4874 5119/5119/4874 5125/5125/4874
f 5126/5126/4875 5118/5118/4875 5127/5127/4875
f 5127/5127/4875 5128/5128/4875 5126/5126/4875
f 2466/2466/4876 5129/5129/4876 2386/2386/4876
f 5127/5127/4877 5118/5118/4877 5120/5120/4877
f 5130/5130/4878 5121/5121/4878 5126/5126/4878
f 5126/5126/4878 5131/5131/4878 5130/5130/4878
f 5126/5126/4879 5121/5121/4879 5118/5118/4879
f 5132/5132/4880 5122/5122/4880 5130/5130/4880
f 5130/5130/4880 5133/5133/4880 5132/5132/4880
f 5130/5130/4881 5122/5122/4881 5121/5121/4881
f 5134/5134/4882 5124/5124/4882 5135/5135/4882
f 5135/5135/4882 5136/5136/4882 5134/5134/4882
f 5132/5132/4883 5123/5123/4883 5122/5122/4883
f 5137/5137/4884 5123/5123/4884 5132/5132/4884
f 5135/5135/4885 5124/5124/4885 5123/5123/4885
f 2416/2416/4886 5138/5138/4886 2423/2423/4886
f 2423/2423/4886 2415/2415/4886 2416/2416/4886
f 5139/5139/4887 5125/5125/4887 5124/5124/4887
f 2463/2463/4888 2400/2400/4888 2419/2419/4888
f 2419/2419/4888 5140/5140/4888 2463/2463/4888
f 5141/5141/4889 5120/5120/4889 5125/5125/4889
f 5142/5142/4890 5120/5120/4890 5141/5141/4890
f 2417/2417/4891 5143/5143/4891 5144/5144/4891
f 5144/5144/4891 2418/2418/4891 2417/2417/4891
f 2467/2467/4892 2465/2465/4892 2464/2464/4892
f 2414/2414/4893 2413/2413/4893 2468/2468/4893
f 2465/2465/4894 2382/2382/4894 2385/2385/4894
f 2382/2382/4895 2466/2466/4895 2386/2386/4895
f 2412/2412/4896 2469/2469/4896 2405/2405/4896
f 2418/2418/4897 5144/5144/4897 2472/2472/4897
f 5112/5112/4898 5145/5145/4898 2480/2480/4898
f 2480/2480/4898 2446/2446/4898 5112/5112/4898
f 5140/5140/4899 2419/2419/4899 2477/2477/4899
f 2476/2476/4900 2486/2486/4900 2488/2488/4900
f 2488/2488/4900 2489/2489/4900 2476/2476/4900
f 2410/2410/4901 2409/2409/4901 2479/2479/4901
f 5115/5115/4902 2410/2410/4902 2479/2479/4902
f 5115/5115/4903 2479/2479/4903 2502/2502/4903
f 5115/5115/4904 2502/2502/4904 2504/2504/4904
f 2419/2419/4905 2473/2473/4905 2483/2483/4905
f 2511/2511/4906 2523/2523/4906 2486/2486/4906
f 2486/2486/4907 2523/2523/4907 2525/2525/4907
f 2479/2479/4908 5146/5146/4908 2503/2503/4908
f 2503/2503/4908 2502/2502/4908 2479/2479/4908
f 2458/2458/4909 2456/2456/4909 2490/2490/4909
f 2490/2490/4910 2456/2456/4910 2475/2475/4910
f 2479/2479/4911 2478/2478/4911 5146/5146/4911
f 2497/2497/4912 2528/2528/4912 2505/2505/4912
f 2481/2481/4913 2480/2480/4913 5147/5147/4913
f 5147/5147/4913 5148/5148/4913 2481/2481/4913
f 2498/2498/4914 2497/2497/4914 2505/2505/4914
f 2483/2483/4915 2482/2482/4915 2510/2510/4915
f 2510/2510/4915 2486/2486/4915 2483/2483/4915
f 2500/2500/4916 2496/2496/4916 5149/5149/4916
f 5149/5149/4917 2496/2496/4917 2498/2498/4917
f 2501/2501/4918 2495/2495/4918 2531/2531/4918
f 2484/2484/4919 2509/2509/4919 2456/2456/4919
f 2515/2515/4920 5150/5150/4920 2526/2526/4920
f 2526/2526/4920 2516/2516/4920 2515/2515/4920
f 2456/2456/4921 2507/2507/4921 2474/2474/4921
f 2476/2476/4922 2483/2483/4922 2486/2486/4922
f 2521/2521/4923 5151/5151/4923 2522/2522/4923
f 5152/5152/4924 5151/5151/4924 2521/2521/4924
f 2580/2580/4925 2587/2587/4925 5153/5153/4925
f 5153/5153/4925 2610/2610/4925 2580/2580/4925
f 2518/2518/4926 5154/5154/4926 2519/2519/4926
f 2475/2475/4927 2474/2474/4927 2516/2516/4927
f 2486/2486/4928 2525/2525/4928 2487/2487/4928
f 2475/2475/4929 2516/2516/4929 2526/2526/4929
f 2487/2487/4930 2525/2525/4930 5155/5155/4930
f 2529/2529/4931 2528/2528/4931 2520/2520/4931
f 2495/2495/4932 2514/2514/4932 2513/2513/4932
f 2495/2495/4933 2494/2494/4933 2514/2514/4933
f 2531/2531/4934 2513/2513/4934 2524/2524/4934
f 2474/2474/4935 2532/2532/4935 2516/2516/4935
f 2506/2506/4936 2505/2505/4936 2530/2530/4936
f 2511/2511/4937 2521/2521/4937 2523/2523/4937
f 2587/2587/4938 2614/2614/4938 5153/5153/4938
f 2567/2567/4939 2578/2578/4939 2582/2582/4939
f 2582/2582/4939 2533/2533/4939 2567/2567/4939
f 5153/5153/4940 2614/2614/4940 2616/2616/4940
f 2534/2534/4941 2580/2580/4941 2610/2610/4941
f 2535/2535/4942 2534/2534/4942 2610/2610/4942
f 2538/2538/4943 2537/2537/4943 2627/2627/4943
f 2546/2546/4944 2627/2627/4944 2537/2537/4944
f 2627/2627/4945 2546/2546/4945 2573/2573/4945
f 2575/2575/4946 2539/2539/4946 2541/2541/4946
f 2540/2540/4947 2603/2603/4947 2548/2548/4947
f 2544/2544/4948 2543/2543/4948 5156/5156/4948
f 2544/2544/4949 5156/5156/4949 2569/2569/4949
f 2630/2630/4950 2576/2576/4950 2541/2541/4950
f 2545/2545/4951 2537/2537/4951 5157/5157/4951
f 2537/2537/4952 5158/5158/4952 5157/5157/4952
f 2547/2547/4953 2540/2540/4953 2548/2548/4953
f 5159/5159/4954 2568/2568/4954 2554/2554/4954
f 2555/2555/4955 2554/2554/4955 2568/2568/4955
f 2560/2560/4956 2558/2558/4956 2561/2561/4956
f 2559/2559/4957 2558/2558/4957 2560/2560/4957
f 2592/2592/4958 2594/2594/4958 2566/2566/4958
f 2594/2594/4959 2563/2563/4959 2566/2566/4959
f 2565/2565/4960 2564/2564/4960 2597/2597/4960
f 2555/2555/4961 2533/2533/4961 2535/2535/4961
f 2571/2571/4962 2570/2570/4962 2638/2638/4962
f 2572/2572/4963 2590/2590/4963 5160/5160/4963
f 2582/2582/4964 2605/2605/4964 2534/2534/4964
f 2534/2534/4964 2533/2533/4964 2582/2582/4964
f 2610/2610/4965 5153/5153/4965 5161/5161/4965
f 2586/2586/4966 2636/2636/4966 2614/2614/4966
f 2614/2614/4966 2587/2587/4966 2586/2586/4966
f 2605/2605/4967 2579/2579/4967 2534/2534/4967
f 2578/2578/4968 2584/2584/4968 2581/2581/4968
f 5162/5162/4969 5163/5163/4969 2592/2592/4969
f 2592/2592/4969 5164/5164/4969 5162/5162/4969
f 2580/2580/4970 2585/2585/4970 2587/2587/4970
f 2546/2546/4971 2589/2589/4971 2572/2572/4971
f 2574/2574/4972 2601/2601/4972 2575/2575/4972
f 5165/5165/4973 5166/5166/4973 2884/2884/4973
f 2884/2884/4973 5167/5167/4973 5165/5165/4973
f 5164/5164/4974 2592/2592/4974 2566/2566/4974
f 5168/5168/4975 2557/2557/4975 2559/2559/4975
f 5163/5163/4976 2593/2593/4976 2592/2592/4976
f 2595/2595/4977 2569/2569/4977 2571/2571/4977
f 2563/2563/4978 2600/2600/4978 2564/2564/4978
f 2593/2593/4979 2598/2598/4979 2594/2594/4979
f 2593/2593/4980 5169/5169/4980 2598/2598/4980
f 2600/2600/4981 2594/2594/4981 2599/2599/4981
f 2539/2539/4982 2602/2602/4982 2540/2540/4982
f 2602/2602/4983 5170/5170/4983 2603/2603/4983
f 2582/2582/4984 2581/2581/4984 2605/2605/4984
f 2579/2579/4985 2588/2588/4985 2580/2580/4985
f 2606/2606/4986 2598/2598/4986 5171/5171/4986
f 2556/2556/4987 2535/2535/4987 2611/2611/4987
f 2611/2611/4988 2610/2610/4988 5172/5172/4988
f 5166/5166/4989 2930/2930/4989 2307/2307/4989
f 2307/2307/4989 2884/2884/4989 5166/5166/4989
f 2559/2559/4990 2560/2560/4990 5173/5173/4990
f 5173/5173/4990 5174/5174/4990 2559/2559/4990
f 2928/2928/4991 5175/5175/4991 2299/2299/4991
f 2560/2560/4992 2562/2562/4992 5176/5176/4992
f 5176/5176/4992 5173/5173/4992 2560/2560/4992
f 2296/2296/4993 5177/5177/4993 3512/3512/4993
f 3512/3512/4993 3511/3511/4993 2296/2296/4993
f 5168/5168/4994 2559/2559/4994 5174/5174/4994
f 2307/2307/4995 2931/2931/4995 2305/2305/4995
f 2305/2305/4996 2932/2932/4996 2308/2308/4996
f 2591/2591/4997 2542/2542/4997 2544/2544/4997
f 2300/2300/4998 5177/5177/4998 2296/2296/4998
f 2300/2300/4999 2906/2906/4999 5177/5177/4999
f 2600/2600/5000 5178/5178/5000 5179/5179/5000
f 5179/5179/5000 2564/2564/5000 2600/2600/5000
f 3508/3508/5001 2618/2618/5001 2620/2620/5001
f 3508/3508/5002 2620/2620/5002 3505/3505/5002
f 5180/5180/5003 2552/2552/5003 2595/2595/5003
f 2628/2628/5004 2622/2622/5004 2624/2624/5004
f 2566/2566/5005 2565/2565/5005 2625/2625/5005
f 2628/2628/5006 2627/2627/5006 2612/2612/5006
f 2624/2624/5007 2536/2536/5007 2538/2538/5007
f 5170/5170/5008 5181/5181/5008 2650/2650/5008
f 2650/2650/5008 2603/2603/5008 5170/5170/5008
f 2606/2606/5009 5178/5178/5009 2600/2600/5009
f 2564/2564/5010 5179/5179/5010 2596/2596/5010
f 2629/2629/5011 2541/2541/5011 2547/2547/5011
f 2621/2621/5012 2571/2571/5012 2642/2642/5012
f 5182/5182/5013 2621/2621/5013 2642/2642/5013
f 2603/2603/5014 2650/2650/5014 2634/2634/5014
f 2634/2634/5014 2548/2548/5014 2603/2603/5014
f 2562/2562/5015 2561/2561/5015 2633/2633/5015
f 2649/2649/5016 2632/2632/5016 5183/5183/5016
f 5183/5183/5016 2655/2655/5016 2649/2649/5016
f 5176/5176/5017 2562/2562/5017 2633/2633/5017
f 5176/5176/5018 2633/2633/5018 5184/5184/5018
f 2614/2614/5019 2637/2637/5019 2641/2641/5019
f 2571/2571/5020 2638/2638/5020 2640/2640/5020
f 2647/2647/5021 2642/2642/5021 2673/2673/5021
f 2644/2644/5022 2642/2642/5022 2647/2647/5022
f 2617/2617/5023 2631/2631/5023 2645/2645/5023
f 2645/2645/5024 2631/2631/5024 5185/5185/5024
f 2633/2633/5025 2649/2649/5025 2656/2656/5025
f 2656/2656/5025 5184/5184/5025 2633/2633/5025
f 2652/2652/5026 5186/5186/5026 2653/2653/5026
f 2651/2651/5027 5187/5187/5027 5188/5188/5027
f 2659/2659/5028 5189/5189/5028 2674/2674/5028
f 2674/2674/5028 2660/2660/5028 2659/2659/5028
f 2657/2657/5029 2651/2651/5029 5188/5188/5029
f 2655/2655/5030 5190/5190/5030 5191/5191/5030
f 2635/2635/5031 2634/2634/5031 2657/2657/5031
f 2663/2663/5032 2661/2661/5032 2615/2615/5032
f 2637/2637/5033 2663/2663/5033 2641/2641/5033
f 2640/2640/5034 2639/2639/5034 2658/2658/5034
f 2678/2678/5035 5192/5192/5035 5193/5193/5035
f 2674/2674/5036 5194/5194/5036 5195/5195/5036
f 2668/2668/5037 2667/2667/5037 5196/5196/5037
f 2678/2678/5038 5193/5193/5038 2679/2679/5038
f 2674/2674/5039 5195/5195/5039 2675/2675/5039
f 2647/2647/5040 2673/2673/5040 2675/2675/5040
f 2631/2631/5041 2669/2669/5041 2668/2668/5041
f 2653/2653/5042 5197/5197/5042 2676/2676/5042
f 5198/5198/5043 5199/5199/5043 2666/2666/5043
f 5198/5198/5044 2666/2666/5044 2677/2677/5044
f 2654/2654/5045 2676/2676/5045 2679/2679/5045
f 2726/2726/5046 2732/2732/5046 5200/5200/5046
f 5200/5200/5046 2752/2752/5046 2726/2726/5046
f 2662/2662/5047 5201/5201/5047 2667/2667/5047
f 2673/2673/5048 2660/2660/5048 2674/2674/5048
f 2642/2642/5049 2660/2660/5049 2673/2673/5049
f 2615/2615/5050 2662/2662/5050 2667/2667/5050
f 2732/2732/5051 2796/2796/5051 5200/5200/5051
f 2713/2713/5052 2724/2724/5052 2728/2728/5052
f 2728/2728/5052 2681/2681/5052 2713/2713/5052
f 5200/5200/5053 2796/2796/5053 2784/2784/5053
f 2682/2682/5054 2726/2726/5054 2752/2752/5054
f 2683/2683/5055 2682/2682/5055 2752/2752/5055
f 2686/2686/5056 2685/2685/5056 2779/2779/5056
f 2694/2694/5057 2779/2779/5057 2685/2685/5057
f 2779/2779/5058 2694/2694/5058 2719/2719/5058
f 2721/2721/5059 2687/2687/5059 2689/2689/5059
f 2746/2746/5060 2745/2745/5060 2789/2789/5060
f 2692/2692/5061 2691/2691/5061 2722/2722/5061
f 2692/2692/5062 2722/2722/5062 5202/5202/5062
f 5202/5202/5063 2722/2722/5063 2689/2689/5063
f 2693/2693/5064 2685/2685/5064 5203/5203/5064
f 2685/2685/5065 5204/5204/5065 5203/5203/5065
f 2781/2781/5066 2746/2746/5066 2789/2789/5066
f 5205/5205/5067 2714/2714/5067 2700/2700/5067
f 2701/2701/5068 2700/2700/5068 2714/2714/5068
f 5206/5206/5069 2738/2738/5069 2772/2772/5069
f 2705/2705/5070 2704/2704/5070 5207/5207/5070
f 5208/5208/5071 2739/2739/5071 2712/2712/5071
f 2739/2739/5072 2709/2709/5072 2712/2712/5072
f 2711/2711/5073 2710/2710/5073 2733/2733/5073
f 2701/2701/5074 2681/2681/5074 2683/2683/5074
f 2717/2717/5075 2716/2716/5075 2792/2792/5075
f 2718/2718/5076 2720/2720/5076 2722/2722/5076
f 2728/2728/5077 2748/2748/5077 2682/2682/5077
f 2682/2682/5077 2681/2681/5077 2728/2728/5077
f 2752/2752/5078 5200/5200/5078 5209/5209/5078
f 5210/5210/5079 5211/5211/5079 5208/5208/5079
f 5208/5208/5079 5212/5212/5079 5210/5210/5079
f 2748/2748/5080 2725/2725/5080 2682/2682/5080
f 2724/2724/5081 2729/2729/5081 2727/2727/5081
f 2732/2732/5082 2731/2731/5082 2796/2796/5082
f 2726/2726/5083 2730/2730/5083 2732/2732/5083
f 2694/2694/5084 2736/2736/5084 2718/2718/5084
f 2720/2720/5085 2743/2743/5085 2721/2721/5085
f 5211/5211/5086 5213/5213/5086 2739/2739/5086
f 2739/2739/5086 5208/5208/5086 5211/5211/5086
f 5212/5212/5087 5208/5208/5087 2712/2712/5087
f 2733/2733/5088 2703/2703/5088 2705/2705/5088
f 2706/2706/5089 2708/2708/5089 5214/5214/5089
f 5214/5214/5089 5215/5215/5089 2706/2706/5089
f 2738/2738/5090 2715/2715/5090 2717/2717/5090
f 2709/2709/5091 2742/2742/5091 2710/2710/5091
f 5213/5213/5092 2740/2740/5092 2739/2739/5092
f 5213/5213/5093 2750/2750/5093 2740/2740/5093
f 2742/2742/5094 2739/2739/5094 2741/2741/5094
f 2687/2687/5095 5216/5216/5095 2688/2688/5095
f 2744/2744/5096 5217/5217/5096 2745/2745/5096
f 2728/2728/5097 2727/2727/5097 2748/2748/5097
f 2776/2776/5098 2733/2733/5098 2735/2735/5098
f 2749/2749/5099 2740/2740/5099 2751/2751/5099
f 2751/2751/5100 2750/2750/5100 5218/5218/5100
f 2702/2702/5101 2683/2683/5101 2753/2753/5101
f 2753/2753/5102 2752/2752/5102 5219/5219/5102
f 2918/2918/5103 2770/2770/5103 5220/5220/5103
f 2918/2918/5104 2887/2887/5104 2770/2770/5104
f 5221/5221/5105 5222/5222/5105 5223/5223/5105
f 2705/2705/5106 5207/5207/5106 2734/2734/5106
f 2796/2796/5107 2815/2815/5107 2798/2798/5107
f 2798/2798/5107 2784/2784/5107 2796/2796/5107
f 2733/2733/5108 2705/2705/5108 2734/2734/5108
f 2756/2756/5109 2755/2755/5109 2757/2757/5109
f 2754/2754/5110 2765/2765/5110 2755/2755/5110
f 2763/2763/5111 2936/2936/5111 2938/2938/5111
f 2938/2938/5111 2764/2764/5111 2763/2763/5111
f 2737/2737/5112 2837/2837/5112 2761/2761/5112
f 2742/2742/5113 5224/5224/5113 5225/5225/5113
f 5225/5225/5113 2710/2710/5113 2742/2742/5113
f 2619/2619/5114 2762/2762/5114 2764/2764/5114
f 2887/2887/5115 2768/2768/5115 2770/2770/5115
f 5226/5226/5116 2698/2698/5116 2738/2738/5116
f 2690/2690/5117 5227/5227/5117 2778/2778/5117
f 2712/2712/5118 2711/2711/5118 2776/2776/5118
f 2690/2690/5119 2779/2779/5119 2691/2691/5119
f 2778/2778/5120 5228/5228/5120 2686/2686/5120
f 2745/2745/5121 5229/5229/5121 2790/2790/5121
f 2790/2790/5121 2789/2789/5121 2745/2745/5121
f 2841/2841/5122 2696/2696/5122 5230/5230/5122
f 2710/2710/5123 5225/5225/5123 2703/2703/5123
f 2716/2716/5124 2783/2783/5124 5231/5231/5124
f 2798/2798/5125 2818/2818/5125 2825/2825/5125
f 2772/2772/5126 2717/2717/5126 2797/2797/5126
f 2784/2784/5127 2798/2798/5127 2785/2785/5127
f 5232/5232/5128 2772/2772/5128 2797/2797/5128
f 2708/2708/5129 2707/2707/5129 2788/2788/5129
f 5233/5233/5130 2801/2801/5130 2800/2800/5130
f 2800/2800/5130 5234/5234/5130 5233/5233/5130
f 5214/5214/5131 2708/2708/5131 2788/2788/5131
f 5214/5214/5132 2788/2788/5132 2804/2804/5132
f 2782/2782/5133 2789/2789/5133 2791/2791/5133
f 2782/2782/5134 2781/2781/5134 2789/2789/5134
f 2796/2796/5135 2795/2795/5135 2815/2815/5135
f 2717/2717/5136 2792/2792/5136 2794/2794/5136
f 2798/2798/5137 2825/2825/5137 2799/2799/5137
f 2806/2806/5138 5235/5235/5138 5236/5236/5138
f 2837/2837/5139 2836/2836/5139 5237/5237/5139
f 5237/5237/5139 5238/5238/5139 2837/2837/5139
f 2805/2805/5140 5235/5235/5140 2806/2806/5140
f 2806/2806/5141 5236/5236/5141 2808/2808/5141
f 5239/5239/5142 5234/5234/5142 2800/2800/5142
f 2807/2807/5143 2806/2806/5143 2809/2809/5143
f 5240/5240/5144 5239/5239/5144 2800/2800/5144
f 2812/2812/5145 2811/2811/5145 2816/2816/5145
f 2814/2814/5146 5241/5241/5146 2818/2818/5146
f 2795/2795/5147 2813/2813/5147 2815/2815/5147
f 2815/2815/5148 2814/2814/5148 2798/2798/5148
f 2797/2797/5149 2812/2812/5149 2817/2817/5149
f 2797/2797/5150 2794/2794/5150 2812/2812/5150
f 2829/2829/5151 5242/5242/5151 2832/2832/5151
f 2826/2826/5152 5243/5243/5152 2824/2824/5152
f 2829/2829/5153 2832/2832/5153 2831/2831/5153
f 2835/2835/5154 5244/5244/5154 2827/2827/5154
f 2825/2825/5155 2818/2818/5155 2823/2823/5155
f 5236/5236/5156 2822/2822/5156 2821/2821/5156
f 5245/5245/5157 2797/2797/5157 2827/2827/5157
f 2802/2802/5158 2829/2829/5158 2831/2831/5158
f 2802/2802/5159 2801/2801/5159 2829/2829/5159
f 2808/2808/5160 2821/2821/5160 2830/2830/5160
f 5236/5236/5161 2821/2821/5161 2808/2808/5161
f 2810/2810/5162 2802/2802/5162 2831/2831/5162
f 2818/2818/5163 2834/2834/5163 2823/2823/5163
f 2817/2817/5164 2816/2816/5164 2835/2835/5164
f 5246/5246/5165 5247/5247/5165 5248/5248/5165
f 5248/5248/5165 5249/5249/5165 5246/5246/5165
f 5250/5250/5166 2839/2839/5166 2838/2838/5166
f 5251/5251/5167 2838/2838/5167 2840/2840/5167
f 5252/5252/5168 5238/5238/5168 5237/5237/5168
f 2699/2699/5169 2836/2836/5169 2737/2737/5169
f 5253/5253/5170 2699/2699/5170 2842/2842/5170
f 2696/2696/5171 2841/2841/5171 2699/2699/5171
f 2845/2845/5172 2844/2844/5172 2849/2849/5172
f 5247/5247/5173 5254/5254/5173 5255/5255/5173
f 2847/2847/5174 5254/5254/5174 5247/5247/5174
f 2846/2846/5175 5254/5254/5175 2847/2847/5175
f 3471/3471/5176 5254/5254/5176 2846/2846/5176
f 5256/5256/5177 5254/5254/5177 3471/3471/5177
f 5257/5257/5178 5254/5254/5178 5256/5256/5178
f 5255/5255/5179 5254/5254/5179 5257/5257/5179
f 5258/5258/5180 2847/2847/5180 5246/5246/5180
f 5246/5246/5180 5259/5259/5180 5258/5258/5180
f 5247/5247/5181 5255/5255/5181 5248/5248/5181
f 5260/5260/5182 5261/5261/5182 5251/5251/5182
f 5251/5251/5182 2840/2840/5182 5260/5260/5182
f 2847/2847/5183 5247/5247/5183 5246/5246/5183
f 5211/5211/5184 5262/5262/5184 2750/2750/5184
f 2750/2750/5184 5213/5213/5184 5211/5211/5184
f 5263/5263/5185 3471/3471/5185 5264/5264/5185
f 2750/2750/5186 5262/5262/5186 5265/5265/5186
f 5266/5266/5187 5267/5267/5187 5211/5211/5187
f 5211/5211/5187 5210/5210/5187 5266/5266/5187
f 5268/5268/5188 5257/5257/5188 5256/5256/5188
f 2714/2714/5189 5269/5269/5189 2723/2723/5189
f 2723/2723/5189 2713/2713/5189 2714/2714/5189
f 5270/5270/5190 5255/5255/5190 5257/5257/5190
f 2542/2542/5191 2851/2851/5191 5271/5271/5191
f 5271/5271/5191 5272/5272/5191 2542/2542/5191
f 5248/5248/5192 5255/5255/5192 5273/5273/5192
f 2536/2536/5193 5274/5274/5193 5158/5158/5193
f 5158/5158/5193 2537/2537/5193 2536/2536/5193
f 5275/5275/5194 2853/2853/5194 2852/2852/5194
f 2623/2623/5195 2852/2852/5195 2854/2854/5195
f 5276/5276/5196 5272/5272/5196 5271/5271/5196
f 2553/2553/5197 2851/2851/5197 2591/2591/5197
f 5277/5277/5198 2553/2553/5198 2856/2856/5198
f 2550/2550/5199 2855/2855/5199 2553/2553/5199
f 2857/2857/5200 5278/5278/5200 2856/2856/5200
f 2860/2860/5201 2859/2859/5201 5279/5279/5201
f 5280/5280/5202 5281/5281/5202 5282/5282/5202
f 3498/3498/5203 5281/5281/5203 5280/5280/5203
f 2863/2863/5204 5281/5281/5204 3498/3498/5204
f 2862/2862/5205 5281/5281/5205 2863/2863/5205
f 5283/5283/5206 5281/5281/5206 2862/2862/5206
f 5284/5284/5207 5281/5281/5207 5283/5283/5207
f 5282/5282/5208 5281/5281/5208 5284/5284/5208
f 2623/2623/5209 2861/2861/5209 2536/2536/5209
f 2536/2536/5209 2624/2624/5209 2623/2623/5209
f 5274/5274/5210 5285/5285/5210 5158/5158/5210
f 5286/5286/5211 5283/5283/5211 2608/2608/5211
f 2608/2608/5211 5287/5287/5211 5286/5286/5211
f 2861/2861/5212 5274/5274/5212 2536/2536/5212
f 2608/2608/5213 2862/2862/5213 5288/5288/5213
f 2608/2608/5214 5283/5283/5214 2862/2862/5214
f 5289/5289/5215 5284/5284/5215 5286/5286/5215
f 5286/5286/5215 5290/5290/5215 5289/5289/5215
f 5286/5286/5216 5284/5284/5216 5283/5283/5216
f 2568/2568/5217 5291/5291/5217 2577/2577/5217
f 2577/2577/5217 2567/2567/5217 2568/2568/5217
f 5289/5289/5218 5282/5282/5218 5284/5284/5218
f 2224/2224/5219 2865/2865/5219 5292/5292/5219
f 5292/5292/5219 5293/5293/5219 2224/2224/5219
f 5158/5158/5220 5285/5285/5220 5294/5294/5220
f 5295/5295/5221 5296/5296/5221 2870/2870/5221
f 2870/2870/5221 2869/2869/5221 5295/5295/5221
f 5297/5297/5222 2867/2867/5222 2866/2866/5222
f 2312/2312/5223 2866/2866/5223 2868/2868/5223
f 5298/5298/5224 5293/5293/5224 5292/5292/5224
f 2235/2235/5225 2865/2865/5225 2273/2273/5225
f 2218/2218/5226 5299/5299/5226 5062/5062/5226
f 5062/5062/5226 2219/2219/5226 2218/2218/5226
f 2232/2232/5227 2869/2869/5227 2235/2235/5227
f 2872/2872/5228 5300/5300/5228 5301/5301/5228
f 2871/2871/5229 5300/5300/5229 2872/2872/5229
f 2874/2874/5230 5300/5300/5230 2871/2871/5230
f 5302/5302/5231 5300/5300/5231 2874/2874/5231
f 5303/5303/5232 5300/5300/5232 5302/5302/5232
f 5304/5304/5233 5300/5300/5233 5303/5303/5233
f 5301/5301/5234 5300/5300/5234 5304/5304/5234
f 2312/2312/5235 5305/5305/5235 2218/2218/5235
f 2218/2218/5235 2313/2313/5235 2312/2312/5235
f 3521/3521/5236 5305/5305/5236 2312/2312/5236
f 2312/2312/5236 2868/2868/5236 3521/3521/5236
f 5305/5305/5237 5299/5299/5237 2218/2218/5237
f 5306/5306/5238 5302/5302/5238 2290/2290/5238
f 2290/2290/5238 5307/5307/5238 5306/5306/5238
f 2290/2290/5239 2874/2874/5239 2876/2876/5239
f 2290/2290/5240 5302/5302/5240 2874/2874/5240
f 5308/5308/5241 5303/5303/5241 5306/5306/5241
f 5306/5306/5241 5309/5309/5241 5308/5308/5241
f 5306/5306/5242 5303/5303/5242 5302/5302/5242
f 2250/2250/5243 5310/5310/5243 2259/2259/5243
f 2259/2259/5243 2249/2249/5243 2250/2250/5243
f 5308/5308/5244 5304/5304/5244 5303/5303/5244
f 2882/2882/5245 5311/5311/5245 2905/2905/5245
f 2905/2905/5245 2881/2881/5245 2882/2882/5245
f 5312/5312/5246 5301/5301/5246 5304/5304/5246
f 5062/5062/5247 5299/5299/5247 5313/5313/5247
f 2768/2768/5248 2886/2886/5248 2885/2885/5248
f 2769/2769/5249 2885/2885/5249 5314/5314/5249
f 2892/2892/5250 2894/2894/5250 2886/2886/5250
f 2886/2886/5251 2895/2895/5251 2885/2885/5251
f 2944/2944/5252 2900/2900/5252 2902/2902/5252
f 2902/2902/5253 2901/2901/5253 2904/2904/5253
f 2619/2619/5254 2764/2764/5254 2877/2877/5254
f 2877/2877/5254 2620/2620/5254 2619/2619/5254
f 2883/2883/5255 2913/2913/5255 5315/5315/5255
f 2881/2881/5256 2905/2905/5256 2300/2300/5256
f 2764/2764/5257 2938/2938/5257 2877/2877/5257
f 2877/2877/5258 2938/2938/5258 2878/2878/5258
f 2901/2901/5259 5316/5316/5259 5317/5317/5259
f 5317/5317/5259 2903/2903/5259 2901/2901/5259
f 2758/2758/5260 2755/2755/5260 2911/2911/5260
f 2757/2757/5261 2758/2758/5261 2760/2760/5261
f 2910/2910/5262 2912/2912/5262 5318/5318/5262
f 2904/2904/5263 2903/2903/5263 5319/5319/5263
f 2912/2912/5264 2916/2916/5264 5320/5320/5264
f 2889/2889/5265 2892/2892/5265 5079/5079/5265
f 2901/2901/5266 2919/2919/5266 5316/5316/5266
f 2919/2919/5267 2900/2900/5267 5321/5321/5267
f 3505/3505/5268 2620/2620/5268 5322/5322/5268
f 5322/5322/5268 3504/3504/5268 3505/3505/5268
f 2920/2920/5269 2934/2934/5269 2921/2921/5269
f 5323/5323/5270 2960/2960/5270 2962/2962/5270
f 2962/2962/5270 5324/5324/5270 5323/5323/5270
f 5322/5322/5271 2620/2620/5271 2877/2877/5271
f 2924/2924/5272 2928/2928/5272 2922/2922/5272
f 3504/3504/5273 5325/5325/5273 3501/3501/5273
f 2908/2908/5274 2927/2927/5274 2757/2757/5274
f 2928/2928/5275 2298/2298/5275 2922/2922/5275
f 2911/2911/5276 2765/2765/5276 2767/2767/5276
f 2931/2931/5277 2942/2942/5277 2932/2932/5277
f 2938/2938/5278 2937/2937/5278 2945/2945/5278
f 2953/2953/5279 2920/2920/5279 2891/2891/5279
f 2964/2964/5280 2939/2939/5280 2308/2308/5280
f 5321/5321/5281 5323/5323/5281 5324/5324/5281
f 5323/5323/5282 5321/5321/5282 2900/2900/5282
f 2308/2308/5283 2941/2941/5283 2964/2964/5283
f 2943/2943/5284 5323/5323/5284 2900/2900/5284
f 2878/2878/5285 2945/2945/5285 5326/5326/5285
f 2934/2934/5286 5327/5327/5286 2921/2921/5286
f 2949/2949/5287 2952/2952/5287 2950/2950/5287
f 2937/2937/5288 2949/2949/5288 2945/2945/5288
f 2933/2933/5289 5328/5328/5289 2935/2935/5289
f 2956/2956/5290 2955/2955/5290 2967/2967/5290
f 2954/2954/5291 2983/2983/5291 2955/2955/5291
f 2963/2963/5292 5329/5329/5292 2939/2939/5292
f 2971/2971/5293 2960/2960/5293 5323/5323/5293
f 5323/5323/5293 2943/2943/5293 2971/2971/5293
f 2957/2957/5294 2965/2965/5294 2958/2958/5294
f 2960/2960/5295 2970/2970/5295 2961/2961/5295
f 2964/2964/5296 2972/2972/5296 2963/2963/5296
f 2968/2968/5297 2986/2986/5297 2956/2956/5297
f 2956/2956/5298 2986/2986/5298 2954/2954/5298
f 2945/2945/5299 2950/2950/5299 2973/2973/5299
f 2973/2973/5299 5326/5326/5299 2945/2945/5299
f 2987/2987/5300 2965/2965/5300 2969/2969/5300
f 2934/2934/5301 2935/2935/5301 2991/2991/5301
f 2991/2991/5301 5330/5330/5301 2934/2934/5301
f 3039/3039/5302 5331/5331/5302 3042/3042/5302
f 3042/3042/5302 3041/3041/5302 3039/3039/5302
f 2934/2934/5303 5330/5330/5303 5332/5332/5303
f 2934/2934/5304 5332/5332/5304 5327/5327/5304
f 2951/2951/5305 2947/2947/5305 2950/2950/5305
f 2974/2974/5306 5333/5333/5306 2975/2975/5306
f 5334/5334/5307 5335/5335/5307 2989/2989/5307
f 2975/2975/5308 5333/5333/5308 5336/5336/5308
f 2982/2982/5309 5337/5337/5309 2946/2946/5309
f 5337/5337/5310 2977/2977/5310 2946/2946/5310
f 2979/2979/5311 5338/5338/5311 2980/2980/5311
f 5339/5339/5312 5334/5334/5312 2989/2989/5312
f 2935/2935/5313 5339/5339/5313 2988/2988/5313
f 5334/5334/5314 5339/5339/5314 2935/2935/5314
f 2958/2958/5315 5336/5336/5315 5340/5340/5315
f 2975/2975/5316 5336/5336/5316 2958/2958/5316
f 2979/2979/5317 2981/2981/5317 2984/2984/5317
f 2985/2985/5318 2984/2984/5318 2954/2954/5318
f 2966/2966/5319 2976/2976/5319 2975/2975/5319
f 5338/5338/5320 2979/2979/5320 2985/2985/5320
f 2991/2991/5321 2988/2988/5321 2990/2990/5321
f 2947/2947/5322 2946/2946/5322 2978/2978/5322
f 2988/2988/5323 5339/5339/5323 2989/2989/5323
f 3039/3039/5324 3078/3078/5324 5331/5331/5324
f 3038/3038/5325 3078/3078/5325 3039/3039/5325
f 2998/2998/5326 5341/5341/5326 5342/5342/5326
f 5342/5342/5326 3034/3034/5326 2998/2998/5326
f 3069/3069/5327 3041/3041/5327 3037/3037/5327
f 5343/5343/5328 3041/3041/5328 3069/3069/5328
f 2994/2994/5329 2996/2996/5329 2992/2992/5329
f 2993/2993/5330 2992/2992/5330 5344/5344/5330
f 3002/3002/5331 3062/3062/5331 3004/3004/5331
f 2992/2992/5332 5345/5345/5332 5346/5346/5332
f 5346/5346/5332 5344/5344/5332 2992/2992/5332
f 5341/5341/5333 5347/5347/5333 5342/5342/5333
f 2999/2999/5334 2998/2998/5334 3034/3034/5334
f 2996/2996/5335 5345/5345/5335 2992/2992/5335
f 2996/2996/5336 3053/3053/5336 5345/5345/5336
f 3012/3012/5337 3114/3114/5337 3116/3116/5337
f 3116/3116/5337 3013/3013/5337 3012/3012/5337
f 3003/3003/5338 3000/3000/5338 3002/3002/5338
f 3111/3111/5339 3003/3003/5339 3004/3004/5339
f 3070/3070/5340 3026/3026/5340 5348/5348/5340
f 3070/3070/5341 3037/3037/5341 3026/3026/5341
f 5348/5348/5342 3026/3026/5342 3027/3027/5342
f 3032/3032/5343 5349/5349/5343 3052/3052/5343
f 3052/3052/5343 3033/3033/5343 3032/3032/5343
f 3010/3010/5344 3011/3011/5344 3013/3013/5344
f 3019/3019/5345 3018/3018/5345 3020/3020/5345
f 3017/3017/5346 3014/3014/5346 3018/3018/5346
f 3037/3037/5347 3024/3024/5347 3026/3026/5347
f 5350/5350/5348 3028/3028/5348 3031/3031/5348
f 5342/5342/5349 3032/3032/5349 3034/3034/5349
f 5342/5342/5350 5351/5351/5350 3032/3032/5350
f 3034/3034/5351 3033/3033/5351 2995/2995/5351
f 3024/3024/5352 3036/3036/5352 3035/3035/5352
f 3025/3025/5353 3035/3035/5353 5352/5352/5353
f 3041/3041/5354 3043/3043/5354 3036/3036/5354
f 3036/3036/5355 3044/3044/5355 3035/3035/5355
f 3078/3078/5356 3124/3124/5356 5331/5331/5356
f 5331/5331/5357 5353/5353/5357 3042/3042/5357
f 5351/5351/5358 5354/5354/5358 5349/5349/5358
f 5349/5349/5358 3032/3032/5358 5351/5351/5358
f 3020/3020/5359 3021/3021/5359 3060/3060/5359
f 3060/3060/5359 3023/3023/5359 3020/3020/5359
f 3033/3033/5360 3052/3052/5360 2996/2996/5360
f 3075/3075/5361 3074/3074/5361 3118/3118/5361
f 3007/3007/5362 3028/3028/5362 3080/3080/5362
f 3007/3007/5363 3006/3006/5363 3028/3028/5363
f 3006/3006/5364 3010/3010/5364 3028/3028/5364
f 3080/3080/5365 3028/3028/5365 5355/5355/5365
f 3079/3079/5366 3007/3007/5366 3080/3080/5366
f 3013/3013/5367 3116/3116/5367 3028/3028/5367
f 3028/3028/5368 3116/3116/5368 3029/3029/5368
f 3010/3010/5369 3013/3013/5369 3028/3028/5369
f 3021/3021/5370 3018/3018/5370 3058/3058/5370
f 3050/3050/5371 3015/3015/5371 3014/3014/5371
f 3014/3014/5371 3017/3017/5371 3050/3050/5371
f 5356/5356/5372 3038/3038/5372 3040/3040/5372
f 3051/3051/5373 3017/3017/5373 3019/3019/5373
f 3068/3068/5374 3005/3005/5374 3066/3066/5374
f 5357/5357/5375 5358/5358/5375 5359/5359/5375
f 3039/3039/5376 3041/3041/5376 5343/5343/5376
f 3005/3005/5377 3071/3071/5377 3066/3066/5377
f 3048/3048/5378 3075/3075/5378 5360/5360/5378
f 5361/5361/5379 3108/3108/5379 3109/3109/5379
f 3109/3109/5379 5362/5362/5379 5361/5361/5379
f 3071/3071/5380 3079/3079/5380 3076/3076/5380
f 3007/3007/5381 3079/3079/5381 3071/3071/5381
f 3072/3072/5382 3076/3076/5382 3102/3102/5382
f 3077/3077/5383 3113/3113/5383 3078/3078/5383
f 5355/5355/5384 3028/3028/5384 5350/5350/5384
f 3079/3079/5385 5363/5363/5385 3076/3076/5385
f 3079/3079/5386 3081/3081/5386 5363/5363/5386
f 3076/3076/5387 5363/5363/5387 3102/3102/5387
f 3086/3086/5388 5364/5364/5388 3082/3082/5388
f 3088/3088/5389 5364/5364/5389 3086/3086/5389
f 3091/3091/5390 5364/5364/5390 3088/3088/5390
f 3094/3094/5391 5364/5364/5391 3091/3091/5391
f 3098/3098/5392 5364/5364/5392 3094/3094/5392
f 3103/3103/5393 5364/5364/5393 3098/3098/5393
f 3082/3082/5394 5364/5364/5394 3103/3103/5394
f 3085/3085/5395 3086/3086/5395 3082/3082/5395
f 3087/3087/5396 3088/3088/5396 3086/3086/5396
f 3090/3090/5397 3091/3091/5397 3088/3088/5397
f 3095/3095/5398 3094/3094/5398 3091/3091/5398
f 3099/3099/5399 3098/3098/5399 3094/3094/5399
f 3104/3104/5400 3103/3103/5400 3098/3098/5400
f 3083/3083/5401 3082/3082/5401 3103/3103/5401
f 2997/2997/5402 3108/3108/5402 5361/5361/5402
f 2997/2997/5403 2999/2999/5403 3108/3108/5403
f 5365/5365/5404 5366/5366/5404 5367/5367/5404
f 5367/5367/5404 3001/3001/5404 5365/5365/5404
f 3047/3047/5405 3074/3074/5405 3048/3048/5405
f 3055/3055/5406 3064/3064/5406 3020/3020/5406
f 2999/2999/5407 2994/2994/5407 3108/3108/5407
f 3021/3021/5408 3059/3059/5408 3060/3060/5408
f 3058/3058/5409 3014/3014/5409 3016/3016/5409
f 3116/3116/5410 3115/3115/5410 3127/3127/5410
f 3114/3114/5411 5368/5368/5411 3115/3115/5411
f 3156/3156/5412 3155/3155/5412 3126/3126/5412
f 3126/3126/5412 5369/5369/5412 3156/3156/5412
f 3119/3119/5413 5365/5365/5413 3001/3001/5413
f 3118/3118/5414 3117/3117/5414 5370/5370/5414
f 3120/3120/5415 3117/3117/5415 3074/3074/5415
f 3000/3000/5416 3122/3122/5416 3119/3119/5416
f 3113/3113/5417 3123/3123/5417 3078/3078/5417
f 3116/3116/5418 3127/3127/5418 3125/3125/5418
f 3154/3154/5419 5371/5371/5419 3155/3155/5419
f 3115/3115/5420 5369/5369/5420 3126/3126/5420
f 5372/5372/5421 3112/3112/5421 3077/3077/5421
f 3077/3077/5421 5373/5373/5421 5372/5372/5421
f 3117/3117/5422 5374/5374/5422 5375/5375/5422
f 5375/5375/5422 5370/5370/5422 3117/3117/5422
f 5372/5372/5423 3157/3157/5423 3112/3112/5423
f 3135/3135/5424 3162/3162/5424 3160/3160/5424
f 3162/3162/5425 3159/3159/5425 3160/3160/5425
f 3131/3131/5426 3134/3134/5426 3129/3129/5426
f 3128/3128/5427 3132/3132/5427 3129/3129/5427
f 3164/3164/5428 3162/3162/5428 3135/3135/5428
f 3135/3135/5428 5376/5376/5428 3164/3164/5428
f 3119/3119/5429 3140/3140/5429 5377/5377/5429
f 5378/5378/5430 5374/5374/5430 3117/3117/5430
f 3117/3117/5430 3120/3120/5430 5378/5378/5430
f 3138/3138/5431 3132/3132/5431 3139/3139/5431
f 3131/3131/5432 3142/3142/5432 3133/3133/5432
f 3167/3167/5433 5379/5379/5433 3488/3488/5433
f 3488/3488/5433 3486/3486/5433 3167/3167/5433
f 3138/3138/5434 3141/3141/5434 3131/3131/5434
f 3125/3125/5435 3126/3126/5435 3144/3144/5435
f 3155/3155/5436 3143/3143/5436 3126/3126/5436
f 3112/3112/5437 3146/3146/5437 3113/3113/5437
f 3113/3113/5438 3147/3147/5438 3123/3123/5438
f 5380/5380/5439 5381/5381/5439 5371/5371/5439
f 5382/5382/5440 5383/5383/5440 5384/5384/5440
f 3151/3151/5441 5385/5385/5441 3152/3152/5441
f 3148/3148/5442 5386/5386/5442 3149/3149/5442
f 5380/5380/5443 5371/5371/5443 3154/3154/5443
f 3163/3163/5444 5382/5382/5444 5384/5384/5444
f 3150/3150/5445 3149/3149/5445 5387/5387/5445
f 3112/3112/5446 3151/3151/5446 3153/3153/5446
f 5388/5388/5447 3151/3151/5447 3157/3157/5447
f 3161/3161/5448 5384/5384/5448 5389/5389/5448
f 3148/3148/5449 3150/3150/5449 3159/3159/5449
f 3161/3161/5450 3163/3163/5450 5384/5384/5450
f 3142/3142/5451 3161/3161/5451 3133/3133/5451
f 3164/3164/5452 5386/5386/5452 3148/3148/5452
f 3152/3152/5453 3165/3165/5453 3153/3153/5453
f 3155/3155/5454 5371/5371/5454 3143/3143/5454
f 3205/3205/5455 3237/3237/5455 5390/5390/5455
f 3204/3204/5456 3237/3237/5456 3205/3205/5456
f 3205/3205/5457 5390/5390/5457 3208/3208/5457
f 3231/3231/5458 3205/3205/5458 3203/3203/5458
f 5391/5391/5459 3205/3205/5459 3231/3231/5459
f 3205/3205/5460 3208/3208/5460 3207/3207/5460
f 3205/3205/5461 3207/3207/5461 3203/3203/5461
f 3169/3169/5462 3171/3171/5462 3167/3167/5462
f 3168/3168/5463 3167/3167/5463 3486/3486/5463
f 3177/3177/5464 3176/3176/5464 3172/3172/5464
f 5392/5392/5465 3178/3178/5465 3179/3179/5465
f 3178/3178/5466 3248/3248/5466 3174/3174/5466
f 3235/3235/5467 5393/5393/5467 3200/3200/5467
f 3171/3171/5468 5379/5379/5468 3167/3167/5468
f 3171/3171/5469 3219/3219/5469 5379/5379/5469
f 5394/5394/5470 3251/3251/5470 3253/3253/5470
f 3253/3253/5470 5395/5395/5470 5394/5394/5470
f 3172/3172/5471 3249/3249/5471 3177/3177/5471
f 3177/3177/5472 3250/3250/5472 3175/3175/5472
f 3180/3180/5473 3182/3182/5473 3479/3479/5473
f 3232/3232/5474 3193/3193/5474 5396/5396/5474
f 3232/3232/5475 3203/3203/5475 3193/3193/5475
f 5397/5397/5476 5398/5398/5476 5399/5399/5476
f 3189/3189/5477 3186/3186/5477 3187/3187/5477
f 3187/3187/5477 3246/3246/5477 3189/3189/5477
f 3181/3181/5478 5394/5394/5478 5395/5395/5478
f 3245/3245/5479 3183/3183/5479 3186/3186/5479
f 3265/3265/5480 3259/3259/5480 3215/3215/5480
f 3215/3215/5480 5400/5400/5480 3265/3265/5480
f 3203/3203/5481 3191/3191/5481 3193/3193/5481
f 5401/5401/5482 3198/3198/5482 3200/3200/5482
f 3200/3200/5483 3199/3199/5483 3170/3170/5483
f 3191/3191/5484 3202/3202/5484 3201/3201/5484
f 3192/3192/5485 3201/3201/5485 5402/5402/5485
f 3206/3206/5486 3205/3205/5486 5403/5403/5486
f 3202/3202/5487 3210/3210/5487 3201/3201/5487
f 3198/3198/5488 5404/5404/5488 3218/3218/5488
f 3218/3218/5488 3199/3199/5488 3198/3198/5488
f 5400/5400/5489 3215/3215/5489 3217/3217/5489
f 3233/3233/5490 3256/3256/5490 3258/3258/5490
f 3258/3258/5490 3234/3234/5490 3233/3233/5490
f 3173/3173/5491 3225/3225/5491 5405/5405/5491
f 3199/3199/5492 3218/3218/5492 3171/3171/5492
f 3181/3181/5493 5395/5395/5493 3195/3195/5493
f 3195/3195/5493 3182/3182/5493 3181/3181/5493
f 5395/5395/5494 3253/3253/5494 3195/3195/5494
f 3195/3195/5495 3253/3253/5495 3196/3196/5495
f 3215/3215/5496 3234/3234/5496 5406/5406/5496
f 5406/5406/5496 3216/3216/5496 3215/3215/5496
f 3189/3189/5497 3246/3246/5497 3190/3190/5497
f 3223/3223/5498 3224/3224/5498 5407/5407/5498
f 3217/3217/5499 3216/3216/5499 5408/5408/5499
f 3230/3230/5500 3227/3227/5500 3224/3224/5500
f 3224/3224/5501 3227/3227/5501 3229/3229/5501
f 5403/5403/5502 3205/3205/5502 5391/5391/5502
f 3479/3479/5503 3182/3182/5503 5409/5409/5503
f 5409/5409/5503 3478/3478/5503 3479/3479/5503
f 3236/3236/5504 3293/3293/5504 3237/3237/5504
f 3259/3259/5505 3256/3256/5505 3233/3233/5505
f 3233/3233/5505 3215/3215/5505 3259/3259/5505
f 5409/5409/5506 3182/3182/5506 3195/3195/5506
f 3240/3240/5507 3235/3235/5507 3238/3238/5507
f 3478/3478/5508 5410/5410/5508 3475/3475/5508
f 3260/3260/5509 3277/3277/5509 3279/3279/5509
f 3279/3279/5509 3257/3257/5509 3260/3260/5509
f 3243/3243/5510 3186/3186/5510 3189/3189/5510
f 3221/3221/5511 3244/3244/5511 3189/3189/5511
f 3235/3235/5512 3169/3169/5512 3238/3238/5512
f 3246/3246/5513 3187/3187/5513 3247/3247/5513
f 3187/3187/5514 3183/3183/5514 3185/3185/5514
f 3249/3249/5515 3262/3262/5515 3250/3250/5515
f 3253/3253/5516 3252/3252/5516 3266/3266/5516
f 3272/3272/5517 3236/3236/5517 3204/3204/5517
f 3256/3256/5518 3260/3260/5518 3257/3257/5518
f 3261/3261/5519 3254/3254/5519 3175/3175/5519
f 3264/3264/5520 3260/3260/5520 3259/3259/5520
f 3250/3250/5521 3263/3263/5521 3261/3261/5521
f 3293/3293/5522 5411/5411/5522 3237/3237/5522
f 3252/3252/5523 5412/5412/5523 3266/3266/5523
f 3294/3294/5524 3236/3236/5524 3271/3271/5524
f 5412/5412/5525 3273/3273/5525 3266/3266/5525
f 5413/5413/5526 3296/3296/5526 5414/5414/5526
f 3280/3280/5527 5415/5415/5527 3254/3254/5527
f 5413/5413/5528 3284/3284/5528 3296/3296/5528
f 5416/5416/5529 5417/5417/5529 3278/3278/5529
f 3278/3278/5529 5418/5418/5529 5416/5416/5529
f 3282/3282/5530 5419/5419/5530 3280/3280/5530
f 3261/3261/5531 3281/3281/5531 3280/3280/5531
f 5418/5418/5532 3278/3278/5532 3277/3277/5532
f 5418/5418/5533 3277/3277/5533 3260/3260/5533
f 3260/3260/5533 3264/3264/5533 5418/5418/5533
f 3351/3351/5534 5420/5420/5534 3374/3374/5534
f 3374/3374/5534 3380/3380/5534 3351/3351/5534
f 3281/3281/5535 3302/3302/5535 3282/3282/5535
f 3267/3267/5536 3270/3270/5536 5421/5421/5536
f 3293/3293/5537 3304/3304/5537 5422/5422/5537
f 3293/3293/5538 5422/5422/5538 5411/5411/5538
f 3266/3266/5539 3268/3268/5539 3270/3270/5539
f 3301/3301/5540 5423/5423/5540 5424/5424/5540
f 5425/5425/5541 3287/3287/5541 3297/3297/5541
f 3299/3299/5542 5426/5426/5542 5427/5427/5542
f 3269/3269/5543 5428/5428/5543 3303/3303/5543
f 3297/3297/5544 3287/3287/5544 3286/3286/5544
f 5429/5429/5545 3289/3289/5545 3292/3292/5545
f 3236/3236/5546 3292/3292/5546 3291/3291/5546
f 3268/3268/5547 5430/5430/5547 3269/3269/5547
f 3274/3274/5548 3299/3299/5548 5431/5431/5548
f 3300/3300/5549 3299/3299/5549 3274/3274/5549
f 3284/3284/5550 3283/3283/5550 3286/3286/5550
f 3291/3291/5551 5432/5432/5551 3304/3304/5551
f 3291/3291/5552 3290/3290/5552 5432/5432/5552
f 3351/3351/5553 3415/3415/5553 5420/5420/5553
f 3353/3353/5554 3415/3415/5554 3351/3351/5554
f 3305/3305/5555 5433/5433/5555 5434/5434/5555
f 5434/5434/5555 5435/5435/5555 3305/3305/5555
f 3380/3380/5556 3374/3374/5556 3354/3354/5556
f 3380/3380/5557 3354/3354/5557 3349/3349/5557
f 3307/3307/5558 3309/3309/5558 3305/3305/5558
f 3306/3306/5559 3305/3305/5559 5435/5435/5559
f 3312/3312/5560 3311/3311/5560 5436/5436/5560
f 5437/5437/5561 3313/3313/5561 3315/3315/5561
f 3314/3314/5562 5438/5438/5562 3319/3319/5562
f 3383/3383/5563 5437/5437/5563 3315/3315/5563
f 3309/3309/5564 5433/5433/5564 3305/3305/5564
f 3309/3309/5565 3361/3361/5565 5433/5433/5565
f 3314/3314/5566 3345/3345/5566 3346/3346/5566
f 3346/3346/5566 3315/3315/5566 3314/3314/5566
f 3401/3401/5567 3400/3400/5567 3312/3312/5567
f 3382/3382/5568 3341/3341/5568 5439/5439/5568
f 3382/3382/5569 3349/3349/5569 3341/3341/5569
f 5440/5440/5570 5441/5441/5570 3464/3464/5570
f 3327/3327/5571 5442/5442/5571 3386/3386/5571
f 3331/3331/5572 3330/3330/5572 5443/5443/5572
f 3334/3334/5573 3333/3333/5573 3335/3335/5573
f 3333/3333/5574 3332/3332/5574 3329/3329/5574
f 3349/3349/5575 3339/3339/5575 3341/3341/5575
f 3415/3415/5576 5444/5444/5576 5445/5445/5576
f 5445/5445/5576 5420/5420/5576 3415/3415/5576
f 3315/3315/5577 3346/3346/5577 3308/3308/5577
f 3339/3339/5578 3348/3348/5578 3347/3347/5578
f 3340/3340/5579 3347/3347/5579 3357/3357/5579
f 3348/3348/5580 3355/3355/5580 3347/3347/5580
f 3324/3324/5581 3328/3328/5581 3317/3317/5581
f 3317/3317/5581 3316/3316/5581 3324/3324/5581
f 5420/5420/5582 5446/5446/5582 3374/3374/5582
f 3322/3322/5583 3372/3372/5583 3345/3345/5583
f 3346/3346/5584 3360/3360/5584 3309/3309/5584
f 3330/3330/5585 3365/3365/5585 3367/3367/5585
f 3384/3384/5586 3325/3325/5586 3316/3316/5586
f 3325/3325/5587 3324/3324/5587 3316/3316/5587
f 3328/3328/5588 3386/3386/5588 3317/3317/5588
f 3317/3317/5589 3386/3386/5589 3343/3343/5589
f 3404/3404/5590 3403/3403/5590 3415/3415/5590
f 3415/3415/5590 3353/3353/5590 3404/3404/5590
f 3336/3336/5591 3333/3333/5591 3370/3370/5591
f 3335/3335/5592 3336/3336/5592 3338/3338/5592
f 3369/3369/5593 3371/3371/5593 3378/3378/5593
f 3354/3354/5594 3375/3375/5594 3373/3373/5594
f 3359/3359/5595 3332/3332/5595 3334/3334/5595
f 3379/3379/5596 3376/3376/5596 3371/3371/5596
f 3371/3371/5597 3376/3376/5597 3378/3378/5597
f 3381/3381/5598 3380/3380/5598 5447/5447/5598
f 5447/5447/5599 3380/3380/5599 3382/3382/5599
f 3358/3358/5600 3330/3330/5600 3332/3332/5600
f 3314/3314/5601 3319/3319/5601 3322/3322/5601
f 5442/5442/5602 3420/3420/5602 3417/3417/5602
f 3417/3417/5602 3386/3386/5602 5442/5442/5602
f 3389/3389/5603 3383/3383/5603 3387/3387/5603
f 5437/5437/5604 3383/3383/5604 3389/3389/5604
f 3393/3393/5605 3409/3409/5605 3394/3394/5605
f 3363/3363/5606 3396/3396/5606 3335/3335/5606
f 3383/3383/5607 3307/3307/5607 3387/3387/5607
f 3370/3370/5608 3329/3329/5608 3331/3331/5608
f 3400/3400/5609 3410/3410/5609 3310/3310/5609
f 3405/3405/5610 3404/3404/5610 3353/3353/5610
f 3428/3428/5611 3442/3442/5611 5448/5448/5611
f 5448/5448/5611 3430/3430/5611 3428/3428/5611
f 3407/3407/5612 5449/5449/5612 3311/3311/5612
f 3409/3409/5613 5450/5450/5613 5451/5451/5613
f 3310/3310/5614 3411/3411/5614 3407/3407/5614
f 3408/3408/5615 5450/5450/5615 3409/3409/5615
f 3412/3412/5616 3408/3408/5616 3393/3393/5616
f 3343/3343/5617 3416/3416/5617 3434/3434/5617
f 3386/3386/5618 3417/3417/5618 3416/3416/5618
f 3417/3417/5619 3421/3421/5619 3418/3418/5619
f 5452/5452/5620 3422/3422/5620 3424/3424/5620
f 3424/3424/5620 3406/3406/5620 5452/5452/5620
f 3432/3432/5621 3423/3423/5621 3422/3422/5621
f 3422/3422/5621 5453/5453/5621 3432/3432/5621
f 3428/3428/5622 3427/3427/5622 3442/3442/5622
f 3431/3431/5623 3425/3425/5623 3423/3423/5623
f 3430/3430/5624 3426/3426/5624 3428/3428/5624
f 3421/3421/5625 3439/3439/5625 3449/3449/5625
f 3449/3449/5625 3418/3418/5625 3421/3421/5625
f 3408/3408/5626 5454/5454/5626 5450/5450/5626
f 3426/3426/5627 3445/3445/5627 3427/3427/5627
f 3435/3435/5628 5455/5455/5628 3436/3436/5628
f 3433/3433/5629 3418/3418/5629 3450/3450/5629
f 3402/3402/5630 3435/3435/5630 3403/3403/5630
f 3403/3403/5631 3436/3436/5631 5456/5456/5631
f 3403/3403/5632 5456/5456/5632 3414/3414/5632
f 3444/3444/5633 5457/5457/5633 3440/3440/5633
f 3439/3439/5634 5458/5458/5634 5459/5459/5634
f 3446/3446/5635 5460/5460/5635 5461/5461/5635
f 3437/3437/5636 5462/5462/5636 5463/5463/5636
f 3440/3440/5637 5457/5457/5637 3441/3441/5637
f 3449/3449/5638 3439/3439/5638 5459/5459/5638
f 5464/5464/5639 3446/3446/5639 5461/5461/5639
f 3402/3402/5640 3437/3437/5640 3451/3451/5640
f 5465/5465/5641 5466/5466/5641 3453/3453/5641
f 3453/3453/5641 3452/3452/5641 5465/5465/5641
f 3425/3425/5642 5464/5464/5642 5461/5461/5642
f 3443/3443/5643 5464/5464/5643 3425/3425/5643
f 3446/3446/5644 5464/5464/5644 3443/3443/5644
f 3447/3447/5645 3443/3443/5645 3431/3431/5645
f 3450/3450/5646 3449/3449/5646 5459/5459/5646
f 3437/3437/5647 5463/5463/5647 3451/3451/5647
f 3466/3466/5648 3463/3463/5648 3465/3465/5648
f 3465/3465/5648 3467/3467/5648 3466/3466/5648
f 3385/3385/5649 3452/3452/5649 3454/3454/5649
f 3384/3384/5650 3454/3454/5650 3455/3455/5650
f 3463/3463/5651 2846/2846/5651 3460/3460/5651
f 3466/3466/5652 2846/2846/5652 3463/3463/5652
f 5467/5467/5653 2846/2846/5653 3466/3466/5653
f 3470/3470/5654 2846/2846/5654 5467/5467/5654
f 3460/3460/5655 2846/2846/5655 2848/2848/5655
f 3462/3462/5656 3463/3463/5656 3460/3460/5656
f 5467/5467/5657 3466/3466/5657 3468/3468/5657
f 3468/3468/5657 5468/5468/5657 5467/5467/5657
f 5469/5469/5658 3469/3469/5658 3369/3369/5658
f 3369/3369/5658 3378/3378/5658 5469/5469/5658
f 5470/5470/5659 5471/5471/5659 3476/3476/5659
f 3476/3476/5659 3475/3475/5659 5470/5470/5659
f 3459/3459/5660 5472/5472/5660 5473/5473/5660
f 2850/2850/5661 5474/5474/5661 2845/2845/5661
f 3474/3474/5662 2848/2848/5662 5475/5475/5662
f 3474/3474/5663 3460/3460/5663 2848/2848/5663
f 3492/3492/5664 3489/3489/5664 3491/3491/5664
f 3491/3491/5664 3214/3214/5664 3492/3492/5664
f 3478/3478/5665 3475/3475/5665 3477/3477/5665
f 3479/3479/5666 3477/3477/5666 3480/3480/5666
f 3489/3489/5667 2863/2863/5667 5476/5476/5667
f 3492/3492/5668 2863/2863/5668 3489/3489/5668
f 3493/3493/5669 2863/2863/5669 3492/3492/5669
f 2864/2864/5670 2863/2863/5670 3493/3493/5670
f 5476/5476/5671 2863/2863/5671 3497/3497/5671
f 3486/3486/5672 3487/3487/5672 3485/3485/5672
f 3493/3493/5673 3492/3492/5673 3213/3213/5673
f 3213/3213/5673 3494/3494/5673 3493/3493/5673
f 2864/2864/5674 3493/3493/5674 3495/3495/5674
f 3495/3495/5674 5477/5477/5674 2864/2864/5674
f 5478/5478/5675 5479/5479/5675 3502/3502/5675
f 3502/3502/5675 3501/3501/5675 5478/5478/5675
f 3496/3496/5676 2864/2864/5676 5477/5477/5676
f 2854/2854/5677 3499/3499/5677 2861/2861/5677
f 3241/3241/5678 5480/5480/5678 3242/3242/5678
f 3241/3241/5679 3485/3485/5679 5480/5480/5679
f 5481/5481/5680 5482/5482/5680 5483/5483/5680
f 5483/5483/5680 5484/5484/5680 5481/5481/5680
f 3504/3504/5681 3501/3501/5681 3503/3503/5681
f 3505/3505/5682 3503/3503/5682 3506/3506/5682
f 5485/5485/5683 3509/3509/5683 3507/3507/5683
f 5486/5486/5684 5483/5483/5684 5482/5482/5684
f 3516/3516/5685 3513/3513/5685 3515/3515/5685
f 3515/3515/5685 2899/2899/5685 3516/3516/5685
f 3513/3513/5686 2871/2871/5686 5487/5487/5686
f 3516/3516/5687 2871/2871/5687 3513/3513/5687
f 3517/3517/5688 2871/2871/5688 3516/3516/5688
f 3520/3520/5689 2871/2871/5689 3517/3517/5689
f 5487/5487/5690 2871/2871/5690 2873/2873/5690
f 3513/3513/5691 5487/5487/5691 3514/3514/5691
f 3517/3517/5692 3516/3516/5692 2898/2898/5692
f 2898/2898/5692 3518/3518/5692 3517/3517/5692
f 3520/3520/5693 3517/3517/5693 3519/3519/5693
f 3519/3519/5693 5488/5488/5693 3520/3520/5693
f 2874/2874/5694 3520/3520/5694 5489/5489/5694
f 5489/5489/5694 2875/2875/5694 2874/2874/5694
f 5489/5489/5695 3520/3520/5695 5488/5488/5695
f 3528/3528/5696 5490/5490/5696 5491/5491/5696
f 5491/5491/5696 3537/3537/5696 3528/3528/5696
f 2925/2925/5697 5492/5492/5697 2926/2926/5697
f 2925/2925/5698 3510/3510/5698 5492/5492/5698
f 3525/3525/5699 3524/3524/5699 3569/3569/5699
f 3523/3523/5700 3527/3527/5700 3524/3524/5700
f 3528/3528/5701 3607/3607/5701 5490/5490/5701
f 5493/5493/5702 5494/5494/5702 3554/3554/5702
f 3554/3554/5702 3544/3544/5702 5493/5493/5702
f 3535/3535/5703 3531/3531/5703 3533/3533/5703
f 3539/3539/5704 3533/3533/5704 3579/3579/5704
f 3541/3541/5705 3559/3559/5705 5495/5495/5705
f 3562/3562/5706 3563/3563/5706 5496/5496/5706
f 5496/5496/5706 3580/3580/5706 3562/3562/5706
f 5493/5493/5707 3544/3544/5707 3545/3545/5707
f 3550/3550/5708 3552/3552/5708 3553/3553/5708
f 3526/3526/5709 3544/3544/5709 3556/3556/5709
f 3544/3544/5710 3554/3554/5710 3556/3556/5710
f 3530/3530/5711 3529/3529/5711 3531/3531/5711
f 3555/3555/5712 3563/3563/5712 3556/3556/5712
f 3526/3526/5713 3562/3562/5713 3527/3527/5713
f 5497/5497/5714 5498/5498/5714 5499/5499/5714
f 5499/5499/5714 3551/3551/5714 5497/5497/5714
f 3562/3562/5715 3580/3580/5715 3564/3564/5715
f 3524/3524/5716 3565/3565/5716 3567/3567/5716
f 3531/3531/5717 3538/3538/5717 3532/3532/5717
f 3656/3656/5718 3716/3716/5718 5500/5500/5718
f 5500/5500/5718 3654/3654/5718 3656/3656/5718
f 3548/3548/5719 3547/3547/5719 3571/3571/5719
f 3547/3547/5720 3850/3850/5720 3570/3570/5720
f 3540/3540/5721 3559/3559/5721 3541/3541/5721
f 3543/3543/5722 3594/3594/5722 3540/3540/5722
f 3551/3551/5723 5499/5499/5723 3572/3572/5723
f 3559/3559/5724 3558/3558/5724 5495/5495/5724
f 3558/3558/5725 3561/3561/5725 3599/3599/5725
f 3549/3549/5726 3574/3574/5726 3550/3550/5726
f 3552/3552/5727 3546/3546/5727 3548/3548/5727
f 3549/3549/5728 3572/3572/5728 3576/3576/5728
f 3533/3533/5729 3577/3577/5729 3579/3579/5729
f 3527/3527/5730 3564/3564/5730 3524/3524/5730
f 3573/3573/5731 3576/3576/5731 3583/3583/5731
f 3575/3575/5732 3582/3582/5732 3576/3576/5732
f 3524/3524/5733 3567/3567/5733 3569/3569/5733
f 3545/3545/5734 3526/3526/5734 3523/3523/5734
f 3596/3596/5735 3584/3584/5735 3586/3586/5735
f 3534/3534/5736 3531/3531/5736 3535/3535/5736
f 3534/3534/5737 3530/3530/5737 3531/3531/5737
f 3758/3758/5738 3724/3724/5738 5501/5501/5738
f 3758/3758/5739 3760/3760/5739 3724/3724/5739
f 3807/3807/5740 5502/5502/5740 3808/3808/5740
f 3593/3593/5741 3592/3592/5741 3588/3588/5741
f 3590/3590/5742 3589/3589/5742 3662/3662/5742
f 3597/3597/5743 3596/3596/5743 3598/3598/5743
f 5495/5495/5744 3558/3558/5744 3600/3600/5744
f 3602/3602/5745 3571/3571/5745 3570/3570/5745
f 5497/5497/5746 3551/3551/5746 3550/3550/5746
f 3601/3601/5747 5503/5503/5747 3607/3607/5747
f 3601/3601/5748 3530/3530/5748 3534/3534/5748
f 3530/3530/5749 3601/3601/5749 3528/3528/5749
f 3574/3574/5750 3608/3608/5750 3552/3552/5750
f 3539/3539/5751 3579/3579/5751 3792/3792/5751
f 5504/5504/5752 3638/3638/5752 3640/3640/5752
f 3644/3644/5753 3643/3643/5753 5505/5505/5753
f 3612/3612/5754 3611/3611/5754 3658/3658/5754
f 3670/3670/5755 3613/3613/5755 3615/3615/5755
f 5506/5506/5756 3616/3616/5756 3618/3618/5756
f 3655/3655/5757 3610/3610/5757 3622/3622/5757
f 3623/3623/5758 3588/3588/5758 3590/3590/5758
f 5507/5507/5759 3629/3629/5759 3631/3631/5759
f 3631/3631/5759 3632/3632/5759 5507/5507/5759
f 3626/3626/5760 3625/3625/5760 3934/3934/5760
f 3654/3654/5761 5500/5500/5761 3663/3663/5761
f 3624/3624/5762 3628/3628/5762 3634/3634/5762
f 3702/3702/5763 3701/3701/5763 3818/3818/5763
f 3630/3630/5764 5508/5508/5764 3636/3636/5764
f 5509/5509/5765 5510/5510/5765 3627/3627/5765
f 3627/3627/5765 5511/5511/5765 5509/5509/5765
f 3636/3636/5766 5508/5508/5766 5512/5512/5766
f 3633/3633/5767 3631/3631/5767 3635/3635/5767
f 5513/5513/5768 3632/3632/5768 3633/3633/5768
f 3625/3625/5769 3634/3634/5769 3913/3913/5769
f 3913/3913/5769 3934/3934/5769 3625/3625/5769
f 3637/3637/5770 3636/3636/5770 5512/5512/5770
f 5512/5512/5770 3937/3937/5770 3637/3637/5770
f 5511/5511/5771 3627/3627/5771 3624/3624/5771
f 5514/5514/5772 3646/3646/5772 3648/3648/5772
f 3648/3648/5772 5515/5515/5772 5514/5514/5772
f 3641/3641/5773 3642/3642/5773 3644/3644/5773
f 3819/3819/5774 5514/5514/5774 5515/5515/5774
f 3617/3617/5775 3671/3671/5775 3673/3673/5775
f 3673/3673/5775 5516/5516/5775 3617/3617/5775
f 3671/3671/5776 3678/3678/5776 3672/3672/5776
f 3656/3656/5777 3654/3654/5777 3655/3655/5777
f 3648/3648/5778 3647/3647/5778 3653/3653/5778
f 3588/3588/5779 3660/3660/5779 3589/3589/5779
f 3610/3610/5780 3663/3663/5780 3611/3611/5780
f 3613/3613/5781 3668/3668/5781 3614/3614/5781
f 3667/3667/5782 3666/3666/5782 3670/3670/5782
f 3614/3614/5783 3669/3669/5783 3945/3945/5783
f 3639/3639/5784 5517/5517/5784 3641/3641/5784
f 3696/3696/5785 3695/3695/5785 3638/3638/5785
f 3638/3638/5785 5504/5504/5785 3696/3696/5785
f 3617/3617/5786 3677/3677/5786 3671/3671/5786
f 3682/3682/5787 3679/3679/5787 3681/3681/5787
f 5518/5518/5788 3682/3682/5788 3683/3683/5788
f 3844/3844/5789 3687/3687/5789 3688/3688/5789
f 3687/3687/5790 3684/3684/5790 3686/3686/5790
f 3691/3691/5791 3690/3690/5791 3695/3695/5791
f 3826/3826/5792 5519/5519/5792 3692/3692/5792
f 3826/3826/5793 3692/3692/5793 3827/3827/5793
f 3827/3827/5794 3692/3692/5794 3656/3656/5794
f 5520/5520/5795 3689/3689/5795 3691/3691/5795
f 3679/3679/5796 3699/3699/5796 5521/5521/5796
f 5521/5521/5796 3700/3700/5796 3679/3679/5796
f 3705/3705/5797 3704/3704/5797 5522/5522/5797
f 5522/5522/5797 5523/5523/5797 3705/3705/5797
f 3700/3700/5798 5521/5521/5798 3701/3701/5798
f 3682/3682/5799 3698/3698/5799 3679/3679/5799
f 5523/5523/5800 5522/5522/5800 5524/5524/5800
f 5524/5524/5800 5525/5525/5800 5523/5523/5800
f 5526/5526/5801 3645/3645/5801 3638/3638/5801
f 3638/3638/5801 3695/3695/5801 5526/5526/5801
f 3709/3709/5802 3708/3708/5802 3710/3710/5802
f 3714/3714/5803 3713/3713/5803 3707/3707/5803
f 3690/3690/5804 5527/5527/5804 3695/3695/5804
f 5527/5527/5805 5526/5526/5805 3695/3695/5805
f 3606/3606/5806 5528/5528/5806 5529/5529/5806
f 5529/5529/5806 5530/5530/5806 3606/3606/5806
f 3794/3794/5807 3712/3712/5807 3714/3714/5807
f 3715/3715/5808 3707/3707/5808 3709/3709/5808
f 3720/3720/5809 3820/3820/5809 3822/3822/5809
f 3760/3760/5810 3722/3722/5810 3724/3724/5810
f 3760/3760/5811 3773/3773/5811 3722/3722/5811
f 5502/5502/5812 5531/5531/5812 3808/3808/5812
f 5532/5532/5813 3725/3725/5813 3727/3727/5813
f 3730/3730/5814 3597/3597/5814 3728/3728/5814
f 3595/3595/5815 3597/3597/5815 3730/3730/5815
f 3597/3597/5816 5533/5533/5816 3728/3728/5816
f 3728/3728/5817 5533/5533/5817 3731/3731/5817
f 3748/3748/5818 3747/3747/5818 5534/5534/5818
f 3543/3543/5819 5534/5534/5819 3747/3747/5819
f 5535/5535/5820 3746/3746/5820 3748/3748/5820
f 3594/3594/5821 3543/3543/5821 3747/3747/5821
f 5536/5536/5822 3751/3751/5822 3542/3542/5822
f 3750/3750/5823 3583/3583/5823 3582/3582/5823
f 5537/5537/5824 5538/5538/5824 5539/5539/5824
f 5528/5528/5825 5540/5540/5825 5541/5541/5825
f 3753/3753/5826 5540/5540/5826 5528/5528/5826
f 3897/3897/5827 5540/5540/5827 3753/3753/5827
f 3896/3896/5828 5542/5542/5828 3894/3894/5828
f 3575/3575/5829 5542/5542/5829 3896/3896/5829
f 5543/5543/5830 5542/5542/5830 3575/3575/5830
f 5544/5544/5831 5542/5542/5831 5543/5543/5831
f 5541/5541/5832 5540/5540/5832 5545/5545/5832
f 5499/5499/5833 5543/5543/5833 3575/3575/5833
f 3575/3575/5833 3572/3572/5833 5499/5499/5833
f 5528/5528/5834 5541/5541/5834 5529/5529/5834
f 3605/3605/5835 5528/5528/5835 3606/3606/5835
f 3753/3753/5836 5528/5528/5836 3605/3605/5836
f 3897/3897/5837 3753/3753/5837 3752/3752/5837
f 3582/3582/5838 3575/3575/5838 3896/3896/5838
f 5546/5546/5839 5544/5544/5839 5499/5499/5839
f 5499/5499/5839 5498/5498/5839 5546/5546/5839
f 5499/5499/5840 5544/5544/5840 5543/5543/5840
f 5533/5533/5841 3764/3764/5841 5547/5547/5841
f 5547/5547/5841 3731/3731/5841 5533/5533/5841
f 3563/3563/5842 5548/5548/5842 5549/5549/5842
f 3555/3555/5843 5548/5548/5843 3563/3563/5843
f 5550/5550/5844 5541/5541/5844 5551/5551/5844
f 5529/5529/5845 5541/5541/5845 5550/5550/5845
f 3756/3756/5846 3755/3755/5846 3757/3757/5846
f 3758/3758/5847 3721/3721/5847 3759/3759/5847
f 3597/3597/5848 3764/3764/5848 5533/5533/5848
f 3597/3597/5849 3761/3761/5849 3764/3764/5849
f 3598/3598/5850 3586/3586/5850 5552/5552/5850
f 5552/5552/5850 5553/5553/5850 3598/3598/5850
f 3584/3584/5851 3859/3859/5851 3585/3585/5851
f 3761/3761/5852 3598/3598/5852 5554/5554/5852
f 5554/5554/5852 3762/3762/5852 3761/3761/5852
f 3761/3761/5853 3762/3762/5853 3764/3764/5853
f 3770/3770/5854 3769/3769/5854 3772/3772/5854
f 3769/3769/5855 3845/3845/5855 3771/3771/5855
f 3759/3759/5856 3721/3721/5856 3782/3782/5856
f 3772/3772/5857 3738/3738/5857 3740/3740/5857
f 3771/3771/5858 3776/3776/5858 3772/3772/5858
f 3798/3798/5859 3754/3754/5859 3756/3756/5859
f 3733/3733/5860 3778/3778/5860 3734/3734/5860
f 3735/3735/5861 3734/3734/5861 3736/3736/5861
f 3720/3720/5862 3822/3822/5862 3781/3781/5862
f 3721/3721/5863 3720/3720/5863 3781/3781/5863
f 3785/3785/5864 3784/3784/5864 3733/3733/5864
f 3733/3733/5864 3735/3735/5864 3785/3785/5864
f 3770/3770/5865 3740/3740/5865 3733/3733/5865
f 3718/3718/5866 3717/3717/5866 3721/3721/5866
f 3884/3884/5867 3726/3726/5867 3797/3797/5867
f 3725/3725/5868 3757/3757/5868 3726/3726/5868
f 3799/3799/5869 3756/3756/5869 3725/3725/5869
f 3719/3719/5870 3718/3718/5870 3806/3806/5870
f 5555/5555/5871 3800/3800/5871 3802/3802/5871
f 3806/3806/5872 3803/3803/5872 3805/3805/5872
f 3784/3784/5873 3770/3770/5873 3733/3733/5873
f 3774/3774/5874 3785/3785/5874 3735/3735/5874
f 3735/3735/5874 3737/3737/5874 3774/3774/5874
f 3862/3862/5875 3674/3674/5875 3676/3676/5875
f 3676/3676/5875 5556/5556/5875 3862/3862/5875
f 3806/3806/5876 3758/3758/5876 5501/5501/5876
f 5557/5557/5877 3807/3807/5877 3809/3809/5877
f 3806/3806/5878 5501/5501/5878 3803/3803/5878
f 3820/3820/5879 3720/3720/5879 3717/3717/5879
f 3796/3796/5880 5558/5558/5880 3830/3830/5880
f 3830/3830/5881 5558/5558/5881 3826/3826/5881
f 3561/3561/5882 3796/3796/5882 3830/3830/5882
f 3864/3864/5883 3811/3811/5883 3813/3813/5883
f 3791/3791/5884 3816/3816/5884 3814/3814/5884
f 3814/3814/5885 3817/3817/5885 3815/3815/5885
f 3793/3793/5886 3815/3815/5886 3712/3712/5886
f 3819/3819/5887 3818/3818/5887 5514/5514/5887
f 3646/3646/5888 3946/3946/5888 3647/3647/5888
f 3821/3821/5889 3823/3823/5889 3825/3825/5889
f 3882/3882/5890 3838/3838/5890 3839/3839/5890
f 3827/3827/5891 3656/3656/5891 3829/3829/5891
f 3833/3833/5892 3826/3826/5892 3828/3828/5892
f 3837/3837/5893 3830/3830/5893 3832/3832/5893
f 3867/3867/5894 3834/3834/5894 3836/3836/5894
f 3830/3830/5895 3826/3826/5895 3833/3833/5895
f 3839/3839/5896 3703/3703/5896 3705/3705/5896
f 3865/3865/5897 3840/3840/5897 3842/3842/5897
f 3840/3840/5898 3844/3844/5898 3843/3843/5898
f 3631/3631/5899 3630/3630/5899 3635/3635/5899
f 3635/3635/5900 3630/3630/5900 3636/3636/5900
f 3851/3851/5901 3847/3847/5901 3849/3849/5901
f 3848/3848/5902 3863/3863/5902 3864/3864/5902
f 3823/3823/5903 3853/3853/5903 3824/3824/5903
f 3858/3858/5904 3855/3855/5904 3687/3687/5904
f 3822/3822/5905 3821/3821/5905 3856/3856/5905
f 3840/3840/5906 3857/3857/5906 3844/3844/5906
f 3811/3811/5907 3861/3861/5907 3812/3812/5907
f 3812/3812/5908 3862/3862/5908 5556/5556/5908
f 5559/5559/5909 5560/5560/5909 5561/5561/5909
f 5561/5561/5909 3835/3835/5909 5559/5559/5909
f 3585/3585/5910 3860/3860/5910 3865/3865/5910
f 3834/3834/5911 5559/5559/5911 3835/3835/5911
f 5562/5562/5912 5507/5507/5912 3632/3632/5912
f 3632/3632/5912 3685/3685/5912 5562/5562/5912
f 3570/3570/5913 3851/3851/5913 3603/3603/5913
f 3849/3849/5914 3848/3848/5914 3868/3868/5914
f 3684/3684/5915 5562/5562/5915 3685/3685/5915
f 3754/3754/5916 3870/3870/5916 5563/5563/5916
f 5563/5563/5916 5564/5564/5916 3754/3754/5916
f 3870/3870/5917 3869/3869/5917 5565/5565/5917
f 3870/3870/5918 5565/5565/5918 5563/5563/5918
f 5518/5518/5919 3697/3697/5919 3682/3682/5919
f 3680/3680/5920 3700/3700/5920 3702/3702/5920
f 3853/3853/5921 3866/3866/5921 3854/3854/5921
f 3875/3875/5922 3871/3871/5922 3873/3873/5922
f 3873/3873/5923 3871/3871/5923 3689/3689/5923
f 3874/3874/5924 3689/3689/5924 5520/5520/5924
f 3871/3871/5925 3876/3876/5925 3872/3872/5925
f 3579/3579/5926 3578/3578/5926 3816/3816/5926
f 5564/5564/5927 5563/5563/5927 3697/3697/5927
f 3697/3697/5927 5518/5518/5927 5564/5564/5927
f 3890/3890/5928 5566/5566/5928 3727/3727/5928
f 3727/3727/5928 3726/3726/5928 3890/3890/5928
f 3879/3879/5929 3878/3878/5929 3880/3880/5929
f 3877/3877/5930 3846/3846/5930 3878/3878/5930
f 3776/3776/5931 3771/3771/5931 3877/3877/5931
f 3881/3881/5932 3880/3880/5932 3838/3838/5932
f 3742/3742/5933 3891/3891/5933 3745/3745/5933
f 3885/3885/5934 3884/3884/5934 3797/3797/5934
f 3741/3741/5935 3891/3891/5935 3742/3742/5935
f 3787/3787/5936 3786/3786/5936 5566/5566/5936
f 3727/3727/5937 5566/5566/5937 3786/3786/5937
f 5537/5537/5938 5539/5539/5938 5567/5567/5938
f 5567/5567/5938 5568/5568/5938 5537/5537/5938
f 3893/3893/5939 3767/3767/5939 3766/3766/5939
f 3766/3766/5939 3775/3775/5939 3893/3893/5939
f 3750/3750/5940 5569/5569/5940 3749/3749/5940
f 5570/5570/5941 5571/5571/5941 5572/5572/5941
f 5573/5573/5942 5571/5571/5942 5570/5570/5942
f 3893/3893/5943 5574/5574/5943 3767/3767/5943
f 3895/3895/5944 5574/5574/5944 3893/3893/5944
f 3894/3894/5945 5574/5574/5945 3895/3895/5945
f 3809/3809/5946 5571/5571/5946 3897/3897/5946
f 5572/5572/5947 5571/5571/5947 3809/3809/5947
f 3808/3808/5948 5570/5570/5948 5572/5572/5948
f 5531/5531/5949 5570/5570/5949 3808/3808/5949
f 5575/5575/5950 5570/5570/5950 5531/5531/5950
f 5573/5573/5951 5570/5570/5951 5575/5575/5951
f 3895/3895/5952 3893/3893/5952 3777/3777/5952
f 3777/3777/5952 3780/3780/5952 3895/3895/5952
f 3896/3896/5953 3895/3895/5953 3750/3750/5953
f 3750/3750/5953 3582/3582/5953 3896/3896/5953
f 3750/3750/5954 3895/3895/5954 3780/3780/5954
f 3938/3938/5955 3916/3916/5955 3936/3936/5955
f 3936/3936/5955 5576/5576/5955 3938/3938/5955
f 3886/3886/5956 3809/3809/5956 3897/3897/5956
f 3808/3808/5957 5572/5572/5957 3809/3809/5957
f 3678/3678/5958 3901/3901/5958 3903/3903/5958
f 3900/3900/5959 3899/3899/5959 3950/3950/5959
f 3931/3931/5960 3904/3904/5960 3907/3907/5960
f 3937/3937/5961 5512/5512/5961 3916/3916/5961
f 3912/3912/5962 3911/3911/5962 5577/5577/5962
f 5512/5512/5963 3914/3914/5963 3916/3916/5963
f 3672/3672/5964 3903/3903/5964 3941/3941/5964
f 3941/3941/5965 3903/3903/5965 3902/3902/5965
f 3924/3924/5966 3619/3619/5966 3621/3621/5966
f 3658/3658/5967 3664/3664/5967 3925/3925/5967
f 3934/3934/5968 3913/3913/5968 3910/3910/5968
f 3929/3929/5969 5578/5578/5969 5579/5579/5969
f 3662/3662/5970 3661/3661/5970 3927/3927/5970
f 3643/3643/5971 3930/3930/5971 3931/3931/5971
f 3904/3904/5972 5580/5580/5972 3905/3905/5972
f 3935/3935/5973 3910/3910/5973 3932/3932/5973
f 3933/3933/5974 3912/3912/5974 5581/5581/5974
f 3936/3936/5975 3915/3915/5975 3917/3917/5975
f 3936/3936/5976 3917/3917/5976 3919/3919/5976
f 3659/3659/5977 3658/3658/5977 3898/3898/5977
f 3971/3971/5978 3991/3991/5978 3983/3983/5978
f 3983/3983/5978 3972/3972/5978 3971/3971/5978
f 5576/5576/5979 3936/3936/5979 3919/3919/5979
f 3943/3943/5980 5582/5582/5980 5578/5578/5980
f 3932/3932/5981 3909/3909/5981 3912/3912/5981
f 3669/3669/5982 3939/3939/5982 3923/3923/5982
f 3652/3652/5983 3940/3940/5983 3649/3649/5983
f 5583/5583/5984 3929/3929/5984 5579/5579/5984
f 3947/3947/5985 5584/5584/5985 3940/3940/5985
f 3942/3942/5986 3902/3902/5986 3920/3920/5986
f 5505/5505/5987 3643/3643/5987 3931/3931/5987
f 3929/3929/5988 3943/3943/5988 5578/5578/5988
f 3647/3647/5989 3947/3947/5989 3652/3652/5989
f 3898/3898/5990 3925/3925/5990 3899/3899/5990
f 3920/3920/5991 3951/3951/5991 3921/3921/5991
f 5577/5577/5992 5585/5585/5992 5581/5581/5992
f 3905/3905/5993 5586/5586/5993 3906/3906/5993
f 3921/3921/5994 5587/5587/5994 3922/3922/5994
f 5588/5588/5995 5587/5587/5995 3921/3921/5995
f 3949/3949/5996 5589/5589/5996 3950/3950/5996
f 5577/5577/5997 5581/5581/5997 3912/3912/5997
f 5578/5578/5998 5590/5590/5998 5579/5579/5998
f 5591/5591/5999 5590/5590/5999 5578/5578/5999
f 5592/5592/6000 5593/5593/6000 3919/3919/6000
f 3621/3621/6001 5594/5594/6001 5595/5595/6001
f 3620/3620/6002 5594/5594/6002 3621/3621/6002
f 3650/3650/6003 5596/5596/6003 5597/5597/6003
f 3650/3650/6004 3952/3952/6004 5596/5596/6004
f 3954/3954/6005 3953/3953/6005 3966/3966/6005
f 3968/3968/6006 3967/3967/6006 3979/3979/6006
f 3957/3957/6007 3959/3959/6007 3958/3958/6007
f 3977/3977/6008 3965/3965/6008 5598/5598/6008
f 3963/3963/6009 3956/3956/6009 3958/3958/6009
f 3969/3969/6010 3964/3964/6010 3957/3957/6010
f 3966/3966/6011 3965/3965/6011 3977/3977/6011
f 3962/3962/6012 3960/3960/6012 3968/3968/6012
f 3982/3982/6013 3981/3981/6013 3986/3986/6013
f 3959/3959/6014 5599/5599/6014 5600/5600/6014
f 5601/5601/6015 3970/3970/6015 3972/3972/6015
f 4107/4107/6016 3996/3996/6016 4109/4109/6016
f 3967/3967/6017 3960/3960/6017 3975/3975/6017
f 3982/3982/6018 3986/3986/6018 3990/3990/6018
f 3967/3967/6019 3976/3976/6019 3980/3980/6019
f 3960/3960/6020 5600/5600/6020 3975/3975/6020
f 5601/5601/6021 3972/3972/6021 3982/3982/6021
f 3960/3960/6022 3959/3959/6022 5600/5600/6022
f 3954/3954/6023 3978/3978/6023 5602/5602/6023
f 4107/4107/6024 3997/3997/6024 3996/3996/6024
f 5603/5603/6025 3979/3979/6025 3980/3980/6025
f 3987/3987/6026 3977/3977/6026 5598/5598/6026
f 3983/3983/6027 4007/4007/6027 3984/3984/6027
f 3981/3981/6028 3972/3972/6028 3983/3983/6028
f 3981/3981/6029 3984/3984/6029 3985/3985/6029
f 4139/4139/6030 4140/4140/6030 5604/5604/6030
f 5604/5604/6030 5605/5605/6030 4139/4139/6030
f 3983/3983/6031 3991/3991/6031 4007/4007/6031
f 3986/3986/6032 3985/3985/6032 3990/3990/6032
f 3994/3994/6033 4003/4003/6033 3995/3995/6033
f 3989/3989/6034 3985/3985/6034 3998/3998/6034
f 4005/4005/6035 4000/4000/6035 4002/4002/6035
f 4007/4007/6036 4000/4000/6036 4005/4005/6036
f 3992/3992/6037 5606/5606/6037 3993/3993/6037
f 3984/3984/6038 4007/4007/6038 4005/4005/6038
f 4005/4005/6039 4002/4002/6039 3999/3999/6039
f 3991/3991/6040 3993/3993/6040 4000/4000/6040
f 4006/4006/6041 3993/3993/6041 5606/5606/6041
f 4000/4000/6042 3993/3993/6042 4006/4006/6042
f 3996/3996/6043 3995/3995/6043 4042/4042/6043
f 3996/3996/6044 4042/4042/6044 4109/4109/6044
f 3988/3988/6045 4008/4008/6045 5607/5607/6045
f 4015/4015/6046 3987/3987/6046 5598/5598/6046
f 4001/4001/6047 4006/4006/6047 4002/4002/6047
f 4004/4004/6048 4016/4016/6048 4017/4017/6048
f 4002/4002/6049 4014/4014/6049 4009/4009/6049
f 4011/4011/6050 4026/4026/6050 4019/4019/6050
f 4004/4004/6051 4018/4018/6051 4024/4024/6051
f 3999/3999/6052 4002/4002/6052 4009/4009/6052
f 4011/4011/6053 4020/4020/6053 4012/4012/6053
f 4023/4023/6054 4022/4022/6054 4025/4025/6054
f 4042/4042/6055 3995/3995/6055 4024/4024/6055
f 4018/4018/6056 4033/4033/6056 4027/4027/6056
f 4020/4020/6057 4034/4034/6057 4028/4028/6057
f 4022/4022/6058 4030/4030/6058 4029/4029/6058
f 4024/4024/6059 4027/4027/6059 4042/4042/6059
f 4017/4017/6060 5608/5608/6060 5609/5609/6060
f 5610/5610/6061 4012/4012/6061 4028/4028/6061
f 4019/4019/6062 4029/4029/6062 4020/4020/6062
f 4021/4021/6063 5611/5611/6063 4037/4037/6063
f 5609/5609/6064 4032/4032/6064 4018/4018/6064
f 4018/4018/6065 4017/4017/6065 5609/5609/6065
f 4021/4021/6066 4037/4037/6066 4022/4022/6066
f 4022/4022/6067 4037/4037/6067 4030/4030/6067
f 5611/5611/6068 4061/4061/6068 4037/4037/6068
f 4015/4015/6069 4056/4056/6069 5612/5612/6069
f 4033/4033/6070 4032/4032/6070 4035/4035/6070
f 4035/4035/6071 4048/4048/6071 4036/4036/6071
f 4031/4031/6072 4044/4044/6072 4034/4034/6072
f 4038/4038/6073 4037/4037/6073 4061/4061/6073
f 4033/4033/6074 4036/4036/6074 4027/4027/6074
f 4044/4044/6075 4049/4049/6075 4046/4046/6075
f 4040/4040/6076 4030/4030/6076 4038/4038/6076
f 4056/4056/6077 4015/4015/6077 5598/5598/6077
f 4031/4031/6078 4040/4040/6078 4044/4044/6078
f 4042/4042/6079 4041/4041/6079 4109/4109/6079
f 4052/4052/6080 4053/4053/6080 4074/4074/6080
f 4049/4049/6081 4054/4054/6081 5613/5613/6081
f 4051/4051/6082 4063/4063/6082 4059/4059/6082
f 4036/4036/6083 4058/4058/6083 4039/4039/6083
f 4050/4050/6084 5614/5614/6084 4051/4051/6084
f 4051/4051/6085 4060/4060/6085 4053/4053/6085
f 4038/4038/6086 4062/4062/6086 4054/4054/6086
f 4054/4054/6087 4062/4062/6087 5615/5615/6087
f 4057/4057/6088 4066/4066/6088 4065/4065/6088
f 4039/4039/6089 4058/4058/6089 5616/5616/6089
f 4039/4039/6090 5616/5616/6090 4071/4071/6090
f 4076/4076/6091 4056/4056/6091 5598/5598/6091
f 4053/4053/6092 4068/4068/6092 4072/4072/6092
f 4059/4059/6093 4070/4070/6093 4060/4060/6093
f 4041/4041/6094 4071/4071/6094 4109/4109/6094
f 4056/4056/6095 4076/4076/6095 4066/4066/6095
f 4078/4078/6096 4080/4080/6096 4079/4079/6096
f 4073/4073/6097 4072/4072/6097 4078/4078/6097
f 4066/4066/6098 4077/4077/6098 4085/4085/6098
f 4075/4075/6099 4073/4073/6099 4079/4079/6099
f 4072/4072/6100 4068/4068/6100 4082/4082/6100
f 4072/4072/6101 4082/4082/6101 4080/4080/6101
f 4071/4071/6102 5617/5617/6102 4106/4106/6102
f 4071/4071/6103 5616/5616/6103 5617/5617/6103
f 4070/4070/6104 4089/4089/6104 4082/4082/6104
f 4082/4082/6105 4089/4089/6105 4083/4083/6105
f 4085/4085/6106 4100/4100/6106 4088/4088/6106
f 4088/4088/6107 4100/4100/6107 4091/4091/6107
f 4094/4094/6108 4088/4088/6108 4092/4092/6108
f 4083/4083/6109 5618/5618/6109 4099/4099/6109
f 4077/4077/6110 4076/4076/6110 4100/4100/6110
f 4098/4098/6111 4097/4097/6111 4103/4103/6111
f 4096/4096/6112 4105/4105/6112 4097/4097/6112
f 4100/4100/6113 3953/3953/6113 4091/4091/6113
f 4091/4091/6114 3953/3953/6114 3955/3955/6114
f 4103/4103/6115 3968/3968/6115 3979/3979/6115
f 4097/4097/6116 4105/4105/6116 3956/3956/6116
f 5603/5603/6117 4102/4102/6117 3979/3979/6117
f 3965/3965/6118 4076/4076/6118 5598/5598/6118
f 4092/4092/6119 3955/3955/6119 3961/3961/6119
f 4103/4103/6120 4097/4097/6120 3962/3962/6120
f 4105/4105/6121 3969/3969/6121 3956/3956/6121
f 4245/4245/6122 5619/5619/6122 4121/4121/6122
f 5619/5619/6123 4120/4120/6123 4121/4121/6123
f 4115/4115/6124 4114/4114/6124 4117/4117/6124
f 4112/4112/6125 4118/4118/6125 4110/4110/6125
f 4187/4187/6126 5620/5620/6126 5621/5621/6126
f 4187/4187/6127 4143/4143/6127 5620/5620/6127
f 5622/5622/6128 4113/4113/6128 4115/4115/6128
f 4114/4114/6129 5623/5623/6129 4122/4122/6129
f 4120/4120/6130 5622/5622/6130 4115/4115/6130
f 4126/4126/6131 4125/4125/6131 5624/5624/6131
f 4127/4127/6132 5625/5625/6132 4131/4131/6132
f 4133/4133/6133 4161/4161/6133 4260/4260/6133
f 4111/4111/6134 4133/4133/6134 4260/4260/6134
f 4120/4120/6135 4135/4135/6135 5622/5622/6135
f 5626/5626/6136 4124/4124/6136 4126/4126/6136
f 4129/4129/6137 4125/4125/6137 5605/5605/6137
f 4125/4125/6138 4139/4139/6138 5605/5605/6138
f 4113/4113/6139 5627/5627/6139 4114/4114/6139
f 4131/4131/6140 4133/4133/6140 4110/4110/6140
f 4110/4110/6141 4133/4133/6141 4111/4111/6141
f 4136/4136/6142 4135/4135/6142 4120/4120/6142
f 5619/5619/6143 4136/4136/6143 4120/4120/6143
f 4127/4127/6144 4131/4131/6144 4118/4118/6144
f 4143/4143/6145 4145/4145/6145 5620/5620/6145
f 4125/4125/6146 4137/4137/6146 4139/4139/6146
f 5628/5628/6147 4132/4132/6147 4131/4131/6147
f 4143/4143/6148 4157/4157/6148 4144/4144/6148
f 4260/4260/6149 4161/4161/6149 4162/4162/6149
f 4177/4177/6150 4179/4179/6150 4181/4181/6150
f 4181/4181/6150 4180/4180/6150 4177/4177/6150
f 4157/4157/6151 4143/4143/6151 4187/4187/6151
f 4147/4147/6152 4161/4161/6152 4133/4133/6152
f 5626/5626/6153 5629/5629/6153 4124/4124/6153
f 5629/5629/6154 4152/4152/6154 4124/4124/6154
f 4152/4152/6155 4137/4137/6155 4124/4124/6155
f 4139/4139/6156 4138/4138/6156 4146/4146/6156
f 4153/4153/6157 4175/4175/6157 4159/4159/6157
f 4158/4158/6158 5630/5630/6158 5631/5631/6158
f 5629/5629/6159 5632/5632/6159 4152/4152/6159
f 4151/4151/6160 4175/4175/6160 4153/4153/6160
f 4138/4138/6161 4151/4151/6161 4153/4153/6161
f 4156/4156/6162 5633/5633/6162 4141/4141/6162
f 4156/4156/6163 5634/5634/6163 5633/5633/6163
f 4137/4137/6164 4152/4152/6164 4151/4151/6164
f 4156/4156/6165 4159/4159/6165 5634/5634/6165
f 4153/4153/6166 4156/4156/6166 4146/4146/6166
f 4147/4147/6167 4155/4155/6167 4160/4160/6167
f 5635/5635/6168 4163/4163/6168 4150/4150/6168
f 4151/4151/6169 4150/4150/6169 4164/4164/6169
f 4165/4165/6170 4170/4170/6170 4166/4166/6170
f 4176/4176/6171 4157/4157/6171 4187/4187/6171
f 4164/4164/6172 4159/4159/6172 4175/4175/6172
f 4177/4177/6173 4180/4180/6173 5630/5630/6173
f 4158/4158/6174 4177/4177/6174 5630/5630/6174
f 4163/4163/6175 5636/5636/6175 4164/4164/6175
f 4167/4167/6176 4171/4171/6176 4173/4173/6176
f 4167/4167/6177 4166/4166/6177 4171/4171/6177
f 4179/4179/6178 4195/4195/6178 4181/4181/6178
f 4203/4203/6179 4178/4178/6179 4166/4166/6179
f 4166/4166/6179 4170/4170/6179 4203/4203/6179
f 4183/4183/6180 4203/4203/6180 4184/4184/6180
f 4170/4170/6181 4184/4184/6181 4203/4203/6181
f 4178/4178/6182 4190/4190/6182 4171/4171/6182
f 4160/4160/6183 5637/5637/6183 4162/4162/6183
f 5638/5638/6184 4213/4213/6184 4199/4199/6184
f 4199/4199/6184 4198/4198/6184 5638/5638/6184
f 2/2/6185 39/39/6185 5639/5639/6185
f 5639/5639/6185 5640/5640/6185 2/2/6185
f 4174/4174/6186 4191/4191/6186 4188/4188/6186
f 4190/4190/6187 4174/4174/6187 4171/4171/6187
f 4183/4183/6188 4197/4197/6188 4203/4203/6188
f 4201/4201/6189 4193/4193/6189 4195/4195/6189
f 4179/4179/6190 4201/4201/6190 4195/4195/6190
f 5641/5641/6191 4198/4198/6191 4196/4196/6191
f 4183/4183/6192 5641/5641/6192 4196/4196/6192
f 4181/4181/6193 4195/4195/6193 4202/4202/6193
f 4197/4197/6194 4198/4198/6194 4199/4199/6194
f 4186/4186/6195 4223/4223/6195 4204/4204/6195
f 5642/5642/6196 4207/4207/6196 4209/4209/6196
f 4209/4209/6196 5643/5643/6196 5642/5642/6196
f 4223/4223/6197 4186/4186/6197 4187/4187/6197
f 5637/5637/6198 4215/4215/6198 4162/4162/6198
f 4219/4219/6199 5644/5644/6199 4193/4193/6199
f 4200/4200/6200 4212/4212/6200 4191/4191/6200
f 4201/4201/6201 4204/4204/6201 4219/4219/6201
f 4201/4201/6202 4219/4219/6202 4193/4193/6202
f 4230/4230/6203 4234/4234/6203 4220/4220/6203
f 4220/4220/6203 4224/4224/6203 4230/4230/6203
f 4207/4207/6204 4210/4210/6204 4209/4209/6204
f 4200/4200/6205 4213/4213/6205 4212/4212/6205
f 4218/4218/6206 4236/4236/6206 4219/4219/6206
f 4221/4221/6207 5645/5645/6207 4222/4222/6207
f 4221/4221/6208 4238/4238/6208 5645/5645/6208
f 4207/4207/6209 4224/4224/6209 4220/4220/6209
f 4221/4221/6210 4225/4225/6210 4238/4238/6210
f 4210/4210/6211 4220/4220/6211 4225/4225/6211
f 4220/4220/6212 4234/4234/6212 4225/4225/6212
f 4239/4239/6213 4223/4223/6213 4187/4187/6213
f 5646/5646/6214 4229/4229/6214 4231/4231/6214
f 4224/4224/6215 4231/4231/6215 4230/4230/6215
f 4234/4234/6216 4233/4233/6216 4225/4225/6216
f 4238/4238/6217 5647/5647/6217 5645/5645/6217
f 4238/4238/6218 5648/5648/6218 5647/5647/6218
f 4217/4217/6219 4244/4244/6219 4228/4228/6219
f 4218/4218/6220 4240/4240/6220 4235/4235/6220
f 4238/4238/6221 4237/4237/6221 5648/5648/6221
f 4229/4229/6222 4241/4241/6222 4230/4230/6222
f 4237/4237/6223 4253/4253/6223 5649/5649/6223
f 4252/4252/6224 4237/4237/6224 4233/4233/6224
f 4228/4228/6225 4260/4260/6225 4226/4226/6225
f 5650/5650/6226 4246/4246/6226 4251/4251/6226
f 4252/4252/6227 5651/5651/6227 4253/4253/6227
f 4244/4244/6228 4243/4243/6228 4255/4255/6228
f 4245/4245/6229 4254/4254/6229 4246/4246/6229
f 4249/4249/6230 4258/4258/6230 4256/4256/6230
f 4255/4255/6231 4112/4112/6231 4111/4111/6231
f 4258/4258/6232 4257/4257/6232 4123/4123/6232
f 4243/4243/6233 4119/4119/6233 4112/4112/6233
f 4187/4187/6234 5621/5621/6234 4239/4239/6234
f 4226/4226/6235 4260/4260/6235 4162/4162/6235
f 4116/4116/6236 4117/4117/6236 4257/4257/6236
f 4261/4261/6237 4123/4123/6237 4122/4122/6237
f 4255/4255/6238 4260/4260/6238 4228/4228/6238
f 4121/4121/6239 4116/4116/6239 4257/4257/6239
# Vertices: 5651, normals: 6239, texture coordinates: 5651, faces: 6896

